game_id;team;week;season;def_tackles_solo;def_tackles_with_assist;def_tackle_assists;def_tackles_for_loss;def_tackles_for_loss_yards;def_fumbles_forced;def_sacks;def_sack_yards;def_qb_hits;def_interceptions;def_interception_yards;def_pass_defended;def_tds;def_safeties;fumble_recovery_opp;opp_score;ff_points_interceptions;ff_points_tds;ff_points_sacks;ff_points_safeties;ff_points_fumble_recovery_opp;ff_points_opp_score
2023_11_MIN_DEN;MIN;11;2023;30;7;21;5;15;1;2,0;10,0;7;0;0;2;0;0;0;21;0;0;2,0;0;0;1
2023_01_ARI_WAS;ARI;1;2023;38;6;28;6;26;2;6,0;46,0;6;1;1;7;0;0;2;20;2;0;6,0;0;4;4
2024_08_NO_LAC;NO;8;2024;45;1;15;6;49;1;3,0;23,0;7;0;0;4;0;1;0;26;0;0;3,0;2;0;1
2025_04_BAL_KC;KC;4;2025;41;1;11;3;6;0;2,0;5,0;8;1;0;4;0;0;1;20;2;0;2,0;0;2;4
2025_02_SEA_PIT;PIT;2;2025;44;3;25;6;28;0;2,0;17,0;8;2;43;6;0;0;0;31;4;0;2,0;0;0;-1
2024_11_CLE_NO;NO;11;2024;31;1;43;5;31;0;3,0;18,0;5;0;0;5;0;0;0;14;0;0;3,0;0;0;4
2025_05_DEN_PHI;DEN;5;2025;35;0;16;5;21;0;6,0;23,0;8;0;0;9;0;0;0;17;0;0;6,0;0;0;4
2024_09_NE_TEN;TEN;9;2024;33;6;30;9;26;1;4,0;21,0;9;2;19;7;0;0;1;17;4;0;4,0;0;2;4
2024_04_NE_SF;SF;4;2024;36;4;26;7;30;4;6,0;25,0;10;1;45;5;1;0;2;13;2;6;6,0;0;4;7
2024_15_MIA_HOU;MIA;15;2024;35;1;15;6;29;1;4,0;27,0;6;0;0;1;0;0;1;20;0;0;4,0;0;2;4
2024_11_CLE_NO;CLE;11;2024;29;2;34;5;13;2;1,0;7,0;2;1;0;3;0;0;1;35;2;0;1,0;0;2;-4
2023_05_CIN_ARI;ARI;5;2023;45;18;28;7;41;1;3,0;30,0;4;1;2;1;0;0;0;34;2;0;3,0;0;0;-1
2023_02_SEA_DET;DET;2;2023;45;5;19;1;17;0;1,0;17,0;1;0;0;2;0;0;0;37;0;0;1,0;0;0;-4
2025_18_MIA_NE;NE;18;2025;32;2;28;10;45;2;4,0;20,0;9;1;0;4;0;0;1;10;2;0;4,0;0;2;7
2022_14_MIN_DET;DET;14;2022;38;8;16;6;33;2;4,0;31,0;9;0;0;5;0;0;2;23;0;0;4,0;0;4;1
2023_07_JAX_NO;JAX;7;2023;44;3;31;2;3;1;1,0;6,0;7;1;24;9;1;0;0;24;2;6;1,0;0;0;1
2024_01_NE_CIN;NE;1;2024;29;3;23;3;6;3;3,0;10,0;4;0;0;3;0;0;2;10;0;0;3,0;0;4;7
2024_05_IND_JAX;JAX;5;2024;41;8;24;5;36;1;4,0;35,0;5;0;0;4;0;0;1;34;0;0;4,0;0;2;-1
2023_17_ARI_PHI;PHI;17;2023;43;6;40;3;6;1;1,0;4,0;3;1;99;2;1;0;0;35;2;6;1,0;0;0;-4
2025_12_NYG_DET;NYG;12;2025;39;2;28;6;33;0;3,0;22,0;7;1;3;4;0;0;0;34;2;0;3,0;0;0;-1
2025_08_MIA_ATL;ATL;8;2025;38;2;42;5;16;0;1,0;8,0;2;0;0;3;0;0;0;34;0;0;1,0;0;0;-1
2022_10_LAC_SF;SF;10;2022;30;5;19;4;9;1;3,0;9,0;9;1;6;7;0;0;0;16;2;0;3,0;0;0;4
2024_09_MIA_BUF;BUF;9;2024;40;6;26;5;35;1;1,0;7,0;2;0;0;1;0;0;1;27;0;0;1,0;0;2;1
2023_16_BUF_LAC;LAC;16;2023;33;5;21;2;4;3;1,0;7,0;2;1;0;2;0;0;2;24;2;0;1,0;0;4;1
2024_15_BUF_DET;DET;15;2024;36;3;33;3;4;0;0,0;0,0;3;0;0;5;0;0;0;48;0;0;0,0;0;0;-4
2022_02_CHI_GB;CHI;2;2022;38;10;30;8;30;0;3,0;23,0;4;0;0;1;0;0;1;27;0;0;3,0;0;2;1
2022_01_NE_MIA;MIA;1;2022;29;10;24;4;16;2;2,0;20,0;3;1;31;6;0;0;2;7;2;0;2,0;0;4;7
2024_06_BUF_NYJ;BUF;6;2024;32;8;22;5;22;1;3,0;22,0;5;1;0;8;0;0;0;20;2;0;3,0;0;0;4
2025_08_TB_NO;NO;8;2025;34;0;32;2;17;2;3,0;28,0;4;0;0;4;0;0;1;23;0;0;3,0;0;2;1
2022_12_GB_PHI;PHI;12;2022;29;3;21;4;16;0;3,0;17,0;5;2;4;4;0;0;0;33;4;0;3,0;0;0;-1
2026_02_NO_BAL;NO;2;2026;35;0;22;4;23;0;3,0;31,0;6;1;2;3;0;0;0;17;2;0;3,0;0;0;4
2022_17_JAX_HOU;HOU;17;2022;38;11;19;7;32;0;2,0;13,0;3;2;1;2;0;0;0;31;4;0;2,0;0;0;-1
2024_02_NYJ_TEN;NYJ;2;2024;42;9;17;6;24;1;4,0;22,0;6;1;0;5;0;0;1;17;2;0;4,0;0;2;4
2025_16_MIN_NYG;MIN;16;2025;29;1;37;6;23;0;5,0;20,0;6;1;15;4;0;0;0;13;2;0;5,0;0;0;7
2023_16_DET_MIN;DET;16;2023;30;1;15;3;22;2;4,0;38,0;11;4;33;8;0;0;0;24;8;0;4,0;0;0;1
2023_16_SEA_TEN;SEA;16;2023;43;8;18;9;47;1;6,0;39,0;8;0;0;4;0;0;0;17;0;0;6,0;0;0;4
2022_10_DET_CHI;DET;10;2022;39;8;16;3;17;1;3,0;17,0;4;1;20;4;1;0;0;30;2;6;3,0;0;0;-1
2025_16_SF_IND;IND;16;2025;44;2;20;3;3;1;1,0;0,0;1;1;8;5;0;0;0;48;2;0;1,0;0;0;-4
2022_17_CAR_TB;CAR;17;2022;41;5;33;6;31;1;3,0;21,0;8;0;0;1;0;0;1;30;0;0;3,0;0;2;-1
2022_10_MIN_BUF;BUF;10;2022;48;3;21;9;33;1;4,0;23,0;10;2;46;9;0;0;0;33;4;0;4,0;0;0;-1
2023_14_HOU_NYJ;HOU;14;2023;44;4;16;8;47;1;4,0;33,0;9;0;0;3;0;0;1;30;0;0;4,0;0;2;-1
2022_18_DET_GB;DET;18;2022;39;4;26;3;18;1;2,0;17,0;7;1;23;2;0;0;1;16;2;0;2,0;0;2;4
2022_08_CIN_CLE;CIN;8;2022;36;9;39;1;1;1;2,0;10,0;7;1;10;1;0;0;1;32;2;0;2,0;0;2;-1
2024_11_CIN_LAC;LAC;11;2024;41;0;34;5;19;0;3,0;14,0;14;0;0;10;0;0;0;27;0;0;3,0;0;0;1
2022_04_CHI_NYG;CHI;4;2022;35;9;33;1;11;2;1,0;11,0;2;1;-3;1;0;0;1;20;2;0;1,0;0;2;4
2022_09_MIA_CHI;MIA;9;2022;39;8;26;3;8;0;2,0;7,0;2;0;0;1;0;0;0;32;0;0;2,0;0;0;-1
2025_08_MIN_LAC;MIN;8;2025;46;1;33;10;30;0;2,0;15,0;8;1;0;2;0;0;0;37;2;0;2,0;0;0;-4
2025_16_PIT_DET;PIT;16;2025;38;1;27;7;27;1;3,0;18,0;9;0;0;6;0;1;0;24;0;0;3,0;2;0;1
2023_10_DEN_BUF;BUF;10;2023;48;9;29;3;12;1;4,0;15,0;8;0;0;0;0;0;1;24;0;0;4,0;0;2;1
2026_01_DAL_NYG;NYG;1;2026;37;1;11;1;5;0;0,0;0,0;3;1;0;3;0;0;0;20;2;0;0,0;0;0;4
2025_15_LAC_KC;LAC;15;2025;33;3;33;9;31;0;5,0;21,0;9;2;0;5;0;0;0;13;4;0;5,0;0;0;7
2024_01_ARI_BUF;ARI;1;2024;29;14;28;5;18;1;2,0;10,0;3;0;0;2;0;0;1;34;0;0;2,0;0;2;-1
2025_12_JAX_ARI;JAX;12;2025;50;2;30;11;42;1;6,0;44,0;15;0;0;5;0;0;0;24;0;0;6,0;0;0;1
2025_18_KC_LV;LV;18;2025;45;1;17;7;62;3;8,0;62,0;14;0;0;5;0;1;2;12;0;0;8,0;2;4;7
2023_19_CLE_HOU;HOU;19;2023;38;12;24;9;52;0;4,0;39,0;7;2;118;5;2;0;0;14;4;12;4,0;0;0;4
2022_13_NYJ_MIN;MIN;13;2022;41;9;23;1;3;0;1,0;3,0;8;2;14;13;0;0;0;22;4;0;1,0;0;0;1
2023_02_SF_LA;LA;2;2023;26;7;31;0;0;1;1,0;0,0;3;0;0;1;0;0;0;30;0;0;1,0;0;0;-1
2023_07_MIA_PHI;PHI;7;2023;34;3;11;7;30;0;4,0;17,0;6;1;16;3;0;0;0;17;2;0;4,0;0;0;4
2023_11_DAL_CAR;CAR;11;2023;36;2;22;3;9;0;0,0;0,0;4;0;0;8;0;0;0;33;0;0;0,0;0;0;-1
2024_13_ARI_MIN;MIN;13;2024;44;5;33;5;17;1;1,0;8,0;3;2;0;7;0;0;0;22;4;0;1,0;0;0;1
2022_13_NYJ_MIN;NYJ;13;2022;34;7;21;6;24;0;2,0;14,0;9;0;0;5;0;0;0;27;0;0;2,0;0;0;1
2022_14_KC_DEN;DEN;14;2022;37;3;27;5;16;0;2,0;10,0;5;3;21;5;0;0;0;34;6;0;2,0;0;0;-1
2024_05_NO_KC;KC;5;2024;27;4;20;3;13;0;1,0;8,0;9;1;0;4;0;0;0;13;2;0;1,0;0;0;7
2025_04_CAR_NE;NE;4;2025;41;2;32;5;16;1;1,0;11,0;4;0;0;2;0;0;0;13;0;0;1,0;0;0;7
2023_19_GB_DAL;GB;19;2023;53;6;30;4;17;0;4,0;16,0;9;2;64;6;1;0;0;32;4;6;4,0;0;0;-1
2025_01_DET_GB;DET;1;2025;32;2;18;2;2;0;0,0;0,0;2;0;0;1;0;0;0;27;0;0;0,0;0;0;1
2024_02_SEA_NE;SEA;2;2024;32;10;34;5;22;1;3,0;24,0;8;0;0;2;0;0;0;20;0;0;3,0;0;0;4
2023_16_WAS_NYJ;WAS;16;2023;43;8;36;1;1;0;0,0;0,0;4;1;52;8;0;0;1;30;2;0;0,0;0;2;-1
2024_15_BUF_DET;BUF;15;2024;37;3;25;4;23;2;3,0;21,0;10;0;0;4;0;0;1;42;0;0;3,0;0;2;-4
2024_18_KC_DEN;KC;18;2024;44;3;33;4;13;0;0,0;0,0;0;0;0;2;0;0;0;38;0;0;0,0;0;0;-4
2022_02_WAS_DET;DET;2;2022;42;12;26;4;25;1;5,0;29,0;11;1;0;2;0;1;0;27;2;0;5,0;2;0;1
2025_18_TEN_JAX;JAX;18;2025;27;1;27;5;16;0;1,0;7,0;5;1;58;4;1;0;0;7;2;6;1,0;0;0;7
2026_02_LV_LAC;LV;2;2026;35;0;30;2;10;4;3,0;9,0;9;2;29;3;0;1;1;14;4;0;3,0;2;2;4
2023_06_DET_TB;TB;6;2023;37;11;29;4;19;1;3,0;13,0;3;0;0;3;0;0;0;20;0;0;3,0;0;0;4
2022_12_HOU_MIA;HOU;12;2022;42;6;14;6;33;0;5,0;32,0;6;0;0;3;0;0;1;30;0;0;5,0;0;2;-1
2024_04_JAX_HOU;JAX;4;2024;41;7;19;4;15;0;2,0;11,0;6;0;0;5;0;0;1;24;0;0;2,0;0;2;1
2022_01_KC_ARI;KC;1;2022;38;3;15;4;27;1;3,0;26,0;6;0;0;7;0;0;0;21;0;0;3,0;0;0;1
2025_04_TEN_HOU;HOU;4;2025;26;0;20;6;23;0;2,0;15,0;7;1;20;7;0;0;0;0;2;0;2,0;0;0;10
2024_18_HOU_TEN;HOU;18;2024;43;1;13;6;31;0;2,0;16,0;5;0;0;5;0;0;1;14;0;0;2,0;0;2;4
2023_02_KC_JAX;KC;2;2023;34;2;24;3;13;1;4,0;18,0;7;0;0;6;0;0;1;9;0;0;4,0;0;2;7
2022_03_CIN_NYJ;NYJ;3;2022;36;8;20;6;27;1;2,0;14,0;9;0;0;4;0;0;1;27;0;0;2,0;0;2;1
2022_17_MIA_NE;NE;17;2022;38;10;24;3;22;0;2,0;18,0;7;2;41;5;1;0;0;21;4;6;2,0;0;0;1
2023_18_CHI_GB;GB;18;2023;32;8;18;10;43;0;5,0;31,0;5;0;0;3;0;0;0;9;0;0;5,0;0;0;7
2026_02_IND_KC;IND;2;2026;43;0;50;4;14;0;2,0;11,0;4;0;0;4;0;0;0;33;0;0;2,0;0;0;-1
2023_02_BAL_CIN;BAL;2;2023;27;7;19;1;6;0;1,0;6,0;5;1;36;6;0;0;0;24;2;0;1,0;0;0;1
2025_03_NO_SEA;SEA;3;2025;51;2;24;4;13;0;2,0;13,0;8;1;0;7;0;0;0;13;2;0;2,0;0;0;7
2024_05_CLE_WAS;WAS;5;2024;39;9;25;7;34;1;7,0;33,0;11;0;0;6;0;0;1;13;0;0;7,0;0;2;7
2023_06_DET_TB;DET;6;2023;26;8;16;2;3;0;1,0;1,0;4;1;0;9;0;0;0;6;2;0;1,0;0;0;10
2025_19_LA_CAR;CAR;19;2025;40;1;27;2;10;0;1,0;9,0;6;1;0;8;0;0;0;34;2;0;1,0;0;0;-1
2023_19_PHI_TB;TB;19;2023;35;2;12;5;20;1;3,0;16,0;6;0;0;5;0;1;0;9;0;0;3,0;2;0;7
2025_05_HOU_BAL;HOU;5;2025;28;1;27;3;20;0;1,0;16,0;2;3;20;4;0;0;0;10;6;0;1,0;0;0;7
2025_14_SEA_ATL;SEA;14;2025;36;1;33;3;11;1;1,0;8,0;7;2;3;10;0;0;1;9;4;0;1,0;0;2;7
2025_15_IND_SEA;IND;15;2025;39;1;21;5;15;1;1,0;7,0;5;0;0;1;0;0;0;18;0;0;1,0;0;0;4
2025_14_DEN_LV;DEN;14;2025;27;0;22;5;25;0;4,0;24,0;7;0;0;1;0;0;0;17;0;0;4,0;0;0;4
2025_07_WAS_DAL;WAS;7;2025;30;3;37;3;5;0;1,0;7,0;5;0;0;7;0;1;0;44;0;0;1,0;2;0;-4
2022_10_DEN_TEN;TEN;10;2022;36;11;25;6;33;1;6,0;38,0;18;1;1;7;0;0;0;10;2;0;6,0;0;0;7
2024_02_ATL_PHI;ATL;2;2024;43;5;29;4;12;0;1,0;4,0;5;1;0;5;0;0;0;21;2;0;1,0;0;0;1
2023_01_BUF_NYJ;BUF;1;2023;28;12;24;6;33;1;3,0;23,0;8;1;13;2;0;0;0;22;2;0;3,0;0;0;1
2023_17_LV_IND;IND;17;2023;33;9;31;3;16;0;2,0;13,0;6;0;0;6;0;0;0;20;0;0;2,0;0;0;4
2023_08_LA_DAL;DAL;8;2023;33;8;14;5;21;0;2,0;16,0;5;1;30;5;1;1;0;20;2;6;2,0;2;0;4
2022_07_GB_WAS;WAS;7;2022;20;2;24;2;11;0;0,0;0,0;1;0;0;3;0;0;1;21;0;0;0,0;0;2;1
2022_14_BAL_PIT;BAL;14;2022;36;5;13;2;12;0;2,0;12,0;5;3;19;6;0;0;0;14;6;0;2,0;0;0;4
2023_09_SEA_BAL;BAL;9;2023;29;2;8;4;28;1;4,0;34,0;4;1;0;7;0;0;1;3;2;0;4,0;0;2;10
2024_10_DEN_KC;DEN;10;2024;39;2;30;5;26;0;4,0;23,0;9;0;0;2;0;0;0;16;0;0;4,0;0;0;4
2024_05_GB_LA;GB;5;2024;33;10;42;4;28;1;3,0;24,0;10;1;28;5;0;0;1;19;2;0;3,0;0;2;4
2025_16_LV_HOU;HOU;16;2025;30;2;40;4;34;1;3,0;31,0;2;1;31;4;1;0;0;21;2;6;3,0;0;0;1
2024_12_BAL_LAC;LAC;12;2024;29;3;33;4;8;0;1,0;0,0;2;0;0;2;0;0;0;30;0;0;1,0;0;0;-1
2024_12_DET_IND;DET;12;2024;26;3;13;1;1;1;0,0;0,0;6;0;0;2;0;0;0;6;0;0;0,0;0;0;10
2025_03_ATL_CAR;ATL;3;2025;34;2;24;4;10;0;1,0;7,0;3;0;0;2;0;0;1;30;0;0;1,0;0;2;-1
2024_09_DAL_ATL;ATL;9;2024;41;4;26;5;17;0;3,0;7,0;8;0;0;4;0;0;0;21;0;0;3,0;0;0;1
2024_05_ARI_SF;SF;5;2024;28;10;28;4;11;1;1,0;6,0;2;1;30;7;0;0;0;24;2;0;1,0;0;0;1
2025_19_HOU_PIT;PIT;19;2025;35;0;44;3;7;2;3,0;6,0;3;1;0;6;0;0;2;30;2;0;3,0;0;4;-1
2023_01_CAR_ATL;ATL;1;2023;30;7;41;3;16;1;2,0;19,0;8;2;3;4;0;0;1;10;4;0;2,0;0;2;7
2022_08_BAL_TB;TB;8;2022;47;7;25;7;26;0;3,0;16,0;3;0;0;3;0;0;0;27;0;0;3,0;0;0;1
2022_16_GB_MIA;GB;16;2022;26;9;19;1;6;2;2,0;16,0;6;3;42;6;0;0;1;20;6;0;2,0;0;2;4
2026_02_WAS_DAL;DAL;2;2026;47;0;26;3;20;2;0,0;0,0;6;0;0;4;0;0;1;20;0;0;0,0;0;2;4
2023_06_BAL_TEN;BAL;6;2023;28;4;18;7;47;0;6,0;46,0;10;1;24;4;0;0;1;16;2;0;6,0;0;2;4
2024_09_IND_MIN;MIN;9;2024;24;4;22;4;24;0;3,0;20,0;7;1;0;5;0;0;1;13;2;0;3,0;0;2;7
2025_01_ARI_NO;ARI;1;2025;36;2;36;3;10;0;1,0;6,0;2;0;0;10;0;0;0;13;0;0;1,0;0;0;7
2022_13_BUF_NE;NE;13;2022;41;7;27;3;6;1;2,0;0,0;6;0;0;3;0;0;1;24;0;0;2,0;0;2;1
2022_16_TB_ARI;ARI;16;2022;39;21;33;2;3;0;0,0;0,0;4;2;39;7;0;0;0;19;4;0;0,0;0;0;4
2024_06_CLE_PHI;PHI;6;2024;30;7;29;4;11;0;5,0;24,0;10;0;0;2;0;0;0;16;0;0;5,0;0;0;4
2025_05_MIA_CAR;MIA;5;2025;33;3;37;3;20;1;3,0;19,0;8;1;7;2;0;0;1;27;2;0;3,0;0;2;1
2024_04_SEA_DET;DET;4;2024;48;2;18;5;18;1;3,0;12,0;9;1;0;9;0;0;1;29;2;0;3,0;0;2;-1
2025_14_PHI_LAC;PHI;14;2025;49;0;36;7;33;3;7,0;33,0;11;1;1;5;0;0;2;22;2;0;7,0;0;4;1
2025_03_LA_PHI;LA;3;2025;36;2;28;7;38;1;4,0;24,0;4;0;0;6;0;0;1;33;0;0;4,0;0;2;-1
2023_18_CLE_CIN;CLE;18;2023;40;12;20;4;25;1;3,0;31,0;5;1;2;5;0;0;0;31;2;0;3,0;0;0;-1
2025_01_CIN_CLE;CIN;1;2025;36;8;42;4;16;0;2,0;12,0;5;2;9;6;0;0;0;16;4;0;2,0;0;0;4
2022_03_BAL_NE;BAL;3;2022;45;3;17;5;26;2;3,0;19,0;4;3;8;6;0;0;1;26;6;0;3,0;0;2;1
2024_17_DEN_CIN;CIN;17;2024;37;1;27;5;15;2;2,0;13,0;4;1;2;2;0;0;0;24;2;0;2,0;0;0;1
2022_12_NO_SF;NO;12;2022;33;13;29;2;4;0;1,0;1,0;6;0;0;4;0;0;0;13;0;0;1,0;0;0;7
2025_03_NYJ_TB;NYJ;3;2025;39;3;37;7;21;1;1,0;8,0;2;0;0;2;0;0;0;29;0;0;1,0;0;0;-1
2025_04_LAC_NYG;NYG;4;2025;34;1;17;4;22;0;2,0;17,0;12;2;93;7;0;0;0;18;4;0;2,0;0;0;4
2024_14_NO_NYG;NO;14;2024;42;2;18;2;14;0;2,0;14,0;13;1;0;14;0;0;0;11;2;0;2,0;0;0;7
2022_16_GB_MIA;MIA;16;2022;46;4;12;5;27;0;2,0;16,0;3;1;0;7;0;0;0;26;2;0;2,0;0;0;1
2022_17_ARI_ATL;ARI;17;2022;36;7;21;2;8;0;1,0;3,0;3;0;0;3;0;0;1;20;0;0;1,0;0;2;4
2023_19_PIT_BUF;PIT;19;2023;37;2;30;5;22;0;2,0;14,0;3;0;0;2;0;0;0;31;0;0;2,0;0;0;-1
2023_15_DAL_BUF;DAL;15;2023;35;6;34;2;13;1;1,0;9,0;4;0;0;2;0;0;0;31;0;0;1,0;0;0;-1
2022_15_KC_HOU;HOU;15;2022;55;8;26;6;31;2;2,0;23,0;3;0;0;2;0;0;2;30;0;0;2,0;0;4;-1
2024_16_LA_NYJ;NYJ;16;2024;25;7;27;2;4;0;0,0;0,0;1;1;0;3;0;0;0;19;2;0;0,0;0;0;4
2025_16_MIN_NYG;NYG;16;2025;34;0;28;7;37;1;4,0;34,0;9;1;0;5;0;0;1;16;2;0;4,0;0;2;4
2023_08_CHI_LAC;CHI;8;2023;44;7;15;4;6;1;0,0;0,0;2;0;0;3;0;0;1;30;0;0;0,0;0;2;-1
2022_12_BAL_JAX;JAX;12;2022;33;9;29;4;7;3;1,0;1,0;3;0;0;3;0;0;2;27;0;0;1,0;0;4;1
2023_09_MIN_ATL;ATL;9;2023;36;15;31;5;20;2;4,0;19,0;4;0;0;6;0;1;2;31;0;0;4,0;2;4;-1
2022_01_TB_DAL;TB;1;2022;39;3;15;7;37;0;4,0;25,0;8;1;15;6;0;0;0;3;2;0;4,0;0;0;10
2025_03_CIN_MIN;CIN;3;2025;40;1;31;3;10;1;3,0;19,0;5;0;0;1;0;0;0;48;0;0;3,0;0;0;-4
2024_03_SF_LA;LA;3;2024;28;11;43;4;10;2;1,0;4,0;3;0;0;2;0;0;1;24;0;0;1,0;0;2;1
2026_02_MIA_SF;SF;2;2026;28;0;48;5;16;1;4,0;15,0;5;0;0;2;0;0;0;13;0;0;4,0;0;0;7
2023_15_LAC_LV;LV;15;2023;41;4;30;3;12;5;3,0;23,0;6;1;16;4;1;0;4;21;2;6;3,0;0;8;1
2024_10_SF_TB;TB;10;2024;31;7;29;4;19;1;3,0;15,0;7;0;0;3;0;0;1;23;0;0;3,0;0;2;1
2023_04_PIT_HOU;HOU;4;2023;29;10;28;5;30;2;3,0;21,0;6;1;33;5;0;0;0;6;2;0;3,0;0;0;10
2023_16_JAX_TB;JAX;16;2023;46;5;21;6;31;0;2,0;18,0;4;0;0;5;0;0;0;30;0;0;2,0;0;0;-1
2022_01_NO_ATL;ATL;1;2022;28;5;27;4;33;1;4,0;35,0;8;0;0;2;0;0;1;27;0;0;4,0;0;2;1
2023_17_CIN_KC;CIN;17;2023;33;4;18;2;3;1;2,0;4,0;5;0;0;1;0;0;1;25;0;0;2,0;0;2;1
2024_18_CIN_PIT;PIT;18;2024;52;0;24;7;38;2;4,0;31,0;5;1;0;6;0;0;1;19;2;0;4,0;0;2;4
2024_06_SF_SEA;SEA;6;2024;38;7;23;4;6;0;0,0;0,0;4;0;0;4;0;0;0;36;0;0;0,0;0;0;-4
2024_11_GB_CHI;CHI;11;2024;19;7;29;5;9;0;1,0;1,0;2;1;23;2;0;0;0;20;2;0;1,0;0;0;4
2025_14_WAS_MIN;MIN;14;2025;20;1;39;4;11;1;2,0;9,0;3;2;51;3;0;0;1;0;4;0;2,0;0;2;10
2025_01_DAL_PHI;DAL;1;2025;36;2;32;5;15;0;1,0;8,0;5;0;0;0;0;0;0;24;0;0;1,0;0;0;1
2022_04_MIN_NO;NO;4;2022;42;2;22;3;17;0;3,0;23,0;8;1;3;2;0;0;0;28;2;0;3,0;0;0;-1
2024_08_IND_HOU;IND;8;2024;40;9;23;11;49;1;2,0;18,0;9;0;0;2;0;0;1;23;0;0;2,0;0;2;1
2026_02_PIT_NE;PIT;2;2026;29;2;36;8;26;2;3,0;17,0;7;1;3;4;0;0;1;20;2;0;3,0;0;2;4
2022_18_TEN_JAX;TEN;18;2022;27;6;12;2;10;0;1,0;9,0;4;0;0;2;0;0;1;20;0;0;1,0;0;2;4
2024_14_JAX_TEN;JAX;14;2024;35;3;33;4;30;1;2,0;22,0;3;0;0;7;0;0;0;6;0;0;2,0;0;0;10
2022_21_SF_PHI;PHI;21;2022;28;4;22;3;17;2;3,0;14,0;7;0;0;1;0;0;3;7;0;0;3,0;0;6;7
2023_02_NYG_ARI;NYG;2;2023;41;3;15;6;7;0;0,0;0,0;6;0;0;2;0;0;0;28;0;0;0,0;0;0;-1
2025_12_TB_LA;LA;12;2025;36;0;30;7;39;0;4,0;33,0;6;2;81;10;1;0;0;7;4;6;4,0;0;0;7
2025_15_IND_SEA;SEA;15;2025;39;0;28;5;14;0;1,0;2,0;4;1;0;6;0;0;0;16;2;0;1,0;0;0;4
2025_03_PIT_NE;NE;3;2025;27;4;20;6;12;1;0,0;0,0;3;1;37;1;0;0;0;21;2;0;0,0;0;0;1
2026_01_DAL_NYG;DAL;1;2026;36;0;44;3;9;4;2,0;1,0;6;0;0;2;0;0;1;28;0;0;2,0;0;2;-1
2023_08_CLE_SEA;CLE;8;2023;34;3;15;4;14;1;1,0;6,0;3;2;0;4;0;0;0;24;4;0;1,0;0;0;1
2023_10_TEN_TB;TEN;10;2023;28;8;30;4;19;0;3,0;15,0;5;1;18;2;0;0;0;20;2;0;3,0;0;0;4
2022_11_KC_LAC;KC;11;2022;40;13;21;7;34;1;5,0;30,0;10;1;0;5;0;0;1;27;2;0;5,0;0;2;1
2023_18_PIT_BAL;BAL;18;2023;38;12;34;4;16;4;3,0;18,0;3;0;0;1;0;0;2;17;0;0;3,0;0;4;4
2023_13_LAC_NE;NE;13;2023;29;4;32;2;4;0;0,0;0,0;2;0;0;6;0;0;0;6;0;0;0,0;0;0;10
2024_17_DAL_PHI;PHI;17;2024;31;0;34;2;7;2;1,0;7,0;4;2;94;5;1;0;2;7;4;6;1,0;0;4;7
2022_13_GB_CHI;GB;13;2022;31;7;25;3;7;1;0,0;0,0;3;2;5;2;0;0;1;19;4;0;0,0;0;2;4
2022_17_SF_LV;LV;17;2022;33;4;24;3;4;0;0,0;0,0;4;1;0;5;0;0;0;37;2;0;0,0;0;0;-4
2024_14_ATL_MIN;ATL;14;2024;32;2;22;8;38;0;4,0;29,0;7;0;0;2;0;0;0;42;0;0;4,0;0;0;-4
2025_15_WAS_NYG;NYG;15;2025;35;2;30;6;32;4;2,0;16,0;5;0;0;2;0;0;2;29;0;0;2,0;0;4;-1
2023_17_NYJ_CLE;NYJ;17;2023;30;8;20;5;14;2;0,0;0,0;1;1;37;3;1;0;2;37;2;6;0,0;0;4;-4
2024_02_SEA_NE;NE;2;2024;35;10;28;4;13;0;3,0;15,0;6;0;0;5;0;0;0;23;0;0;3,0;0;0;1
2025_01_LV_NE;NE;1;2025;35;6;30;10;30;0;4,0;29,0;9;1;1;5;0;0;0;20;2;0;4,0;0;0;4
2022_03_KC_IND;IND;3;2022;38;3;19;4;12;0;1,0;5,0;5;1;0;6;0;0;1;17;2;0;1,0;0;2;4
2022_13_DEN_BAL;DEN;13;2022;44;7;35;5;18;1;4,0;16,0;5;2;8;3;0;0;0;10;4;0;4,0;0;0;7
2026_02_CLE_TB;TB;2;2026;37;0;28;6;30;0;2,0;15,0;4;0;0;2;0;0;0;23;0;0;2,0;0;0;1
2025_05_LV_IND;LV;5;2025;34;2;18;2;3;0;0,0;0,0;3;0;0;3;0;0;0;40;0;0;0,0;0;0;-4
2024_12_SF_GB;GB;12;2024;28;4;20;3;11;5;2,0;2,0;3;1;48;3;0;0;2;10;2;0;2,0;0;4;7
2025_13_MIN_SEA;MIN;13;2025;39;0;32;7;41;3;4,0;34,0;5;0;0;6;0;0;2;26;0;0;4,0;0;4;1
2022_02_IND_JAX;JAX;2;2022;29;3;17;5;33;1;5,0;31,0;11;3;24;11;0;0;0;0;6;0;5,0;0;0;10
2022_03_DET_MIN;DET;3;2022;35;14;20;1;10;0;1,0;10,0;7;0;0;3;0;0;1;28;0;0;1,0;0;2;-1
2025_01_MIN_CHI;CHI;1;2025;34;4;22;6;15;0;3,0;9,0;5;1;74;5;1;0;0;27;2;6;3,0;0;0;1
2025_10_PIT_LAC;LAC;10;2025;30;0;16;4;15;1;3,0;13,0;5;2;31;5;0;1;1;10;4;0;3,0;2;2;7
2024_17_LAC_NE;NE;17;2024;36;3;47;1;3;0;0,0;0,0;4;0;0;1;0;0;0;40;0;0;0,0;0;0;-4
2025_10_JAX_HOU;HOU;10;2025;38;0;26;8;48;2;5,0;39,0;6;1;0;9;0;0;1;29;2;0;5,0;0;2;-1
2025_06_DAL_CAR;DAL;6;2025;41;0;26;2;14;2;1,0;5,0;5;1;21;1;0;0;0;30;2;0;1,0;0;0;-1
2024_06_CLE_PHI;CLE;6;2024;39;8;20;5;15;0;1,0;8,0;2;0;0;3;0;0;0;20;0;0;1,0;0;0;4
2022_06_SF_ATL;ATL;6;2022;29;7;29;1;2;1;0,0;0,0;4;2;41;8;0;0;1;14;4;0;0,0;0;2;4
2023_15_CHI_CLE;CLE;15;2023;41;4;12;10;42;1;3,0;18,0;7;2;6;8;0;0;1;17;4;0;3,0;0;2;4
2023_02_MIN_PHI;MIN;2;2023;41;14;42;4;22;1;4,0;22,0;5;1;0;3;0;0;0;34;2;0;4,0;0;0;-1
2025_15_ARI_HOU;ARI;15;2025;35;0;38;3;13;0;1,0;4,0;2;0;0;3;0;0;0;40;0;0;1,0;0;0;-4
2025_02_NE_MIA;MIA;2;2025;32;2;32;4;25;0;3,0;19,0;3;0;0;2;0;0;0;33;0;0;3,0;0;0;-1
2022_06_DAL_PHI;DAL;6;2022;39;6;28;4;25;0;4,0;23,0;4;0;0;3;0;0;0;26;0;0;4,0;0;0;1
2022_20_DAL_SF;SF;20;2022;36;4;20;3;5;0;1,0;0,0;4;2;22;6;0;0;0;12;4;0;1,0;0;0;7
2023_16_BUF_LAC;BUF;16;2023;41;13;19;7;46;0;5,0;40,0;6;0;0;3;0;0;0;22;0;0;5,0;0;0;1
2024_04_DAL_NYG;NYG;4;2024;35;2;16;5;14;1;1,0;8,0;3;0;0;3;0;0;0;20;0;0;1,0;0;0;4
2024_11_ATL_DEN;DEN;11;2024;31;4;28;8;39;0;4,0;21,0;6;1;15;5;0;0;0;6;2;0;4,0;0;0;10
2023_18_ATL_NO;ATL;18;2023;38;6;34;6;18;2;3,0;18,0;4;0;0;3;0;0;0;48;0;0;3,0;0;0;-4
2023_16_CIN_PIT;CIN;16;2023;20;8;38;2;7;1;1,0;6,0;3;0;0;3;0;0;0;34;0;0;1,0;0;0;-1
2022_17_LA_LAC;LAC;17;2022;26;2;22;4;22;1;3,0;21,0;4;0;0;3;0;0;1;10;0;0;3,0;0;2;7
2025_12_IND_KC;KC;12;2025;32;3;23;4;8;0;0,0;0,0;6;0;0;6;0;0;0;20;0;0;0,0;0;0;4
2024_18_KC_DEN;DEN;18;2024;23;0;10;7;32;1;5,0;27,0;9;0;0;1;0;0;0;0;0;0;5,0;0;0;10
2025_03_HOU_JAX;JAX;3;2025;38;1;21;4;16;1;2,0;20,0;6;2;6;6;0;0;1;10;4;0;2,0;0;2;7
2023_19_CLE_HOU;CLE;19;2023;26;6;10;4;6;0;0,0;0,0;1;0;0;4;0;0;0;45;0;0;0,0;0;0;-4
2024_10_PHI_DAL;PHI;10;2024;35;1;19;5;15;3;3,0;17,0;6;1;0;7;0;0;4;6;2;0;3,0;0;8;10
2022_07_NO_ARI;ARI;7;2022;41;4;18;4;6;0;0,0;0,0;3;3;94;9;2;0;0;34;6;12;0,0;0;0;-1
2026_01_CLE_JAX;CLE;1;2026;24;2;42;4;17;1;1,0;11,0;3;0;0;1;0;0;0;34;0;0;1,0;0;0;-1
2025_18_IND_HOU;IND;18;2025;37;1;35;3;8;0;0,0;0,0;2;0;0;3;0;0;0;38;0;0;0,0;0;0;-4
2022_15_PHI_CHI;CHI;15;2022;44;7;15;2;7;1;1,0;6,0;1;2;18;7;0;0;1;25;4;0;1,0;0;2;1
2025_15_CAR_NO;CAR;15;2025;38;0;32;3;19;1;5,0;16,0;6;0;0;3;0;0;0;20;0;0;5,0;0;0;4
2022_17_NO_PHI;PHI;17;2022;47;4;28;8;46;0;7,0;45,0;8;1;13;2;0;0;0;20;2;0;7,0;0;0;4
2022_01_DEN_SEA;SEA;1;2022;42;8;18;4;15;2;2,0;10,0;8;0;0;4;0;0;2;16;0;0;2,0;0;4;4
2022_13_KC_CIN;KC;13;2022;40;8;30;3;15;0;1,0;7,0;1;0;0;1;0;0;0;27;0;0;1,0;0;0;1
2022_01_IND_HOU;HOU;1;2022;49;9;39;5;14;2;2,0;12,0;7;1;14;11;0;0;1;20;2;0;2,0;0;2;4
2023_03_CAR_SEA;CAR;3;2023;37;12;22;4;22;0;2,0;17,0;8;1;0;3;0;0;0;37;2;0;2,0;0;0;-4
2025_10_LV_DEN;LV;10;2025;32;0;28;4;18;0;2,0;14,0;4;2;26;4;0;0;0;10;4;0;2,0;0;0;7
2022_05_SEA_NO;NO;5;2022;26;8;18;3;24;2;3,0;23,0;4;0;0;2;0;0;1;32;0;0;3,0;0;2;-1
2023_11_NYG_WAS;WAS;11;2023;36;3;19;12;45;0;9,0;45,0;11;0;0;5;0;0;0;31;0;0;9,0;0;0;-1
2025_12_PHI_DAL;DAL;12;2025;35;0;24;2;14;2;1,0;13,0;6;0;0;3;0;0;2;21;0;0;1,0;0;4;1
2025_05_TEN_ARI;ARI;5;2025;36;0;22;4;19;1;2,0;16,0;4;1;0;8;0;0;1;22;2;0;2,0;0;2;1
2024_02_PIT_DEN;DEN;2;2024;34;8;32;4;11;0;2,0;7,0;6;0;0;1;0;0;0;13;0;0;2,0;0;0;7
2022_14_JAX_TEN;TEN;14;2022;41;9;19;4;10;0;0,0;0,0;1;0;0;8;0;0;0;36;0;0;0,0;0;0;-4
2022_14_MIA_LAC;LAC;14;2022;22;5;11;3;21;1;2,0;18,0;4;0;0;6;0;0;0;17;0;0;2,0;0;0;4
2023_05_JAX_BUF;BUF;5;2023;47;12;30;3;9;3;5,0;37,0;8;0;0;7;0;0;2;25;0;0;5,0;0;4;1
2024_07_KC_SF;SF;7;2024;36;8;30;1;1;0;2,0;9,0;8;2;35;3;0;0;0;28;4;0;2,0;0;0;-1
2026_02_GB_NYJ;NYJ;2;2026;29;3;25;6;19;4;3,0;9,0;3;0;0;3;0;0;1;20;0;0;3,0;0;2;4
2022_17_CHI_DET;DET;17;2022;26;5;17;5;42;1;7,0;45,0;9;1;5;7;0;0;1;10;2;0;7,0;0;2;7
2025_03_DET_BAL;BAL;3;2025;39;1;37;4;16;0;0,0;0,0;6;0;0;1;0;0;0;38;0;0;0,0;0;0;-4
2024_16_NO_GB;NO;16;2024;34;1;35;3;4;0;0,0;0,0;3;0;0;4;0;0;0;34;0;0;0,0;0;0;-1
2025_13_ARI_TB;TB;13;2025;42;1;27;3;12;1;2,0;10,0;7;1;5;3;0;0;1;17;2;0;2,0;0;2;4
2025_18_GB_MIN;GB;18;2025;39;0;30;4;17;1;2,0;13,0;7;0;0;2;0;0;1;16;0;0;2,0;0;2;4
2024_02_CLE_JAX;JAX;2;2024;40;8;22;6;23;1;2,0;14,0;8;0;0;4;0;0;0;18;0;0;2,0;0;0;4
2026_02_PHI_TEN;PHI;2;2026;39;1;19;6;22;1;2,0;14,0;3;0;0;1;0;0;0;20;0;0;2,0;0;0;4
2022_06_JAX_IND;JAX;6;2022;40;8;30;3;8;1;0,0;0,0;6;0;0;7;0;0;0;34;0;0;0,0;0;0;-1
2022_04_TEN_IND;IND;4;2022;27;8;28;3;24;0;3,0;21,0;5;0;0;0;0;0;0;24;0;0;3,0;0;0;1
2025_08_DAL_DEN;DAL;8;2025;32;1;29;3;5;0;0,0;0,0;1;1;7;2;0;0;0;44;2;0;0,0;0;0;-4
2022_09_MIN_WAS;WAS;9;2022;34;9;21;11;35;0;2,0;17,0;11;1;0;7;0;0;0;20;2;0;2,0;0;0;4
2026_02_MIN_CHI;CHI;2;2026;31;1;29;5;40;0;3,0;16,0;4;0;0;3;0;0;0;9;0;0;3,0;0;0;7
2023_06_MIN_CHI;CHI;6;2023;32;8;24;2;4;3;2,0;7,0;4;0;0;2;0;0;1;19;0;0;2,0;0;2;4
2023_15_HOU_TEN;HOU;15;2023;39;7;29;11;51;1;7,0;61,0;11;1;0;6;0;0;0;16;2;0;7,0;0;0;4
2025_12_BUF_HOU;HOU;12;2025;46;0;28;11;72;1;8,0;70,0;12;2;29;5;0;0;1;19;4;0;8,0;0;2;4
2022_20_NYG_PHI;PHI;20;2022;37;1;15;4;19;1;5,0;26,0;8;1;8;6;0;0;0;7;2;0;5,0;0;0;7
2024_12_ARI_SEA;SEA;12;2024;33;1;25;5;32;0;5,0;36,0;7;1;69;6;1;0;0;6;2;6;5,0;0;0;10
2023_06_PHI_NYJ;PHI;6;2023;33;0;22;6;25;0;5,0;31,0;10;0;0;5;0;0;0;20;0;0;5,0;0;0;4
2024_09_CHI_ARI;CHI;9;2024;33;6;28;5;21;1;3,0;17,0;3;0;0;3;0;0;2;29;0;0;3,0;0;4;-1
2024_18_MIA_NYJ;MIA;18;2024;33;3;23;5;14;0;3,0;17,0;5;1;7;6;0;0;0;32;2;0;3,0;0;0;-1
2022_01_JAX_WAS;WAS;1;2022;38;3;11;2;15;1;2,0;15,0;10;1;1;5;0;0;0;22;2;0;2,0;0;0;1
2025_04_CLE_DET;CLE;4;2025;29;2;32;4;8;0;0,0;0,0;5;1;13;1;0;0;0;34;2;0;0,0;0;0;-1
2022_19_NYG_MIN;MIN;19;2022;40;5;17;5;17;1;3,0;12,0;4;0;0;4;0;0;0;31;0;0;3,0;0;0;-1
2023_16_CLE_HOU;CLE;16;2023;42;3;13;5;35;1;3,0;33,0;6;2;8;12;0;0;0;22;4;0;3,0;0;0;1
2022_04_LA_SF;SF;4;2022;48;2;18;9;55;1;7,0;54,0;11;1;52;5;1;0;1;9;2;6;7,0;0;2;7
2024_13_PIT_CIN;PIT;13;2024;33;4;24;6;31;2;4,0;27,0;11;1;11;4;0;0;2;38;2;0;4,0;0;4;-4
2022_15_DAL_JAX;JAX;15;2022;53;6;26;5;22;0;3,0;13,0;9;2;54;5;1;0;0;34;4;6;3,0;0;0;-1
2024_05_ARI_SF;ARI;5;2024;33;3;25;4;15;1;2,0;13,0;5;2;0;9;0;0;1;23;4;0;2,0;0;2;1
2023_04_ATL_JAX;ATL;4;2023;36;5;37;2;6;2;2,0;12,0;7;0;0;0;0;0;0;23;0;0;2,0;0;0;1
2025_12_CAR_SF;SF;12;2025;28;1;15;2;11;1;1,0;8,0;3;2;4;4;0;0;0;9;4;0;1,0;0;0;7
2023_06_DAL_LAC;LAC;6;2023;40;10;12;6;29;0;5,0;26,0;6;0;0;2;0;0;1;20;0;0;5,0;0;2;4
2024_02_PIT_DEN;PIT;2;2024;31;6;20;6;26;0;2,0;15,0;7;2;5;6;0;0;0;6;4;0;2,0;0;0;10
2023_12_JAX_HOU;JAX;12;2023;36;2;18;5;37;0;4,0;43,0;7;0;0;3;0;0;0;21;0;0;4,0;0;0;1
2025_07_CAR_NYJ;NYJ;7;2025;43;1;31;6;29;0;2,0;21,0;7;0;0;7;0;0;0;13;0;0;2,0;0;0;7
2024_13_LA_NO;LA;13;2024;39;1;29;3;11;0;0,0;0,0;3;0;0;6;0;0;0;14;0;0;0,0;0;0;4
2025_08_GB_PIT;PIT;8;2025;41;0;32;1;1;1;0,0;0,0;5;0;0;1;0;0;0;35;0;0;0,0;0;0;-4
2024_15_MIA_HOU;HOU;15;2024;35;3;39;6;31;2;3,0;24,0;3;3;78;5;0;0;1;12;6;0;3,0;0;2;7
2025_12_BUF_HOU;BUF;12;2025;28;1;33;3;8;0;0,0;0,0;4;0;0;5;0;0;0;23;0;0;0,0;0;0;1
2026_02_PHI_TEN;TEN;2;2026;41;2;30;8;25;0;3,0;12,0;6;2;95;2;0;0;0;24;4;0;3,0;0;0;1
2022_09_TEN_KC;TEN;9;2022;49;8;34;4;24;0;4,0;24,0;9;1;4;4;0;0;0;20;2;0;4,0;0;0;4
2024_14_GB_DET;DET;14;2024;23;3;17;2;8;1;1,0;7,0;7;0;0;1;0;0;1;31;0;0;1,0;0;2;-1
2023_06_WAS_ATL;ATL;6;2023;27;4;20;4;24;0;5,0;30,0;10;0;0;2;0;0;0;24;0;0;5,0;0;0;1
2022_18_BAL_CIN;CIN;18;2022;32;7;33;3;5;2;4,0;10,0;7;2;9;9;0;0;2;16;4;0;4,0;0;4;4
2022_02_TB_NO;TB;2;2022;35;1;29;3;17;3;6,0;28,0;9;3;92;6;1;0;2;10;6;6;6,0;0;4;7
2023_04_ATL_JAX;JAX;4;2023;37;3;11;5;32;1;4,0;31,0;7;2;79;9;1;0;1;7;4;6;4,0;0;2;7
2022_08_GB_BUF;GB;8;2022;31;8;16;4;15;1;2,0;2,0;3;2;2;6;0;0;0;27;4;0;2,0;0;0;1
2024_03_BAL_DAL;BAL;3;2024;33;5;19;2;14;1;2,0;14,0;7;0;0;9;0;0;1;25;0;0;2,0;0;2;1
2024_15_BAL_NYG;NYG;15;2024;35;1;33;3;16;1;3,0;15,0;4;0;0;1;0;0;1;35;0;0;3,0;0;2;-4
2025_09_JAX_LV;JAX;9;2025;32;3;37;5;9;0;2,0;10,0;4;1;0;5;0;0;0;29;2;0;2,0;0;0;-1
2025_09_JAX_LV;LV;9;2025;55;2;28;8;17;0;1,0;4,0;2;1;0;4;0;0;0;30;2;0;1,0;0;0;-1
2025_13_ATL_NYJ;ATL;13;2025;31;3;23;7;23;0;2,0;13,0;6;0;0;3;0;0;0;27;0;0;2,0;0;0;1
2026_01_BAL_IND;IND;1;2026;43;0;28;0;0;1;2,0;20,0;4;0;0;0;0;0;1;41;0;0;2,0;0;2;-4
2022_09_LA_TB;LA;9;2022;48;2;32;5;13;0;1,0;8,0;3;0;0;7;0;0;0;16;0;0;1,0;0;0;4
2022_17_DEN_KC;KC;17;2022;42;1;25;5;23;1;4,0;32,0;8;1;25;6;0;0;1;24;2;0;4,0;0;2;1
2022_10_SEA_TB;TB;10;2022;34;5;13;3;29;1;3,0;31,0;6;0;0;1;0;0;1;16;0;0;3,0;0;2;4
2023_16_CIN_PIT;PIT;16;2023;33;7;17;4;21;1;3,0;26,0;8;3;25;7;0;0;0;11;6;0;3,0;0;0;7
2024_10_PHI_DAL;DAL;10;2024;45;2;26;4;42;1;5,0;46,0;8;1;0;3;0;0;1;34;2;0;5,0;0;2;-1
2023_13_ATL_NYJ;ATL;13;2023;36;9;25;5;14;4;4,0;17,0;6;1;0;4;0;0;2;8;2;0;4,0;0;4;7
2023_16_BAL_SF;SF;16;2023;36;6;32;4;11;0;2,0;11,0;4;0;0;3;0;1;0;33;0;0;2,0;2;0;-1
2025_01_KC_LAC;KC;1;2025;40;2;18;6;17;1;3,0;14,0;4;0;0;2;0;0;0;27;0;0;3,0;0;0;1
2025_08_TEN_IND;IND;8;2025;43;1;25;8;33;0;4,0;31,0;7;1;0;4;0;0;0;14;2;0;4,0;0;0;4
2024_04_CLE_LV;CLE;4;2024;35;5;17;4;23;1;2,0;14,0;4;0;0;1;0;0;1;20;0;0;2,0;0;2;4
2025_14_LA_ARI;ARI;14;2025;32;0;48;0;0;0;0,0;0,0;2;0;0;2;0;0;0;45;0;0;0,0;0;0;-4
2024_09_HOU_NYJ;NYJ;9;2024;45;3;21;10;53;1;8,0;56,0;11;0;0;4;0;0;1;13;0;0;8,0;0;2;7
2023_08_ATL_TEN;ATL;8;2023;39;6;24;3;14;0;2,0;12,0;11;0;0;2;0;0;1;28;0;0;2,0;0;2;-1
2022_08_TEN_HOU;HOU;8;2022;42;6;24;5;18;1;3,0;15,0;4;1;33;1;0;0;1;17;2;0;3,0;0;2;4
2023_17_ATL_CHI;ATL;17;2023;47;10;18;4;14;1;3,0;28,0;6;0;0;2;0;0;0;37;0;0;3,0;0;0;-4
2025_04_IND_LA;LA;4;2025;32;2;30;4;22;1;2,0;14,0;7;2;0;5;0;0;0;20;4;0;2,0;0;0;4
2022_07_TB_CAR;CAR;7;2022;39;7;19;2;20;0;1,0;14,0;3;0;0;1;0;0;0;3;0;0;1,0;0;0;10
2024_11_BAL_PIT;BAL;11;2024;43;3;37;7;28;0;4,0;24,0;8;1;0;6;0;0;0;18;2;0;4,0;0;0;4
2024_09_TB_KC;TB;9;2024;50;4;36;8;46;1;4,0;31,0;7;0;0;3;0;0;1;30;0;0;4,0;0;2;-1
2022_16_JAX_NYJ;JAX;16;2022;37;2;16;6;33;2;3,0;21,0;7;1;23;8;0;0;1;3;2;0;3,0;0;2;10
2023_01_LV_DEN;LV;1;2023;36;3;25;6;25;0;2,0;11,0;4;0;0;1;0;0;0;16;0;0;2,0;0;0;4
2024_16_TB_DAL;DAL;16;2024;40;1;33;4;36;3;4,0;27,0;4;1;0;6;0;0;1;24;2;0;4,0;0;2;1
2024_14_CAR_PHI;CAR;14;2024;34;2;26;3;19;1;4,0;25,0;5;0;0;3;0;0;0;22;0;0;4,0;0;0;1
2023_02_LAC_TEN;LAC;2;2023;34;10;36;6;49;0;5,0;46,0;6;0;0;1;0;0;0;27;0;0;5,0;0;0;1
2024_11_WAS_PHI;WAS;11;2024;45;1;29;3;17;1;2,0;15,0;4;0;0;2;0;0;0;26;0;0;2,0;0;0;1
2024_10_TEN_LAC;LAC;10;2024;38;3;17;8;26;1;7,0;18,0;9;0;0;1;0;0;0;17;0;0;7,0;0;0;4
2022_02_CAR_NYG;CAR;2;2022;38;10;28;8;33;0;3,0;14,0;9;0;0;2;0;0;0;19;0;0;3,0;0;0;4
2024_07_CAR_WAS;CAR;7;2024;37;5;33;3;11;0;1,0;4,0;2;0;0;1;0;0;0;40;0;0;1,0;0;0;-4
2025_03_DET_BAL;DET;3;2025;41;0;14;6;40;2;7,0;55,0;7;0;0;2;0;0;1;30;0;0;7,0;0;2;-1
2025_05_SF_LA;SF;5;2025;33;0;32;1;11;1;1,0;11,0;2;0;0;4;0;0;2;23;0;0;1,0;0;4;1
2024_18_CAR_ATL;ATL;18;2024;36;2;24;3;6;1;0,0;0,0;0;0;0;4;0;0;0;44;0;0;0,0;0;0;-4
2023_17_LAC_DEN;LAC;17;2023;32;7;35;4;16;0;2,0;12,0;4;0;0;7;0;0;0;16;0;0;2,0;0;0;4
2024_18_NO_TB;TB;18;2024;35;6;20;7;19;0;2,0;12,0;6;0;0;6;0;0;0;19;0;0;2,0;0;0;4
2025_09_SF_NYG;NYG;9;2025;34;5;47;7;26;1;2,0;14,0;3;0;0;2;0;0;1;34;0;0;2,0;0;2;-1
2022_10_NO_PIT;NO;10;2022;49;7;31;7;33;1;6,0;37,0;7;0;0;2;0;0;0;20;0;0;6,0;0;0;4
2025_14_DAL_DET;DAL;14;2025;30;1;43;4;19;0;1,0;10,0;8;0;0;1;0;0;0;44;0;0;1,0;0;0;-4
2023_08_NYJ_NYG;NYG;8;2023;30;6;20;5;48;1;4,0;47,0;9;0;0;8;0;0;2;13;0;0;4,0;0;4;7
2023_12_SF_SEA;SEA;12;2023;37;6;30;5;16;1;1,0;1,0;6;1;12;3;1;0;0;31;2;6;1,0;0;0;-1
2022_18_MIN_CHI;CHI;18;2022;41;14;34;3;5;2;0,0;0,0;2;1;10;2;0;0;1;29;2;0;0,0;0;2;-1
2024_02_NYG_WAS;NYG;2;2024;42;11;27;10;29;0;5,0;16,0;7;0;0;3;0;0;0;21;0;0;5,0;0;0;1
2024_02_NO_DAL;DAL;2;2024;29;6;24;2;3;0;1,0;1,0;1;1;0;3;0;0;0;44;2;0;1,0;0;0;-4
2023_04_NE_DAL;NE;4;2023;45;5;25;5;33;2;3,0;28,0;7;0;0;2;0;0;0;38;0;0;3,0;0;0;-4
2022_01_BUF_LA;LA;1;2022;39;7;19;2;5;2;2,0;5,0;2;2;5;3;0;0;2;31;4;0;2,0;0;4;-1
2022_07_NYG_JAX;JAX;7;2022;40;2;34;4;8;0;1,0;2,0;3;0;0;8;0;0;0;23;0;0;1,0;0;0;1
2025_08_GB_PIT;GB;8;2025;39;0;22;5;23;1;3,0;17,0;5;0;0;5;0;0;1;25;0;0;3,0;0;2;1
2025_10_JAX_HOU;JAX;10;2025;28;1;41;5;16;1;2,0;10,0;3;1;0;8;0;0;1;36;2;0;2,0;0;2;-4
2024_16_HOU_KC;KC;16;2024;33;1;15;9;30;1;2,0;17,0;11;2;3;7;0;0;0;19;4;0;2,0;0;0;4
2023_07_LV_CHI;CHI;7;2023;33;3;15;2;13;0;1,0;8,0;3;3;39;10;1;0;0;12;6;6;1,0;0;0;7
2025_01_MIA_IND;IND;1;2025;26;2;24;4;16;1;3,0;13,0;6;2;20;5;0;0;1;8;4;0;3,0;0;2;7
2022_13_KC_CIN;CIN;13;2022;34;5;17;3;13;1;2,0;12,0;8;0;0;4;0;0;1;24;0;0;2,0;0;2;1
2024_17_SEA_CHI;SEA;17;2024;39;2;18;10;58;0;7,0;46,0;10;1;7;3;0;0;0;3;2;0;7,0;0;0;10
2025_13_KC_DAL;DAL;13;2025;35;0;38;4;22;1;3,0;18,0;9;0;0;1;0;0;0;28;0;0;3,0;0;0;-1
2025_12_NYJ_BAL;NYJ;12;2025;26;0;44;2;11;0;1,0;10,0;1;0;0;3;0;0;0;23;0;0;1,0;0;0;1
2022_06_BUF_KC;BUF;6;2022;42;2;14;4;22;0;3,0;19,0;9;2;2;5;0;0;0;20;4;0;3,0;0;0;4
2024_18_CIN_PIT;CIN;18;2024;34;2;24;6;27;1;4,0;29,0;8;0;0;5;0;0;1;17;0;0;4,0;0;2;4
2026_01_DEN_KC;DEN;1;2026;33;2;40;3;14;0;2,0;12,0;5;1;24;4;0;0;0;31;2;0;2,0;0;0;-1
2023_12_LA_ARI;ARI;12;2023;37;10;26;1;2;0;0,0;0,0;3;1;14;1;0;0;0;37;2;0;0,0;0;0;-4
2024_03_DET_ARI;DET;3;2024;27;4;18;3;11;0;1,0;7,0;4;1;0;6;0;0;0;13;2;0;1,0;0;0;7
2024_09_CHI_ARI;ARI;9;2024;40;5;21;5;34;1;6,0;45,0;12;0;0;4;0;1;0;9;0;0;6,0;2;0;7
2025_18_NYJ_BUF;BUF;18;2025;21;3;29;5;14;0;1,0;7,0;4;0;0;2;0;0;0;8;0;0;1,0;0;0;7
2023_12_JAX_HOU;HOU;12;2023;33;10;28;4;11;0;0,0;0,0;2;1;14;6;0;0;0;24;2;0;0,0;0;0;1
2022_01_NO_ATL;NO;1;2022;46;9;17;1;2;2;0,0;0,0;1;0;0;2;0;0;2;26;0;0;0,0;0;4;1
2023_07_JAX_NO;NO;7;2023;32;4;14;2;3;1;0,0;0,0;0;0;0;5;0;0;2;31;0;0;0,0;0;4;-1
2024_01_MIN_NYG;MIN;1;2024;34;8;24;6;27;0;5,0;20,0;12;2;10;6;1;0;0;6;4;6;5,0;0;0;10
2024_09_HOU_NYJ;HOU;9;2024;28;1;23;7;28;1;2,0;18,0;4;0;0;4;0;0;0;21;0;0;2,0;0;0;1
2024_01_WAS_TB;TB;1;2024;32;2;24;3;24;2;2,0;23,0;2;0;0;2;0;0;0;20;0;0;2,0;0;0;4
2024_02_LAC_CAR;CAR;2;2024;33;11;35;1;2;1;1,0;0,0;2;1;0;2;0;0;1;26;2;0;1,0;0;2;1
2024_05_LV_DEN;LV;5;2024;35;3;25;8;36;0;3,0;26,0;4;0;0;3;0;0;0;34;0;0;3,0;0;0;-1
2022_08_MIA_DET;DET;8;2022;41;6;16;4;16;1;2,0;13,0;2;0;0;2;0;0;1;31;0;0;2,0;0;2;-1
2025_12_NE_CIN;NE;12;2025;34;0;28;1;10;0;1,0;10,0;6;1;33;5;1;0;0;20;2;6;1,0;0;0;4
2024_15_LA_SF;LA;15;2024;28;3;27;5;17;0;3,0;14,0;3;1;0;9;0;0;0;6;2;0;3,0;0;0;10
2022_06_BAL_NYG;BAL;6;2022;40;5;17;5;25;1;4,0;18,0;5;0;0;2;0;0;1;24;0;0;4,0;0;2;1
2022_16_WAS_SF;WAS;16;2022;29;8;24;4;18;0;3,0;16,0;3;1;0;4;0;0;0;37;2;0;3,0;0;0;-4
2024_07_DET_MIN;DET;7;2024;40;6;12;4;21;0;4,0;15,0;5;1;0;2;0;0;0;29;2;0;4,0;0;0;-1
2022_15_BAL_CLE;BAL;15;2022;37;6;26;4;22;0;3,0;21,0;5;0;0;2;0;0;0;13;0;0;3,0;0;0;7
2024_14_CIN_DAL;DAL;14;2024;36;6;28;2;11;1;2,0;10,0;8;1;-1;6;0;0;0;27;2;0;2,0;0;0;1
2025_15_TEN_SF;TEN;15;2025;37;4;44;5;7;1;2,0;3,0;5;0;0;2;0;0;1;37;0;0;2,0;0;2;-4
2024_15_BAL_NYG;BAL;15;2024;26;1;37;4;11;0;3,0;10,0;7;1;32;5;0;0;0;14;2;0;3,0;0;0;4
2025_02_JAX_CIN;JAX;2;2025;37;2;24;6;19;0;3,0;15,0;9;3;73;12;0;0;0;31;6;0;3,0;0;0;-1
2025_10_PHI_GB;PHI;10;2025;39;2;26;5;29;2;3,0;19,0;8;0;0;5;0;0;2;7;0;0;3,0;0;4;7
2023_09_WAS_NE;NE;9;2023;46;7;33;3;17;1;3,0;17,0;6;1;20;6;0;0;1;20;2;0;3,0;0;2;4
2023_12_KC_LV;LV;12;2023;36;5;17;3;19;0;1,0;7,0;2;0;0;0;0;0;0;31;0;0;1,0;0;0;-1
2025_12_NYJ_BAL;BAL;12;2025;34;1;37;4;13;1;3,0;18,0;7;1;0;2;0;0;1;10;2;0;3,0;0;2;7
2023_10_CAR_CHI;CHI;10;2023;28;7;21;6;23;0;3,0;15,0;9;0;0;4;0;0;0;13;0;0;3,0;0;0;7
2022_05_MIA_NYJ;MIA;5;2022;33;4;20;5;31;0;2,0;23,0;3;0;0;2;0;0;0;40;0;0;2,0;0;0;-4
2024_09_JAX_PHI;JAX;9;2024;50;3;19;6;26;0;3,0;20,0;3;0;0;2;0;0;1;28;0;0;3,0;0;2;-1
2023_08_LA_DAL;LA;8;2023;40;4;20;5;25;0;3,0;22,0;3;1;18;6;0;0;0;43;2;0;3,0;0;0;-4
2022_18_HOU_IND;HOU;18;2022;41;13;27;2;8;1;2,0;7,0;4;2;57;5;1;0;1;31;4;6;2,0;0;2;-1
2025_12_SEA_TEN;TEN;12;2025;30;0;16;3;13;0;1,0;5,0;3;0;0;5;0;0;0;30;0;0;1,0;0;0;-1
2023_19_PIT_BUF;BUF;19;2023;32;3;27;2;12;2;1,0;11,0;6;1;0;8;0;0;1;17;2;0;1,0;0;2;4
2024_18_NYG_PHI;NYG;18;2024;34;2;36;4;14;0;2,0;17,0;8;0;0;5;0;0;0;20;0;0;2,0;0;0;4
2023_09_DAL_PHI;DAL;9;2023;32;4;26;2;11;2;3,0;24,0;4;0;0;1;0;0;0;28;0;0;3,0;0;0;-1
2023_01_JAX_IND;IND;1;2023;42;9;27;6;14;3;2,0;4,0;4;1;34;3;0;0;1;31;2;0;2,0;0;2;-1
2025_18_DET_CHI;CHI;18;2025;47;1;27;3;19;0;3,0;20,0;8;1;21;6;0;0;0;19;2;0;3,0;0;0;4
2023_11_NYJ_BUF;NYJ;11;2023;42;10;24;6;25;1;1,0;12,0;4;1;51;3;0;0;0;32;2;0;1,0;0;0;-1
2025_04_BAL_KC;BAL;4;2025;41;0;32;2;7;0;1,0;6,0;3;0;0;2;0;0;0;37;0;0;1,0;0;0;-4
2023_12_WAS_DAL;DAL;12;2023;37;13;31;4;33;0;4,0;32,0;8;1;63;5;1;0;0;10;2;6;4,0;0;0;7
2023_13_ARI_PIT;PIT;13;2023;30;12;28;4;13;1;2,0;13,0;5;0;0;3;0;0;0;24;0;0;2,0;0;0;1
2023_14_MIN_LV;LV;14;2023;47;8;18;7;50;0;5,0;47,0;11;0;0;4;0;0;0;3;0;0;5,0;0;0;10
2023_09_TEN_PIT;PIT;9;2023;37;2;24;6;36;0;4,0;27,0;10;1;0;6;0;0;0;16;2;0;4,0;0;0;4
2023_04_DET_GB;GB;4;2023;47;10;26;6;33;0;2,0;20,0;6;1;21;2;0;0;0;34;2;0;2,0;0;0;-1
2024_14_CLE_PIT;PIT;14;2024;34;6;32;7;46;0;3,0;16,0;6;2;29;5;0;0;1;14;4;0;3,0;0;2;4
2022_12_CHI_NYJ;NYJ;12;2022;26;7;29;3;9;1;2,0;14,0;5;1;0;2;0;0;0;10;2;0;2,0;0;0;7
2025_09_CAR_GB;GB;9;2025;25;0;46;1;2;1;1,0;0,0;2;1;0;1;0;0;0;16;2;0;1,0;0;0;4
2025_11_LAC_JAX;JAX;11;2025;24;0;28;5;30;0;3,0;25,0;6;1;44;7;0;0;0;6;2;0;3,0;0;0;10
2022_02_CIN_DAL;CIN;2;2022;41;2;10;4;15;1;1,0;5,0;5;0;0;3;0;0;1;20;0;0;1,0;0;2;4
2026_01_ATL_PIT;ATL;1;2026;33;2;28;4;20;1;2,0;15,0;6;0;0;5;0;0;1;20;0;0;2,0;0;2;4
2024_11_LV_MIA;MIA;11;2024;37;1;21;4;17;0;3,0;14,0;4;1;7;3;0;0;0;19;2;0;3,0;0;0;4
2024_10_NYJ_ARI;ARI;10;2024;32;1;17;5;25;1;3,0;23,0;5;0;0;6;0;0;1;6;0;0;3,0;0;2;10
2023_07_ARI_SEA;SEA;7;2023;41;7;19;5;32;1;4,0;28,0;8;0;0;8;0;0;0;10;0;0;4,0;0;0;7
2023_09_LAC_NYJ;LAC;9;2023;46;4;26;4;39;3;8,0;57,0;8;0;0;7;0;0;3;6;0;0;8,0;0;6;10
2024_01_NE_CIN;CIN;1;2024;34;8;32;5;9;1;1,0;1,0;7;0;0;3;0;0;0;16;0;0;1,0;0;0;4
2023_07_PIT_LA;PIT;7;2023;28;9;25;4;15;0;2,0;12,0;4;1;24;2;0;0;0;17;2;0;2,0;0;0;4
2024_03_NE_NYJ;NYJ;3;2024;30;0;20;5;39;1;7,0;59,0;15;0;0;3;0;0;1;3;0;0;7,0;0;2;10
2025_04_PHI_TB;TB;4;2025;43;2;16;11;84;1;2,0;18,0;3;0;0;5;0;1;0;31;0;0;2,0;2;0;-1
2025_14_SEA_ATL;ATL;14;2025;37;2;24;7;19;1;2,0;13,0;3;1;6;3;0;0;0;37;2;0;2,0;0;0;-4
2025_06_PHI_NYG;NYG;6;2025;31;1;37;7;27;1;3,0;17,0;3;1;68;4;0;0;1;17;2;0;3,0;0;2;4
2023_18_KC_LAC;KC;18;2023;57;6;8;8;34;2;3,0;23,0;8;0;0;7;0;0;1;12;0;0;3,0;0;2;7
2025_07_GB_ARI;GB;7;2025;37;2;44;9;45;1;6,0;43,0;12;0;0;4;0;0;1;23;0;0;6,0;0;2;1
2022_18_KC_LV;LV;18;2022;30;7;19;4;24;0;2,0;21,0;4;0;0;3;0;0;0;31;0;0;2,0;0;0;-1
2023_03_LAC_MIN;MIN;3;2023;40;4;20;2;5;4;1,0;9,0;5;0;0;3;0;0;1;28;0;0;1,0;0;2;-1
2024_04_JAX_HOU;HOU;4;2024;35;2;18;3;24;0;1,0;14,0;3;0;0;5;0;0;0;20;0;0;1,0;0;0;4
2024_01_HOU_IND;HOU;1;2024;21;6;18;5;19;0;2,0;13,0;2;1;0;7;0;0;0;27;2;0;2,0;0;0;1
2025_15_BAL_CIN;CIN;15;2025;25;0;16;5;23;1;4,0;22,0;5;1;0;1;0;0;0;24;2;0;4,0;0;0;1
2023_17_MIA_BAL;MIA;17;2023;33;10;18;2;13;1;1,0;9,0;2;0;0;1;0;0;1;56;0;0;1,0;0;2;-4
2025_17_NYG_LV;LV;17;2025;41;0;26;4;25;0;2,0;19,0;7;0;0;4;0;0;0;34;0;0;2,0;0;0;-1
2023_22_SF_KC;KC;22;2023;32;3;41;2;12;1;1,0;4,0;11;0;0;6;0;0;2;22;0;0;1,0;0;4;1
2025_06_SEA_JAX;JAX;6;2025;24;3;29;7;22;0;1,0;9,0;4;0;0;3;0;0;0;20;0;0;1,0;0;0;4
2025_01_KC_LAC;LAC;1;2025;36;0;24;3;10;0;2,0;9,0;8;0;0;4;0;0;0;21;0;0;2,0;0;0;1
2025_09_LAC_TEN;LAC;9;2025;29;0;22;4;27;1;4,0;27,0;5;0;0;3;0;0;0;20;0;0;4,0;0;0;4
2023_12_KC_LV;KC;12;2023;37;3;17;2;15;0;1,0;13,0;4;0;0;2;0;0;0;17;0;0;1,0;0;0;4
2022_03_PIT_CLE;CLE;3;2022;27;8;18;2;5;1;1,0;3,0;2;0;0;4;0;0;1;17;0;0;1,0;0;2;4
2024_02_CLE_JAX;CLE;2;2024;33;6;6;9;34;1;4,0;24,0;7;0;0;5;0;1;0;13;0;0;4,0;2;0;7
2025_08_TEN_IND;TEN;8;2025;35;0;12;5;27;0;3,0;16,0;5;0;0;4;0;0;0;38;0;0;3,0;0;0;-4
2023_16_IND_ATL;IND;16;2023;38;10;24;4;10;0;1,0;0,0;3;0;0;5;0;0;0;29;0;0;1,0;0;0;-1
2023_10_SF_JAX;SF;10;2023;30;7;19;4;23;2;5,0;28,0;10;2;34;6;0;0;2;3;4;0;5,0;0;4;10
2023_13_CAR_TB;CAR;13;2023;29;2;22;2;12;0;1,0;8,0;3;1;-3;6;0;0;0;21;2;0;1,0;0;0;1
2025_05_DAL_NYJ;NYJ;5;2025;33;1;17;3;3;0;1,0;1,0;3;0;0;5;0;0;0;37;0;0;1,0;0;0;-4
2025_17_JAX_IND;IND;17;2025;45;0;26;6;29;0;2,0;14,0;7;1;0;7;0;0;1;23;2;0;2,0;0;2;1
2022_07_ATL_CIN;CIN;7;2022;29;6;16;4;20;0;3,0;17,0;5;0;0;2;0;0;0;17;0;0;3,0;0;0;4
2023_11_LAC_GB;GB;11;2023;35;6;16;4;22;1;2,0;16,0;5;0;0;5;0;0;1;20;0;0;2,0;0;2;4
2024_07_HOU_GB;HOU;7;2024;40;4;8;8;35;0;3,0;25,0;6;2;45;5;0;0;1;24;4;0;3,0;0;2;1
2024_15_NYJ_JAX;NYJ;15;2024;47;2;28;2;9;1;2,0;9,0;2;2;0;4;0;0;0;25;4;0;2,0;0;0;1
2024_13_ARI_MIN;ARI;13;2024;29;5;15;6;38;2;5,0;30,0;8;0;0;3;0;0;1;23;0;0;5,0;0;2;1
2024_17_ARI_LA;ARI;17;2024;23;3;31;3;8;0;0,0;0,0;2;0;0;7;0;0;0;13;0;0;0,0;0;0;7
2022_13_MIA_SF;SF;13;2022;23;5;11;2;18;1;3,0;20,0;5;3;28;6;0;0;1;17;6;0;3,0;0;2;4
2023_17_CIN_KC;KC;17;2023;43;7;19;8;36;0;6,0;38,0;14;0;0;4;0;0;0;17;0;0;6,0;0;0;4
2024_11_KC_BUF;BUF;11;2024;29;0;24;3;18;0;2,0;15,0;7;2;5;5;0;0;0;21;4;0;2,0;0;0;1
2023_10_HOU_CIN;HOU;10;2023;35;4;22;4;23;1;4,0;33,0;9;2;13;2;0;0;0;27;4;0;4,0;0;0;1
2024_04_LA_CHI;LA;4;2024;29;5;29;4;25;1;3,0;24,0;3;0;0;0;0;0;0;24;0;0;3,0;0;0;1
2024_05_NYJ_MIN;MIN;5;2024;38;6;18;4;31;1;3,0;26,0;11;3;63;9;1;0;0;17;6;6;3,0;0;0;4
2024_16_ARI_CAR;CAR;16;2024;31;1;37;4;27;0;3,0;26,0;3;1;3;5;0;0;1;30;2;0;3,0;0;2;-1
2024_10_NYG_CAR;CAR;10;2024;38;8;38;6;24;2;2,0;15,0;5;2;4;6;0;0;1;17;4;0;2,0;0;2;4
2025_14_MIA_NYJ;MIA;14;2025;27;1;29;7;36;1;6,0;27,0;8;3;5;9;0;0;0;10;6;0;6,0;0;0;7
2024_01_NYJ_SF;SF;1;2024;32;1;13;1;5;1;1,0;5,0;4;1;0;4;0;0;1;19;2;0;1,0;0;2;4
2024_15_IND_DEN;IND;15;2024;37;1;19;3;12;0;1,0;9,0;1;3;9;6;0;0;0;31;6;0;1,0;0;0;-1
2024_03_HOU_MIN;MIN;3;2024;37;4;20;9;57;0;5,0;49,0;8;2;8;8;0;0;0;7;4;0;5,0;0;0;7
2025_16_LAC_DAL;DAL;16;2025;39;2;32;3;5;1;0,0;0,0;5;0;0;2;0;0;0;34;0;0;0,0;0;0;-1
2022_05_CHI_MIN;CHI;5;2022;43;10;30;3;12;1;1,0;7,0;3;1;18;3;0;0;0;29;2;0;1,0;0;0;-1
2023_18_JAX_TEN;TEN;18;2023;41;8;22;2;2;0;0,0;0,0;2;2;4;5;0;0;0;20;4;0;0,0;0;0;4
2024_15_CIN_TEN;CIN;15;2024;40;4;28;7;28;2;1,0;7,0;5;4;79;7;1;0;2;27;8;6;1,0;0;4;1
2024_17_TEN_JAX;JAX;17;2024;37;1;31;6;24;1;3,0;15,0;5;1;3;6;0;0;0;13;2;0;3,0;0;0;7
2022_19_DAL_TB;DAL;19;2022;42;2;20;5;23;1;2,0;17,0;6;1;0;12;0;0;0;14;2;0;2,0;0;0;4
2025_01_CAR_JAX;JAX;1;2025;29;0;32;2;13;1;1,0;12,0;5;2;0;10;0;0;1;10;4;0;1,0;0;2;7
2023_01_CAR_ATL;CAR;1;2023;32;7;19;6;35;1;4,0;24,0;5;0;0;0;0;0;0;24;0;0;4,0;0;0;1
2024_11_LV_MIA;LV;11;2024;38;3;33;10;32;1;2,0;17,0;2;0;0;2;0;0;0;34;0;0;2,0;0;0;-1
2023_05_PHI_LA;PHI;5;2023;29;2;14;5;28;1;4,0;27,0;8;0;0;2;0;0;0;14;0;0;4,0;0;0;4
2024_03_JAX_BUF;BUF;3;2024;34;6;20;6;54;1;5,0;53,0;10;1;19;8;0;0;1;10;2;0;5,0;0;2;7
2022_12_LV_SEA;SEA;12;2022;43;6;40;2;3;0;1,0;2,0;4;2;39;7;0;0;0;40;4;0;1,0;0;0;-4
2024_16_JAX_LV;JAX;16;2024;40;2;18;7;28;0;2,0;12,0;5;0;0;5;0;0;0;19;0;0;2,0;0;0;4
2025_01_PIT_NYJ;PIT;1;2025;45;5;25;6;20;1;1,0;6,0;6;0;0;4;0;0;1;32;0;0;1,0;0;2;-1
2025_13_CHI_PHI;CHI;13;2025;27;0;20;1;3;1;0,0;0,0;1;1;0;3;0;0;1;15;2;0;0,0;0;2;4
2024_18_CLE_BAL;CLE;18;2024;43;1;15;3;8;0;0,0;0,0;5;0;0;4;0;0;0;35;0;0;0,0;0;0;-4
2023_12_SF_SEA;SF;12;2023;31;4;32;4;28;0;6,0;48,0;12;1;2;5;0;0;1;13;2;0;6,0;0;2;7
2022_10_DAL_GB;DAL;10;2022;41;11;29;2;10;3;2,0;16,0;2;0;0;0;0;0;2;31;0;0;2,0;0;4;-1
2026_01_NE_SEA;NE;1;2026;38;0;14;3;15;0;2,0;12,0;6;0;0;2;0;0;0;13;0;0;2,0;0;0;7
2023_06_NYG_BUF;BUF;6;2023;47;7;25;8;20;0;2,0;9,0;5;0;0;2;0;0;0;9;0;0;2,0;0;0;7
2022_04_KC_TB;KC;4;2022;36;3;15;2;6;2;1,0;12,0;5;0;0;4;0;0;2;31;0;0;1,0;0;4;-1
2023_05_CHI_WAS;WAS;5;2023;33;3;27;2;9;1;3,0;9,0;9;0;0;4;0;0;0;40;0;0;3,0;0;0;-4
2023_10_DEN_BUF;DEN;10;2023;21;5;31;1;1;2;0,0;0,0;3;2;9;4;0;0;2;22;4;0;0,0;0;4;1
2022_02_ARI_LV;LV;2;2022;43;2;34;1;7;0;1,0;7,0;5;1;7;7;0;0;0;29;2;0;1,0;0;0;-1
2022_11_DET_NYG;DET;11;2022;43;8;18;5;22;1;2,0;17,0;10;2;58;4;0;0;1;18;4;0;2,0;0;2;4
2024_08_NO_LAC;LAC;8;2024;41;2;22;6;34;0;5,0;32,0;7;0;0;5;0;0;0;8;0;0;5,0;0;0;7
2025_17_NE_NYJ;NYJ;17;2025;39;2;26;5;7;0;1,0;1,0;3;0;0;2;0;0;0;42;0;0;1,0;0;0;-4
2025_11_TB_BUF;BUF;11;2025;36;4;40;3;14;1;1,0;8,0;3;1;12;6;0;0;1;32;2;0;1,0;0;2;-1
2024_22_KC_PHI;KC;22;2024;46;1;29;10;28;0;2,0;11,0;3;1;0;1;0;0;0;40;2;0;2,0;0;0;-4
2024_17_KC_PIT;KC;17;2024;46;1;29;6;44;2;5,0;43,0;9;1;0;8;0;0;1;10;2;0;5,0;0;2;7
2023_15_BAL_JAX;JAX;15;2023;47;3;21;3;26;0;3,0;26,0;9;1;18;2;0;0;0;23;2;0;3,0;0;0;1
2025_13_HOU_IND;IND;13;2025;37;0;46;4;22;1;2,0;20,0;5;1;0;5;0;0;0;20;2;0;2,0;0;0;4
2025_18_CLE_CIN;CLE;18;2025;36;0;46;2;14;1;2,0;14,0;5;1;97;7;1;0;1;18;2;6;2,0;0;2;4
2023_08_CIN_SF;CIN;8;2023;37;5;13;3;11;1;2,0;18,0;7;2;25;4;0;0;1;17;4;0;2,0;0;2;4
2024_17_DEN_CIN;DEN;17;2024;53;5;35;6;19;1;7,0;28,0;15;0;0;2;0;0;1;30;0;0;7,0;0;2;-1
2024_16_DET_CHI;DET;16;2024;35;5;17;6;20;1;2,0;11,0;5;0;0;6;0;0;2;17;0;0;2,0;0;4;4
2022_15_SF_SEA;SEA;15;2022;33;7;29;2;8;0;1,0;6,0;3;0;0;3;0;0;0;21;0;0;1,0;0;0;1
2024_04_BUF_BAL;BAL;4;2024;26;1;33;5;32;1;3,0;27,0;8;0;0;2;0;0;1;10;0;0;3,0;0;2;7
2025_10_DET_WAS;DET;10;2025;36;0;22;3;17;0;2,0;18,0;6;0;0;4;0;0;0;22;0;0;2,0;0;0;1
2023_06_SEA_CIN;SEA;6;2023;34;6;12;4;19;0;3,0;17,0;5;1;0;6;0;0;0;17;2;0;3,0;0;0;4
2024_04_PHI_TB;PHI;4;2024;41;4;22;4;16;0;2,0;13,0;2;0;0;8;0;0;0;33;0;0;2,0;0;0;-1
2022_08_DEN_JAX;DEN;8;2022;41;8;24;6;20;1;2,0;19,0;2;2;0;3;0;0;0;17;4;0;2,0;0;0;4
2025_06_ARI_IND;IND;6;2025;47;2;16;6;20;0;2,0;8,0;12;1;9;3;0;0;0;27;2;0;2,0;0;0;1
2023_07_DET_BAL;DET;7;2023;29;5;17;0;0;0;0,0;0,0;1;0;0;0;0;0;1;38;0;0;0,0;0;2;-4
2022_14_NE_ARI;ARI;14;2022;27;7;23;4;18;0;1,0;10,0;1;1;5;5;0;0;0;27;2;0;1,0;0;0;1
2024_04_DEN_NYJ;NYJ;4;2024;24;8;26;7;16;1;0,0;0,0;2;0;0;2;0;0;1;10;0;0;0,0;0;2;7
2025_09_ARI_DAL;DAL;9;2025;39;1;33;8;46;0;5,0;40,0;11;0;0;2;0;0;0;27;0;0;5,0;0;0;1
2025_07_LA_JAX;LA;7;2025;42;0;18;5;32;1;7,0;32,0;11;0;0;10;0;0;0;7;0;0;7,0;0;0;7
2023_01_GB_CHI;CHI;1;2023;35;4;24;5;19;0;1,0;8,0;3;0;0;4;0;0;0;38;0;0;1,0;0;0;-4
2025_07_LV_KC;KC;7;2025;17;0;18;1;5;0;1,0;5,0;2;0;0;1;0;0;1;0;0;0;1,0;0;2;10
2025_16_BUF_CLE;CLE;16;2025;29;0;34;1;13;0;2,0;35,0;5;0;0;1;0;0;0;23;0;0;2,0;0;0;1
2026_01_BAL_IND;BAL;1;2026;32;1;25;6;24;1;2,0;17,0;9;1;1;4;0;0;1;23;2;0;2,0;0;2;1
2025_15_BAL_CIN;BAL;15;2025;44;0;40;3;27;1;3,0;27,0;10;2;116;5;1;0;0;0;4;6;3,0;0;0;10
2023_15_KC_NE;KC;15;2023;35;7;19;6;23;2;4,0;26,0;6;1;24;5;0;0;0;17;2;0;4,0;0;0;4
2022_11_CAR_BAL;BAL;11;2022;33;7;15;5;24;1;4,0;27,0;7;2;3;4;0;0;1;3;4;0;4,0;0;2;10
2025_03_MIA_BUF;MIA;3;2025;44;0;14;2;8;0;2,0;10,0;2;0;0;3;0;0;0;31;0;0;2,0;0;0;-1
2023_12_BUF_PHI;PHI;12;2023;57;4;26;3;16;0;1,0;7,0;4;1;5;9;0;0;0;34;2;0;1,0;0;0;-1
2025_02_ATL_MIN;MIN;2;2025;38;2;32;6;31;1;3,0;27,0;5;0;0;1;0;0;1;22;0;0;3,0;0;2;1
2025_03_LV_WAS;WAS;3;2025;41;2;26;8;35;0;5,0;28,0;9;0;0;4;0;0;0;24;0;0;5,0;0;0;1
2022_04_LAC_HOU;LAC;4;2022;29;6;24;6;33;1;4,0;31,0;10;2;39;5;0;0;0;24;4;0;4,0;0;0;1
2025_08_MIA_ATL;MIA;8;2025;30;1;27;4;10;0;1,0;5,0;4;0;0;2;0;0;1;10;0;0;1,0;0;2;7
2022_17_CAR_TB;TB;17;2022;40;2;12;3;11;2;2,0;15,0;6;1;0;4;0;0;2;24;2;0;2,0;0;4;1
2025_10_PIT_LAC;PIT;10;2025;36;0;46;11;33;0;5,0;21,0;9;0;0;5;0;0;0;25;0;0;5,0;0;0;1
2025_15_GB_DEN;DEN;15;2025;34;0;24;5;24;0;3,0;29,0;15;2;0;5;0;0;0;26;4;0;3,0;0;0;1
2024_12_TB_NYG;NYG;12;2024;30;6;40;3;5;3;0,0;0,0;2;0;0;2;0;0;1;30;0;0;0,0;0;2;-1
2025_04_CIN_DEN;CIN;4;2025;42;1;45;1;2;0;0,0;0,0;1;1;0;2;0;0;0;28;2;0;0,0;0;0;-1
2023_08_KC_DEN;DEN;8;2023;36;4;10;5;23;2;3,0;28,0;11;2;38;6;0;0;3;9;4;0;3,0;0;6;7
2022_02_NE_PIT;NE;2;2022;27;5;29;3;16;0;3,0;16,0;3;1;13;7;0;0;1;14;2;0;3,0;0;2;4
2022_11_DAL_MIN;DAL;11;2022;37;2;10;8;50;2;7,0;49,0;13;0;0;4;0;0;1;3;0;0;7,0;0;2;10
2023_11_CIN_BAL;CIN;11;2023;35;5;15;5;21;1;3,0;16,0;5;0;0;2;0;0;0;34;0;0;3,0;0;0;-1
2025_09_NO_LA;NO;9;2025;34;2;54;4;24;0;2,0;14,0;4;0;0;4;0;0;0;34;0;0;2,0;0;0;-1
2022_20_DAL_SF;DAL;20;2022;32;11;39;3;19;1;2,0;15,0;5;0;0;3;0;0;1;19;0;0;2,0;0;2;4
2025_08_BUF_CAR;BUF;8;2025;38;0;36;7;42;2;7,0;45,0;9;1;24;1;0;0;2;9;2;0;7,0;0;4;7
2025_19_LAC_NE;LAC;19;2025;38;0;24;7;36;2;5,0;33,0;5;1;2;2;0;0;1;16;2;0;5,0;0;2;4
2022_02_IND_JAX;IND;2;2022;51;5;17;7;9;0;0,0;0,0;2;0;0;3;0;0;0;24;0;0;0,0;0;0;1
2024_03_PHI_NO;NO;3;2024;45;6;16;7;25;2;4,0;23,0;8;1;23;3;0;0;1;15;2;0;4,0;0;2;4
2023_08_NYJ_NYG;NYJ;8;2023;41;13;43;9;27;1;4,0;16,0;8;0;0;4;0;0;0;10;0;0;4,0;0;0;7
2023_16_NYG_PHI;PHI;16;2023;35;2;14;4;9;1;1,0;2,0;6;1;0;2;0;0;0;25;2;0;1,0;0;0;1
2025_07_TB_DET;DET;7;2025;37;0;26;4;20;2;4,0;18,0;8;1;0;12;0;0;1;9;2;0;4,0;0;2;7
2026_02_DET_BUF;DET;2;2026;38;0;34;3;8;1;2,0;5,0;8;0;0;1;0;0;0;41;0;0;2,0;0;0;-4
2025_08_CLE_NE;CLE;8;2025;39;2;32;11;52;2;6,0;37,0;8;1;7;3;0;0;1;32;2;0;6,0;0;2;-1
2022_08_MIA_DET;MIA;8;2022;36;4;18;3;14;0;1,0;10,0;4;0;0;3;0;0;0;27;0;0;1,0;0;0;1
2023_03_BUF_WAS;WAS;3;2023;35;11;25;4;10;0;0,0;0,0;1;1;0;8;0;0;0;37;2;0;0,0;0;0;-4
2023_07_LAC_KC;KC;7;2023;33;2;24;5;40;0;5,0;40,0;8;2;13;7;0;0;0;17;4;0;5,0;0;0;4
2023_08_JAX_PIT;PIT;8;2023;48;7;19;4;14;2;3,0;21,0;6;1;7;2;0;0;2;20;2;0;3,0;0;4;4
2023_17_GB_MIN;MIN;17;2023;37;5;37;1;6;0;0,0;0,0;3;0;0;1;0;0;1;33;0;0;0,0;0;2;-1
2024_17_DAL_PHI;DAL;17;2024;41;1;25;5;16;0;0,0;0,0;1;0;0;3;0;0;0;41;0;0;0,0;0;0;-4
2024_10_MIN_JAX;MIN;10;2024;24;1;17;8;31;0;3,0;24,0;4;2;2;2;0;0;1;7;4;0;3,0;0;2;7
2025_17_BAL_GB;BAL;17;2025;24;0;32;1;3;0;2,0;12,0;4;1;6;1;0;0;1;24;2;0;2,0;0;2;1
2024_09_LV_CIN;CIN;9;2024;31;4;26;7;44;1;5,0;41,0;13;0;0;4;0;0;2;24;0;0;5,0;0;4;1
2024_16_PHI_WAS;WAS;16;2024;49;1;29;9;40;2;4,0;27,0;7;1;0;6;0;0;1;33;2;0;4,0;0;2;-1
2022_05_LV_KC;LV;5;2022;42;2;18;4;29;0;3,0;27,0;6;0;0;2;0;0;0;30;0;0;3,0;0;0;-1
2025_01_MIN_CHI;MIN;1;2025;40;1;25;6;23;1;2,0;12,0;3;0;0;3;0;0;1;24;0;0;2,0;0;2;1
2022_15_PHI_CHI;PHI;15;2022;40;4;22;9;59;3;6,0;61,0;6;0;0;2;0;0;1;20;0;0;6,0;0;2;4
2022_14_JAX_TEN;JAX;14;2022;31;11;25;4;19;2;4,0;27,0;9;1;13;8;0;0;3;22;2;0;4,0;0;6;1
2024_16_PHI_WAS;PHI;16;2024;36;2;30;4;8;3;1,0;3,0;2;2;35;7;0;0;3;36;4;0;1,0;0;6;-4
2023_15_PIT_IND;IND;15;2023;29;6;28;5;26;1;4,0;30,0;9;2;43;3;0;0;1;13;4;0;4,0;0;2;7
2025_09_MIN_DET;DET;9;2025;35;1;25;7;34;0;5,0;27,0;9;1;0;3;0;0;0;27;2;0;5,0;0;0;1
2023_03_BUF_WAS;BUF;3;2023;29;2;24;9;38;1;9,0;45,0;15;4;35;5;1;0;1;3;8;6;9,0;0;2;10
2022_16_DET_CAR;CAR;16;2022;35;4;16;3;23;0;2,0;19,0;7;0;0;7;0;0;1;23;0;0;2,0;0;2;1
2022_15_KC_HOU;KC;15;2022;28;7;21;3;8;1;1,0;4,0;5;0;0;6;0;0;1;24;0;0;1,0;0;2;1
2025_14_IND_JAX;IND;14;2025;37;2;28;4;8;2;0,0;0,0;0;0;0;9;0;0;1;36;0;0;0,0;0;2;-4
2023_17_LA_NYG;NYG;17;2023;27;9;31;4;22;2;4,0;31,0;8;2;22;3;0;0;1;26;4;0;4,0;0;2;1
2023_20_KC_BUF;KC;20;2023;42;5;37;4;10;2;0,0;0,0;2;0;0;3;0;0;0;24;0;0;0,0;0;0;1
2024_16_NE_BUF;BUF;16;2024;35;2;34;2;5;2;1,0;0,0;4;1;0;1;0;0;2;21;2;0;1,0;0;4;1
2023_08_NE_MIA;NE;8;2023;40;10;18;5;24;0;2,0;12,0;2;1;15;6;0;0;1;31;2;0;2,0;0;2;-1
2022_05_CHI_MIN;MIN;5;2022;28;5;21;3;11;2;2,0;15,0;3;0;0;2;0;0;1;22;0;0;2,0;0;2;1
2022_13_JAX_DET;JAX;13;2022;37;13;33;3;8;0;2,0;3,0;5;0;0;4;0;0;0;40;0;0;2,0;0;0;-4
2024_09_DET_GB;GB;9;2024;24;7;41;3;15;0;1,0;8,0;4;0;0;0;0;0;0;24;0;0;1,0;0;0;1
2025_15_MIN_DAL;MIN;15;2025;36;0;42;0;0;0;2,0;9,0;11;0;0;5;0;0;0;26;0;0;2,0;0;0;1
2022_03_SF_DEN;SF;3;2022;33;10;38;5;30;2;4,0;24,0;9;0;0;5;0;0;0;11;0;0;4,0;0;0;7
2022_16_NYG_MIN;NYG;16;2022;34;11;35;5;30;0;4,0;29,0;11;0;0;7;0;0;0;27;0;0;4,0;0;0;1
2022_17_PIT_BAL;BAL;17;2022;34;11;33;4;24;0;2,0;15,0;9;0;0;8;0;0;0;16;0;0;2,0;0;0;4
2022_13_LAC_LV;LV;13;2022;43;8;24;4;20;2;5,0;21,0;14;0;0;4;0;0;1;20;0;0;5,0;0;2;4
2022_16_SEA_KC;SEA;16;2022;26;3;23;2;5;0;1,0;4,0;3;0;0;5;0;0;0;24;0;0;1,0;0;0;1
2025_04_SEA_ARI;SEA;4;2025;41;0;26;5;30;0;6,0;36,0;7;2;44;8;0;0;0;20;4;0;6,0;0;0;4
2025_13_NYG_NE;NYG;13;2025;42;1;29;5;14;0;3,0;6,0;5;0;0;4;0;0;0;33;0;0;3,0;0;0;-1
2024_14_CAR_PHI;PHI;14;2024;42;2;24;6;21;0;1,0;7,0;8;1;15;5;0;0;0;16;2;0;1,0;0;0;4
2024_01_BAL_KC;BAL;1;2024;28;4;20;2;12;0;2,0;10,0;7;1;0;4;0;0;0;27;2;0;2,0;0;0;1
2025_13_BUF_PIT;BUF;13;2025;19;1;29;4;14;1;1,0;9,0;2;1;0;4;0;0;1;7;2;0;1,0;0;2;7
2025_18_ARI_LA;LA;18;2025;40;0;12;7;36;1;6,0;33,0;12;1;0;3;0;0;1;20;2;0;6,0;0;2;4
2022_03_LV_TEN;LV;3;2022;30;11;19;1;3;1;1,0;12,0;5;1;13;5;0;0;0;24;2;0;1,0;0;0;1
2023_04_WAS_PHI;WAS;4;2023;41;9;19;5;14;1;3,0;8,0;8;0;0;3;0;0;0;34;0;0;3,0;0;0;-1
2025_12_JAX_ARI;ARI;12;2025;33;1;29;3;15;1;3,0;19,0;5;3;0;7;0;0;1;27;6;0;3,0;0;2;1
2023_17_CAR_JAX;JAX;17;2023;31;6;14;8;53;0;6,0;45,0;8;1;27;4;0;0;0;0;2;0;6,0;0;0;10
2022_20_NYG_PHI;NYG;20;2022;43;0;26;5;10;1;1,0;6,0;0;0;0;1;0;0;0;38;0;0;1,0;0;0;-4
2023_01_LA_SEA;SEA;1;2023;39;9;37;4;15;0;0,0;0,0;2;0;0;1;0;0;0;30;0;0;0,0;0;0;-1
2025_10_ATL_IND;ATL;10;2025;47;1;47;9;62;4;7,0;59,0;7;1;3;5;0;0;1;31;2;0;7,0;0;2;-1
2022_17_PIT_BAL;PIT;17;2022;26;7;31;2;16;0;1,0;10,0;3;1;0;2;0;0;0;13;2;0;1,0;0;0;7
2023_08_PHI_WAS;PHI;8;2023;41;6;20;4;4;1;1,0;9,0;6;1;17;6;0;0;0;31;2;0;1,0;0;0;-1
2024_07_CAR_WAS;WAS;7;2024;30;4;22;5;17;1;2,0;4,0;2;2;86;3;1;0;0;7;4;6;2,0;0;0;7
2022_06_NYJ_GB;NYJ;6;2022;39;8;24;5;35;1;4,0;36,0;9;0;0;6;0;0;1;10;0;0;4,0;0;2;7
2024_08_MIN_LA;MIN;8;2024;31;9;31;6;8;0;0,0;0,0;2;1;0;5;0;0;0;30;2;0;0,0;0;0;-1
2023_02_MIA_NE;MIA;2;2023;44;7;27;8;39;1;4,0;31,0;8;1;0;6;0;0;1;17;2;0;4,0;0;2;4
2025_08_NYG_PHI;NYG;8;2025;33;0;28;3;22;0;4,0;28,0;5;0;0;4;0;0;0;38;0;0;4,0;0;0;-4
2023_14_GB_NYG;GB;14;2023;38;3;13;4;8;0;0,0;0,0;2;0;0;0;0;0;2;24;0;0;0,0;0;4;1
2025_16_NYJ_NO;NYJ;16;2025;43;0;38;3;20;1;3,0;18,0;5;0;0;2;0;0;1;29;0;0;3,0;0;2;-1
2022_15_BAL_CLE;CLE;15;2022;39;3;19;5;17;1;3,0;12,0;6;1;0;6;0;0;1;3;2;0;3,0;0;2;10
2022_09_LAC_ATL;ATL;9;2022;30;11;41;3;9;1;0,0;0,0;2;1;10;5;0;0;1;20;2;0;0,0;0;2;4
2023_04_KC_NYJ;NYJ;4;2023;33;6;24;3;8;0;1,0;6,0;9;2;1;4;0;1;0;23;4;0;1,0;2;0;1
2023_19_MIA_KC;MIA;19;2023;35;5;41;3;8;2;0,0;0,0;5;0;0;3;0;0;1;26;0;0;0,0;0;2;1
2024_02_CHI_HOU;CHI;2;2024;37;10;22;6;35;1;3,0;25,0;4;0;0;5;0;0;1;19;0;0;3,0;0;2;4
2023_15_LAC_LV;LAC;15;2023;26;8;30;2;7;0;1,0;6,0;3;0;0;9;0;0;0;63;0;0;1,0;0;0;-4
2023_13_SEA_DAL;SEA;13;2023;46;5;27;7;33;0;4,0;24,0;7;0;0;3;0;0;0;41;0;0;4,0;0;0;-4
2024_08_CHI_WAS;WAS;8;2024;35;5;21;5;30;0;3,0;26,0;8;0;0;1;0;0;1;15;0;0;3,0;0;2;4
2024_13_CHI_DET;DET;13;2024;27;4;16;7;30;0;5,0;33,0;10;0;0;5;0;0;0;20;0;0;5,0;0;0;4
2022_14_HOU_DAL;DAL;14;2022;41;6;30;2;5;1;0,0;0,0;1;1;0;4;0;0;1;23;2;0;0,0;0;2;1
2022_01_BUF_LA;BUF;1;2022;45;5;23;7;42;0;7,0;49,0;16;3;29;6;0;0;0;10;6;0;7,0;0;0;7
2025_08_DAL_DEN;DEN;8;2025;29;2;50;3;17;1;2,0;15,0;8;2;36;12;0;0;0;24;4;0;2,0;0;0;1
2022_03_SF_DEN;DEN;3;2022;27;8;24;5;33;1;4,0;32,0;6;1;1;6;0;1;2;10;2;0;4,0;2;4;7
2023_02_WAS_DEN;WAS;2;2023;29;6;24;4;20;1;7,0;31,0;14;1;3;4;0;0;1;33;2;0;7,0;0;2;-1
2023_04_MIA_BUF;MIA;4;2023;31;9;17;6;20;0;2,0;10,0;3;0;0;3;0;0;0;48;0;0;2,0;0;0;-4
2025_09_MIN_DET;MIN;9;2025;32;2;46;10;54;1;5,0;44,0;11;0;0;1;0;0;1;24;0;0;5,0;0;2;1
2025_04_JAX_SF;JAX;4;2025;32;2;32;3;5;3;1,0;3,0;3;2;8;4;0;0;2;21;4;0;1,0;0;4;1
2025_14_PIT_BAL;PIT;14;2025;51;0;28;5;22;0;2,0;16,0;5;1;9;5;0;0;0;22;2;0;2,0;0;0;1
2022_10_ATL_CAR;CAR;10;2022;34;4;32;8;42;0;5,0;33,0;10;1;18;4;0;0;0;15;2;0;5,0;0;0;4
2022_15_SF_SEA;SF;15;2022;38;6;16;5;26;2;3,0;31,0;9;0;0;7;0;0;1;13;0;0;3,0;0;2;7
2023_06_WAS_ATL;WAS;6;2023;39;13;31;1;11;0;3,0;11,0;6;3;23;9;0;0;0;16;6;0;3,0;0;0;4
2025_13_NO_MIA;NO;13;2025;34;0;32;7;27;0;4,0;23,0;6;1;0;3;0;0;0;21;2;0;4,0;0;0;1
2023_04_NE_DAL;DAL;4;2023;29;6;18;3;12;1;2,0;7,0;2;2;64;5;1;0;1;3;4;6;2,0;0;2;10
2025_18_NO_ATL;ATL;18;2025;35;1;43;6;29;1;4,0;27,0;4;1;59;8;0;0;1;17;2;0;4,0;0;2;4
2024_02_CIN_KC;CIN;2;2024;30;9;33;2;14;1;2,0;14,0;4;2;12;3;0;0;1;26;4;0;2,0;0;2;1
2024_03_CAR_LV;LV;3;2024;38;10;30;3;10;0;2,0;13,0;5;0;0;5;0;0;0;36;0;0;2,0;0;0;-4
2025_10_DET_WAS;WAS;10;2025;38;0;40;0;0;0;0,0;0,0;5;0;0;3;0;0;0;44;0;0;0,0;0;0;-4
2023_11_CHI_DET;DET;11;2023;46;7;27;7;28;2;2,0;18,0;4;0;0;2;0;1;1;26;0;0;2,0;2;2;1
2024_12_BAL_LAC;BAL;12;2024;35;0;18;6;25;1;4,0;16,0;7;0;0;5;0;0;0;23;0;0;4,0;0;0;1
2024_12_DAL_WAS;WAS;12;2024;33;3;41;6;21;1;1,0;6,0;2;0;0;6;0;0;1;34;0;0;1,0;0;2;-1
2023_01_LV_DEN;DEN;1;2023;28;3;23;1;3;0;0,0;0,0;3;1;0;5;0;0;0;17;2;0;0,0;0;0;4
2023_08_HOU_CAR;HOU;8;2023;38;9;31;8;46;0;6,0;55,0;10;0;0;3;0;0;0;15;0;0;6,0;0;0;4
2022_15_NYG_WAS;NYG;15;2022;33;6;28;3;8;4;3,0;21,0;8;0;0;6;0;0;2;12;0;0;3,0;0;4;7
2024_05_NO_KC;NO;5;2024;49;4;42;4;28;1;2,0;10,0;6;1;37;2;0;0;0;26;2;0;2,0;0;0;1
2025_10_PHI_GB;GB;10;2025;34;1;31;6;16;1;0,0;0,0;0;0;0;2;0;0;1;10;0;0;0,0;0;2;7
2025_15_NYJ_JAX;NYJ;15;2025;35;2;16;2;5;1;0,0;0,0;2;0;0;3;0;0;1;48;0;0;0,0;0;2;-4
2025_06_TEN_LV;LV;6;2025;35;1;25;7;49;1;5,0;47,0;8;1;0;2;0;0;2;10;2;0;5,0;0;4;7
2022_02_CHI_GB;GB;2;2022;28;6;18;6;34;0;3,0;22,0;5;1;0;2;0;0;0;10;2;0;3,0;0;0;7
2025_06_PHI_NYG;PHI;6;2025;39;0;36;1;1;0;2,0;1,0;3;0;0;4;0;0;0;34;0;0;2,0;0;0;-1
2024_05_BUF_HOU;HOU;5;2024;27;6;18;7;19;0;1,0;5,0;9;0;0;6;0;0;0;20;0;0;1,0;0;0;4
2022_18_LA_SEA;SEA;18;2022;33;9;25;4;22;0;5,0;24,0;10;1;4;5;0;0;0;16;2;0;5,0;0;0;4
2025_17_HOU_LAC;HOU;17;2025;37;2;28;8;36;1;5,0;35,0;8;1;0;5;0;0;0;16;2;0;5,0;0;0;4
2022_07_HOU_LV;LV;7;2022;38;3;29;2;7;0;1,0;6,0;9;1;73;3;1;0;0;20;2;6;1,0;0;0;4
2025_11_CAR_ATL;ATL;11;2025;52;0;16;6;31;0;5,0;29,0;10;0;0;7;0;0;0;30;0;0;5,0;0;0;-1
2025_10_ATL_IND;IND;10;2025;35;0;28;4;33;1;3,0;27,0;3;0;0;3;0;0;1;25;0;0;3,0;0;2;1
2026_02_CAR_ATL;CAR;2;2026;41;0;28;3;11;1;2,0;9,0;5;3;72;9;1;0;2;3;6;6;2,0;0;4;10
2025_04_SEA_ARI;ARI;4;2025;35;3;47;9;31;2;3,0;13,0;3;0;0;2;0;0;1;23;0;0;3,0;0;2;1
2024_02_CHI_HOU;HOU;2;2024;39;8;20;9;45;0;7,0;40,0;11;2;9;3;0;0;0;13;4;0;7,0;0;0;7
2025_18_CAR_TB;TB;18;2025;28;1;9;3;8;0;0,0;0,0;1;1;0;2;0;0;2;14;2;0;0,0;0;4;4
2024_12_TEN_HOU;TEN;12;2024;39;1;15;9;45;0;4,0;27,0;6;2;8;7;0;1;0;27;4;0;4,0;2;0;1
2025_22_SEA_NE;NE;22;2025;45;1;19;7;26;0;1,0;8,0;6;0;0;7;0;0;0;29;0;0;1,0;0;0;-1
2024_15_IND_DEN;DEN;15;2024;37;2;30;5;23;2;2,0;11,0;10;2;4;7;0;0;2;13;4;0;2,0;0;4;7
2022_03_HOU_CHI;HOU;3;2022;37;10;22;5;29;0;5,0;24,0;8;2;22;3;0;0;0;23;4;0;5,0;0;0;1
2022_02_NE_PIT;PIT;2;2022;35;5;33;0;0;0;0,0;0,0;3;1;13;5;0;0;0;17;2;0;0,0;0;0;4
2026_01_WAS_PHI;WAS;1;2026;32;0;24;10;39;0;3,0;21,0;5;0;0;2;0;0;0;24;0;0;3,0;0;0;1
2024_02_IND_GB;IND;2;2024;41;17;33;6;17;1;0,0;0,0;0;0;0;1;0;0;1;16;0;0;0,0;0;2;4
2023_01_BUF_NYJ;NYJ;1;2023;42;11;19;6;24;1;5,0;19,0;9;3;0;4;0;0;1;16;6;0;5,0;0;2;4
2025_16_BUF_CLE;BUF;16;2025;35;0;44;5;29;0;3,0;23,0;11;2;11;6;0;0;0;20;4;0;3,0;0;0;4
2025_07_HOU_SEA;HOU;7;2025;40;5;27;8;21;2;2,0;15,0;5;2;28;5;0;0;2;27;4;0;2,0;0;4;1
2024_14_BUF_LA;LA;14;2024;25;2;18;0;0;0;0,0;0,0;1;0;0;3;0;0;0;42;0;0;0,0;0;0;-4
2023_03_PIT_LV;LV;3;2023;31;7;25;4;14;0;1,0;7,0;5;0;0;3;0;0;0;23;0;0;1,0;0;0;1
2023_02_IND_HOU;HOU;2;2023;33;5;19;0;0;1;0,0;0,0;1;0;0;1;0;0;0;31;0;0;0,0;0;0;-1
2024_07_CIN_CLE;CLE;7;2024;26;13;23;6;20;0;3,0;17,0;7;0;0;4;0;0;0;21;0;0;3,0;0;0;1
2025_18_ARI_LA;ARI;18;2025;37;2;36;4;10;0;1,0;7,0;4;0;0;4;0;0;0;37;0;0;1,0;0;0;-4
2025_19_BUF_JAX;JAX;19;2025;45;0;20;1;12;1;1,0;12,0;3;0;0;0;0;0;1;27;0;0;1,0;0;2;1
2024_05_GB_LA;LA;5;2024;28;7;25;4;40;1;2,0;22,0;3;1;4;4;1;0;0;24;2;6;2,0;0;0;1
2024_11_SEA_SF;SF;11;2024;33;3;23;4;24;0;4,0;26,0;7;1;11;3;0;0;0;20;2;0;4,0;0;0;4
2025_10_BUF_MIA;BUF;10;2025;31;1;23;6;16;0;0,0;0,0;2;2;1;4;0;0;0;30;4;0;0,0;0;0;-1
2025_10_NO_CAR;CAR;10;2025;38;3;35;6;21;0;2,0;16,0;5;0;0;1;0;0;1;17;0;0;2,0;0;2;4
2023_02_IND_HOU;IND;2;2023;51;5;17;9;57;1;6,0;47,0;9;0;0;2;0;0;1;20;0;0;6,0;0;2;4
2024_10_NE_CHI;NE;10;2024;40;0;12;13;63;0;9,0;51,0;13;0;0;5;0;0;0;3;0;0;9,0;0;0;10
2025_06_CLE_PIT;PIT;6;2025;36;0;46;6;32;0;6,0;38,0;17;0;0;8;0;0;0;9;0;0;6,0;0;0;7
2022_10_IND_LV;IND;10;2022;37;3;25;4;15;0;2,0;16,0;5;0;0;8;0;0;0;20;0;0;2,0;0;0;4
2023_09_MIA_KC;MIA;9;2023;27;10;26;1;7;1;2,0;11,0;4;0;0;3;0;0;1;21;0;0;2,0;0;2;1
2022_10_LAC_SF;LAC;10;2022;34;8;42;5;16;1;1,0;10,0;1;0;0;0;0;0;1;22;0;0;1,0;0;2;1
2025_15_GB_DEN;GB;15;2025;41;1;25;3;5;1;0,0;0,0;3;0;0;6;0;0;1;34;0;0;0,0;0;2;-1
2023_17_NO_TB;TB;17;2023;39;12;38;3;11;0;1,0;6,0;0;0;0;3;0;0;0;23;0;0;1,0;0;0;1
2025_17_PIT_CLE;PIT;17;2025;28;1;29;5;5;0;2,0;2,0;4;2;27;4;0;0;0;13;4;0;2,0;0;0;7
2025_03_PIT_NE;PIT;3;2025;48;0;36;6;21;4;5,0;18,0;8;1;0;5;0;0;4;14;2;0;5,0;0;8;4
2022_11_CIN_PIT;PIT;11;2022;34;5;31;4;8;0;2,0;9,0;7;2;3;8;0;0;0;37;4;0;2,0;0;0;-4
2023_05_HOU_ATL;HOU;5;2023;43;13;29;2;3;2;0,0;0,0;4;0;0;3;0;0;2;21;0;0;0,0;0;4;1
2022_11_KC_LAC;LAC;11;2022;33;7;21;1;7;2;1,0;7,0;6;0;0;1;0;0;1;30;0;0;1,0;0;2;-1
2023_10_NYG_DAL;NYG;10;2023;50;5;19;3;5;0;0,0;0,0;4;2;32;5;0;0;0;49;4;0;0,0;0;0;-4
2022_01_CLE_CAR;CLE;1;2022;27;2;18;5;16;1;4,0;28,0;6;1;-4;7;0;0;0;24;2;0;4,0;0;0;1
2022_19_LAC_JAX;JAX;19;2022;33;6;32;4;24;0;3,0;20,0;10;0;0;7;0;0;0;30;0;0;3,0;0;0;-1
2023_04_WAS_PHI;PHI;4;2023;43;4;28;5;32;1;5,0;32,0;9;0;0;5;0;0;0;31;0;0;5,0;0;0;-1
2025_10_BAL_MIN;BAL;10;2025;36;0;18;3;9;2;1,0;3,0;12;2;27;13;0;0;1;19;4;0;1,0;0;2;4
2024_03_DET_ARI;ARI;3;2024;35;8;44;6;24;0;2,0;13,0;2;1;10;1;0;0;0;20;2;0;2,0;0;0;4
2023_08_ATL_TEN;TEN;8;2023;34;9;27;6;43;1;6,0;44,0;9;0;0;4;0;0;1;23;0;0;6,0;0;2;1
2022_13_TEN_PHI;TEN;13;2022;48;3;19;3;5;1;2,0;5,0;3;0;0;3;0;0;0;35;0;0;2,0;0;0;-4
2022_01_DEN_SEA;DEN;1;2022;26;8;24;3;26;3;2,0;18,0;4;0;0;2;0;0;1;17;0;0;2,0;0;2;4
2024_13_MIA_GB;MIA;13;2024;29;2;30;3;9;0;0,0;0,0;3;0;0;4;0;0;0;30;0;0;0,0;0;0;-1
2025_09_CHI_CIN;CIN;9;2025;37;0;48;2;9;0;2,0;9,0;7;0;0;6;0;0;0;47;0;0;2,0;0;0;-4
2025_09_KC_BUF;KC;9;2025;39;0;48;3;12;0;3,0;10,0;6;0;0;1;0;0;0;28;0;0;3,0;0;0;-1
2026_02_CAR_ATL;ATL;2;2026;34;1;27;3;10;1;2,0;15,0;8;0;0;4;0;0;0;34;0;0;2,0;0;0;-1
2022_07_SEA_LAC;SEA;7;2022;44;5;11;3;21;2;3,0;17,0;8;1;13;9;0;0;1;23;2;0;3,0;0;2;1
2022_04_NE_GB;GB;4;2022;40;7;25;6;24;1;4,0;32,0;6;0;0;0;0;0;1;24;0;0;4,0;0;2;1
2022_07_GB_WAS;GB;7;2022;36;4;48;5;12;0;1,0;3,0;9;1;63;6;1;0;0;23;2;6;1,0;0;0;1
2024_09_LA_SEA;SEA;9;2024;37;4;32;5;10;1;0,0;0,0;7;1;0;8;0;0;0;26;2;0;0,0;0;0;1
2024_09_LV_CIN;LV;9;2024;33;9;41;2;2;0;1,0;8,0;7;1;29;7;1;0;0;41;2;6;1,0;0;0;-4
2022_15_PIT_CAR;CAR;15;2022;39;7;35;3;14;0;1,0;10,0;2;0;0;2;0;0;0;24;0;0;1,0;0;0;1
2023_02_SF_LA;SF;2;2023;39;7;27;2;11;0;1,0;10,0;7;2;24;7;0;0;0;23;4;0;1,0;0;0;1
2024_02_NYJ_TEN;TEN;2;2024;34;8;18;6;23;0;2,0;12,0;3;0;0;2;0;0;0;24;0;0;2,0;0;0;1
2022_05_MIA_NYJ;NYJ;5;2022;33;4;22;2;5;1;2,0;8,0;16;1;3;4;0;1;1;17;2;0;2,0;2;2;4
2023_06_SF_CLE;CLE;6;2023;34;5;11;4;24;0;2,0;10,0;6;1;14;3;0;0;0;17;2;0;2,0;0;0;4
2025_05_HOU_BAL;BAL;5;2025;36;3;43;5;22;0;2,0;17,0;4;0;0;0;0;0;0;44;0;0;2,0;0;0;-4
2024_17_GB_MIN;MIN;17;2024;28;4;26;2;10;2;3,0;18,0;8;0;0;2;0;0;1;25;0;0;3,0;0;2;1
2024_05_CAR_CHI;CHI;5;2024;34;5;23;3;13;2;4,0;22,0;10;1;0;6;0;0;2;10;2;0;4,0;0;4;7
2022_13_PIT_ATL;PIT;13;2022;33;3;19;3;14;0;1,0;7,0;4;1;16;3;0;0;0;16;2;0;1,0;0;0;4
2025_18_SEA_SF;SF;18;2025;46;0;26;5;28;0;2,0;17,0;3;0;0;3;0;0;0;13;0;0;2,0;0;0;7
2024_14_JAX_TEN;TEN;14;2024;38;5;21;5;11;0;1,0;0,0;6;2;10;4;0;0;0;10;4;0;1,0;0;0;7
2023_14_CAR_NO;CAR;14;2023;27;6;24;3;25;0;1,0;9,0;6;1;2;3;0;0;0;28;2;0;1,0;0;0;-1
2022_08_BAL_TB;BAL;8;2022;33;4;16;5;24;0;3,0;20,0;6;0;0;7;0;0;1;22;0;0;3,0;0;2;1
2024_07_LV_LA;LV;7;2024;33;5;13;2;13;0;1,0;10,0;2;1;35;4;0;0;0;20;2;0;1,0;0;0;4
2022_12_LA_KC;LA;12;2022;32;4;42;0;0;0;0,0;0,0;2;1;0;3;0;0;1;26;2;0;0,0;0;2;1
2024_18_SEA_LA;SEA;18;2024;33;6;36;1;8;0;3,0;15,0;10;1;7;6;0;0;0;25;2;0;3,0;0;0;1
2025_20_SF_SEA;SEA;20;2025;38;0;28;4;21;3;2,0;16,0;5;1;0;7;0;0;2;6;2;0;2,0;0;4;10
2024_17_IND_NYG;NYG;17;2024;35;7;39;6;14;1;2,0;10,0;4;2;25;7;0;0;1;33;4;0;2,0;0;2;-1
2022_04_JAX_PHI;JAX;4;2022;41;6;44;6;17;0;2,0;13,0;5;1;59;5;1;0;0;29;2;6;2,0;0;0;-1
2022_15_ATL_NO;NO;15;2022;44;6;20;4;13;1;4,0;8,0;5;0;0;8;0;0;1;18;0;0;4,0;0;2;4
2022_16_ATL_BAL;BAL;16;2022;36;6;42;2;2;1;2,0;6,0;4;0;0;4;0;0;1;9;0;0;2,0;0;2;7
2024_13_LAC_ATL;LAC;13;2024;41;1;45;5;21;1;1,0;11,0;4;4;68;9;1;0;0;13;8;6;1,0;0;0;7
2023_20_HOU_BAL;BAL;20;2023;24;6;16;2;8;1;0,0;0,0;5;0;0;4;0;0;0;10;0;0;0,0;0;0;7
2024_10_MIA_LA;LA;10;2024;35;5;17;10;54;1;3,0;36,0;4;1;16;4;0;0;1;23;2;0;3,0;0;2;1
2022_02_CAR_NYG;NYG;2;2022;33;4;16;4;19;3;2,0;16,0;4;0;0;4;0;0;2;16;0;0;2,0;0;4;4
2023_06_CAR_MIA;CAR;6;2023;30;10;22;3;13;0;0,0;0,0;1;1;61;6;1;0;0;42;2;6;0,0;0;0;-4
2024_16_TB_DAL;TB;16;2024;34;3;17;4;6;0;1,0;6,0;4;0;0;2;0;0;0;26;0;0;1,0;0;0;1
2024_04_WAS_ARI;WAS;4;2024;39;4;28;3;15;3;4,0;27,0;7;0;0;1;0;0;1;14;0;0;4,0;0;2;4
2025_16_PHI_WAS;PHI;16;2025;29;1;25;5;13;0;2,0;8,0;4;1;11;6;0;0;0;18;2;0;2,0;0;0;4
2025_12_NYG_DET;DET;12;2025;41;2;40;4;10;1;1,0;4,0;7;1;0;6;0;0;0;27;2;0;1,0;0;0;1
2025_06_LAC_MIA;LAC;6;2025;36;2;24;4;15;0;2,0;9,0;4;3;23;5;0;0;0;27;6;0;2,0;0;0;1
2023_13_SEA_DAL;DAL;13;2023;24;5;25;1;5;0;1,0;0,0;6;1;0;6;0;0;0;35;2;0;1,0;0;0;-4
2024_16_SF_MIA;MIA;16;2024;32;2;26;3;20;0;3,0;20,0;6;1;0;4;0;0;0;17;2;0;3,0;0;0;4
2024_03_LAC_PIT;PIT;3;2024;26;9;21;7;46;1;5,0;44,0;7;0;0;1;0;0;0;10;0;0;5,0;0;0;7
2026_01_WAS_PHI;PHI;1;2026;41;0;32;2;8;1;1,0;1,0;2;0;0;2;0;0;0;22;0;0;1,0;0;0;1
2025_11_DAL_LV;LV;11;2025;32;0;46;2;2;1;1,0;1,0;4;0;0;3;0;0;1;33;0;0;1,0;0;2;-1
2025_12_PIT_CHI;PIT;12;2025;28;1;35;2;14;2;1,0;10,0;1;0;0;2;0;0;2;31;0;0;1,0;0;4;-1
2023_13_CIN_JAX;CIN;13;2023;40;6;32;6;26;1;4,0;16,0;7;0;0;5;0;0;0;31;0;0;4,0;0;0;-1
2025_01_TB_ATL;TB;1;2025;41;2;34;7;18;0;1,0;9,0;4;0;0;6;0;0;0;20;0;0;1,0;0;0;4
2025_08_CLE_NE;NE;8;2025;27;1;33;7;23;0;1,0;11,0;2;2;33;8;0;1;0;13;4;0;1,0;2;0;7
2023_14_PHI_DAL;DAL;14;2023;35;3;15;5;14;3;1,0;7,0;2;0;0;3;0;0;3;13;0;0;1,0;0;6;7
2023_16_ARI_CHI;CHI;16;2023;40;1;11;5;22;0;2,0;17,0;4;0;0;6;0;0;0;16;0;0;2,0;0;0;4
2025_11_DET_PHI;DET;11;2025;39;0;30;4;13;0;1,0;11,0;2;0;0;3;0;0;0;16;0;0;1,0;0;0;4
2025_16_PHI_WAS;WAS;16;2025;48;0;20;4;9;2;2,0;7,0;1;0;0;2;0;0;1;29;0;0;2,0;0;2;-1
2022_18_LAC_DEN;LAC;18;2022;37;1;23;4;19;1;2,0;17,0;4;1;4;4;0;0;1;31;2;0;2,0;0;2;-1
2023_14_TEN_MIA;MIA;14;2023;37;5;25;2;8;1;1,0;7,0;8;1;5;10;1;0;2;28;2;6;1,0;0;4;-1
2022_08_CIN_CLE;CLE;8;2022;27;4;26;4;28;1;5,0;39,0;7;1;0;6;0;0;1;13;2;0;5,0;0;2;7
2025_07_NE_TEN;TEN;7;2025;41;1;35;6;27;0;4,0;22,0;4;0;0;0;0;0;0;31;0;0;4,0;0;0;-1
2023_07_ARI_SEA;ARI;7;2023;36;6;26;5;15;1;2,0;16,0;3;1;0;3;0;0;2;20;2;0;2,0;0;4;4
2022_17_MIN_GB;GB;17;2022;28;7;29;1;9;1;2,0;18,0;8;3;120;10;1;0;1;17;6;6;2,0;0;2;4
2025_16_KC_TEN;TEN;16;2025;30;0;16;7;38;1;4,0;44,0;5;0;0;5;0;1;0;9;0;0;4,0;2;0;7
2023_02_LAC_TEN;TEN;2;2023;37;6;28;5;27;0;3,0;24,0;5;0;0;5;0;0;0;24;0;0;3,0;0;0;1
2023_10_HOU_CIN;CIN;10;2023;35;10;30;0;0;1;1,0;0,0;4;1;30;7;0;0;2;30;2;0;1,0;0;4;-1
2023_11_CIN_BAL;BAL;11;2023;36;7;17;5;33;0;5,0;33,0;7;0;0;7;0;0;0;20;0;0;5,0;0;0;4
2024_22_KC_PHI;PHI;22;2024;30;0;18;6;31;1;6,0;31,0;11;2;38;4;1;0;1;22;4;6;6,0;0;2;1
2023_02_NO_CAR;NO;2;2023;34;3;21;4;18;1;4,0;14,0;7;0;0;2;0;0;1;17;0;0;4,0;0;2;4
2024_10_DEN_KC;KC;10;2024;32;1;25;5;42;0;2,0;33,0;5;0;0;0;0;0;0;14;0;0;2,0;0;0;4
2023_09_TB_HOU;TB;9;2023;38;6;16;8;32;2;3,0;27,0;6;0;0;1;0;0;1;39;0;0;3,0;0;2;-4
2026_02_DET_BUF;BUF;2;2026;40;0;22;5;32;1;4,0;38,0;11;0;0;7;0;0;0;31;0;0;4,0;0;0;-1
2022_18_HOU_IND;IND;18;2022;35;3;21;5;25;2;1,0;10,0;6;2;38;4;1;0;1;32;4;6;1,0;0;2;-1
2024_07_NE_JAX;NE;7;2024;35;4;30;2;2;0;0,0;0,0;0;0;0;2;0;0;0;32;0;0;0,0;0;0;-1
2022_04_NE_GB;NE;4;2022;35;10;38;1;7;1;1,0;7,0;3;1;40;2;1;0;1;27;2;6;1,0;0;2;1
2025_12_ATL_NO;ATL;12;2025;57;0;22;6;34;0;5,0;29,0;9;1;0;6;0;0;1;10;2;0;5,0;0;2;7
2025_13_LV_LAC;LAC;13;2025;31;2;20;8;32;1;5,0;40,0;9;1;0;5;0;0;0;14;2;0;5,0;0;0;4
2025_06_BUF_ATL;BUF;6;2025;39;3;27;9;31;0;2,0;17,0;4;0;0;5;0;0;0;24;0;0;2,0;0;0;1
2022_13_NO_TB;TB;13;2022;40;5;15;3;19;0;2,0;18,0;3;0;0;4;0;0;0;16;0;0;2,0;0;0;4
2025_18_WAS_PHI;WAS;18;2025;33;0;22;3;15;0;3,0;14,0;6;1;28;3;0;0;0;17;2;0;3,0;0;0;4
2024_12_PHI_LA;LA;12;2024;36;6;32;4;18;0;1,0;12,0;2;0;0;2;0;0;0;37;0;0;1,0;0;0;-4
2022_03_NO_CAR;CAR;3;2022;40;2;14;3;13;1;1,0;11,0;6;2;0;8;0;0;1;14;4;0;1,0;0;2;4
2023_02_GB_ATL;GB;2;2023;39;12;40;1;1;0;1,0;2,0;6;1;-2;4;0;0;0;25;2;0;1,0;0;0;1
2024_18_MIA_NYJ;NYJ;18;2024;42;4;18;11;43;3;3,0;23,0;9;2;18;5;0;0;2;20;4;0;3,0;0;4;4
2023_06_DEN_KC;KC;6;2023;34;3;11;4;9;1;4,0;13,0;7;2;12;9;0;0;1;8;4;0;4,0;0;2;7
2024_12_NE_MIA;NE;12;2024;32;8;30;5;16;1;2,0;9,0;2;0;0;9;0;0;1;34;0;0;2,0;0;2;-1
2023_10_NYJ_LV;NYJ;10;2023;33;7;35;4;26;2;3,0;27,0;7;1;6;4;0;0;1;16;2;0;3,0;0;2;4
2024_01_GB_PHI;GB;1;2024;40;8;26;7;26;0;2,0;12,0;5;2;34;6;0;0;1;34;4;0;2,0;0;2;-1
2023_18_MIN_DET;MIN;18;2023;33;9;19;2;13;0;1,0;9,0;3;0;0;3;0;0;0;30;0;0;1,0;0;0;-1
2023_05_HOU_ATL;ATL;5;2023;33;4;18;3;12;0;0,0;0,0;2;0;0;5;0;0;0;19;0;0;0,0;0;0;4
2024_21_WAS_PHI;WAS;21;2024;39;0;28;5;24;0;2,0;16,0;3;0;0;4;0;0;0;55;0;0;2,0;0;0;-4
2024_01_LA_DET;DET;1;2024;38;8;30;7;16;0;2,0;13,0;12;1;0;5;0;0;0;20;2;0;2,0;0;0;4
2023_18_SEA_ARI;SEA;18;2023;37;8;44;6;9;0;1,0;2,0;3;0;0;2;0;0;0;20;0;0;1,0;0;0;4
2022_17_CLE_WAS;WAS;17;2022;24;7;29;7;23;0;5,0;14,0;5;0;0;2;0;0;0;24;0;0;5,0;0;0;1
2025_13_DEN_WAS;DEN;13;2025;49;3;31;8;29;2;2,0;18,0;6;1;27;9;0;0;0;26;2;0;2,0;0;0;1
2023_03_ATL_DET;ATL;3;2023;26;10;38;0;0;0;0,0;0,0;9;1;0;4;0;0;0;20;2;0;0,0;0;0;4
2023_18_NYJ_NE;NYJ;18;2023;31;3;25;8;59;0;7,0;57,0;10;2;14;10;0;0;0;3;4;0;7,0;0;0;10
2024_03_CAR_LV;CAR;3;2024;32;6;20;3;20;0;3,0;20,0;6;1;1;7;0;0;0;22;2;0;3,0;0;0;1
2024_11_IND_NYJ;NYJ;11;2024;44;6;26;7;41;1;2,0;31,0;5;0;0;1;0;0;1;28;0;0;2,0;0;2;-1
2025_02_JAX_CIN;CIN;2;2025;43;0;26;2;14;0;1,0;10,0;4;2;4;8;0;0;0;27;4;0;1,0;0;0;1
2025_11_CIN_PIT;PIT;11;2025;31;2;38;2;8;1;1,0;7,0;3;1;73;8;1;0;1;12;2;6;1,0;0;2;7
2024_02_LA_ARI;LA;2;2024;40;6;26;6;15;1;1,0;8,0;1;0;0;1;0;0;1;41;0;0;1,0;0;2;-4
2024_06_LAC_DEN;DEN;6;2024;42;4;32;5;17;1;3,0;15,0;6;0;0;6;0;0;0;23;0;0;3,0;0;0;1
2023_18_TB_CAR;TB;18;2023;35;1;25;4;21;2;3,0;26,0;4;0;0;0;0;0;2;0;0;0;3,0;0;4;10
2022_16_JAX_NYJ;NYJ;16;2022;40;8;32;4;8;1;1,0;11,0;6;0;0;2;0;0;1;19;0;0;1,0;0;2;4
2023_10_IND_NE;NE;10;2023;32;5;19;3;9;0;0,0;0,0;1;1;6;4;0;0;0;10;2;0;0,0;0;0;7
2023_01_SF_PIT;SF;1;2023;37;5;17;7;43;0;5,0;34,0;9;2;37;4;0;0;0;7;4;0;5,0;0;0;7
2024_14_GB_DET;GB;14;2024;34;4;50;4;8;0;1,0;3,0;3;1;16;3;0;0;0;34;2;0;1,0;0;0;-1
2024_04_BUF_BAL;BUF;4;2024;34;6;24;6;11;2;1,0;1,0;3;0;0;1;0;0;1;35;0;0;1,0;0;2;-4
2025_08_NYJ_CIN;CIN;8;2025;43;1;39;3;4;0;0,0;0,0;1;0;0;4;0;0;0;39;0;0;0,0;0;0;-4
2022_06_NE_CLE;NE;6;2022;33;8;16;2;6;1;3,0;6,0;9;2;15;8;0;0;2;15;4;0;3,0;0;4;4
2024_19_PIT_BAL;PIT;19;2024;44;3;35;5;20;0;1,0;10,0;1;0;0;2;0;0;0;28;0;0;1,0;0;0;-1
2025_16_CIN_MIA;CIN;16;2025;32;1;43;3;6;2;0,0;0,0;4;2;16;7;0;0;1;21;4;0;0,0;0;2;1
2023_08_NO_IND;IND;8;2023;31;17;31;1;2;1;1,0;4,0;2;0;0;2;0;0;1;38;0;0;1,0;0;2;-4
2024_15_DAL_CAR;DAL;15;2024;35;1;13;7;47;2;6,0;44,0;10;2;22;4;0;0;2;14;4;0;6,0;0;4;4
2023_18_PHI_NYG;NYG;18;2023;39;9;15;3;32;2;5,0;37,0;5;2;4;8;0;0;2;10;4;0;5,0;0;4;7
2023_16_DAL_MIA;DAL;16;2023;34;6;24;3;7;0;1,0;9,0;5;0;0;0;0;0;0;22;0;0;1,0;0;0;1
2022_19_NYG_MIN;NYG;19;2022;27;14;22;2;6;1;0,0;0,0;11;0;0;3;0;0;0;24;0;0;0,0;0;0;1
2022_10_DET_CHI;CHI;10;2022;39;7;11;5;18;0;2,0;8,0;3;0;0;2;0;0;0;31;0;0;2,0;0;0;-1
2022_03_PIT_CLE;PIT;3;2022;43;9;27;3;14;0;2,0;15,0;4;0;0;4;0;0;0;29;0;0;2,0;0;0;-1
2024_12_TB_NYG;TB;12;2024;31;6;24;6;27;2;4,0;23,0;9;0;0;3;0;0;1;7;0;0;4,0;0;2;7
2024_17_LV_NO;LV;17;2024;22;1;29;3;18;2;4,0;30,0;7;2;14;9;0;0;0;10;4;0;4,0;0;0;7
2022_18_MIN_CHI;MIN;18;2022;28;4;16;4;10;0;1,0;6,0;3;2;28;6;0;0;0;13;4;0;1,0;0;0;7
2024_09_NE_TEN;NE;9;2024;44;5;29;5;21;2;1,0;7,0;4;1;0;4;0;0;0;20;2;0;1,0;0;0;4
2023_04_ARI_SF;SF;4;2023;39;8;18;3;14;0;1,0;8,0;7;0;0;0;0;0;0;16;0;0;1,0;0;0;4
2023_11_SEA_LA;SEA;11;2023;29;7;29;2;8;0;1,0;5,0;3;1;0;6;0;0;0;17;2;0;1,0;0;0;4
2025_13_HOU_IND;HOU;13;2025;25;2;32;5;15;0;1,0;6,0;6;0;0;4;0;0;0;16;0;0;1,0;0;0;4
2025_10_NYG_CHI;CHI;10;2025;38;1;29;7;26;1;4,0;25,0;9;0;0;5;0;0;1;20;0;0;4,0;0;2;4
2024_17_BAL_HOU;BAL;17;2024;31;3;17;6;40;1;5,0;37,0;9;1;0;3;0;0;0;2;2;0;5,0;0;0;10
2023_14_TB_ATL;ATL;14;2023;40;3;23;2;7;1;1,0;2,0;1;0;0;5;0;0;0;29;0;0;1,0;0;0;-1
2022_17_MIA_NE;MIA;17;2022;31;5;19;4;32;0;3,0;31,0;5;0;0;3;0;0;0;23;0;0;3,0;0;0;1
2024_03_CHI_IND;IND;3;2024;41;11;39;7;41;1;4,0;31,0;6;2;5;5;0;0;1;16;4;0;4,0;0;2;4
2025_19_LAC_NE;NE;19;2025;36;0;34;6;40;2;6,0;39,0;11;0;0;5;0;0;1;3;0;0;6,0;0;2;10
2024_03_NYG_CLE;NYG;3;2024;26;12;32;5;32;1;8,0;48,0;17;0;0;3;0;0;2;15;0;0;8,0;0;4;4
2024_13_LV_KC;KC;13;2024;42;5;23;6;26;1;3,0;22,0;4;0;0;6;0;0;1;17;0;0;3,0;0;2;4
2023_18_CHI_GB;CHI;18;2023;37;9;19;3;13;1;1,0;8,0;1;0;0;3;0;0;1;17;0;0;1,0;0;2;4
2024_18_LAC_LV;LAC;18;2024;27;1;13;3;8;0;0,0;0,0;5;1;4;2;0;0;0;20;2;0;0,0;0;0;4
2024_18_CHI_GB;CHI;18;2024;36;4;40;6;27;3;3,0;21,0;7;0;0;4;0;0;2;22;0;0;3,0;0;4;1
2024_18_NYG_PHI;PHI;18;2024;25;0;46;3;10;0;0,0;0,0;2;1;21;3;0;0;0;13;2;0;0,0;0;0;7
2025_03_NO_SEA;NO;3;2025;31;4;32;3;4;1;0,0;0,0;2;0;0;2;0;0;1;44;0;0;0,0;0;2;-4
2023_18_ATL_NO;NO;18;2023;31;1;33;4;10;0;1,0;7,0;4;2;90;3;0;0;1;17;4;0;1,0;0;2;4
2025_17_PHI_BUF;BUF;17;2025;31;0;18;4;9;0;1,0;2,0;4;0;0;3;0;0;0;13;0;0;1,0;0;0;7
2024_16_TEN_IND;TEN;16;2024;33;6;46;2;9;0;1,0;8,0;1;1;19;1;0;0;0;38;2;0;1,0;0;0;-4
2025_20_HOU_NE;HOU;20;2025;40;1;35;9;48;4;5,0;36,0;2;1;0;6;0;0;2;28;2;0;5,0;0;4;-1
2022_06_MIN_MIA;MIN;6;2022;43;6;18;6;34;1;6,0;33,0;13;2;6;9;0;0;1;16;4;0;6,0;0;2;4
2025_13_NO_MIA;MIA;13;2025;41;1;37;5;23;1;4,0;26,0;8;1;38;6;0;0;1;17;2;0;4,0;0;2;4
2023_17_PIT_SEA;PIT;17;2023;34;1;11;2;9;1;1,0;9,0;9;0;0;3;0;0;1;23;0;0;1,0;0;2;1
2024_15_TB_LAC;TB;15;2024;34;1;13;2;16;2;3,0;25,0;10;1;0;2;0;0;1;17;2;0;3,0;0;2;4
2025_21_LA_SEA;SEA;21;2025;36;0;24;1;9;2;1,0;9,0;3;0;0;7;0;0;1;27;0;0;1,0;0;2;1
2023_02_CHI_TB;CHI;2;2023;36;10;36;3;7;2;0,0;0,0;1;0;0;2;0;0;0;27;0;0;0,0;0;0;1
2023_18_BUF_MIA;BUF;18;2023;26;1;21;4;15;0;1,0;6,0;3;2;0;5;0;0;0;14;4;0;1,0;0;0;4
2023_11_PHI_KC;KC;11;2023;39;1;7;8;26;1;5,0;26,0;4;1;0;3;0;0;0;21;2;0;5,0;0;0;1
2023_11_ARI_HOU;HOU;11;2023;35;6;20;7;29;0;2,0;13,0;5;1;0;7;0;0;1;16;2;0;2,0;0;2;4
2022_02_CIN_DAL;DAL;2;2022;40;1;25;8;39;1;6,0;34,0;9;0;0;4;0;0;0;17;0;0;6,0;0;0;4
2026_02_CIN_HOU;CIN;2;2026;40;2;34;8;49;0;4,0;39,0;7;0;0;8;0;0;0;6;0;0;4,0;0;0;10
2023_02_NYJ_DAL;DAL;2;2023;24;2;12;5;25;1;3,0;19,0;5;3;40;7;0;0;1;10;6;0;3,0;0;2;7
2023_17_NE_BUF;NE;17;2023;32;17;29;1;4;2;1,0;15,0;4;1;0;3;0;0;0;27;2;0;1,0;0;0;1
2023_18_DAL_WAS;DAL;18;2023;33;4;18;4;28;1;4,0;27,0;7;2;0;7;0;0;1;10;4;0;4,0;0;2;7
2022_05_PHI_ARI;PHI;5;2022;44;4;16;8;30;0;1,0;11,0;2;1;0;3;0;0;0;17;2;0;1,0;0;0;4
2024_08_GB_JAX;GB;8;2024;27;8;28;3;11;1;1,0;9,0;4;1;0;5;0;0;1;27;2;0;1,0;0;2;1
2023_01_MIA_LAC;MIA;1;2023;40;16;32;2;20;0;3,0;29,0;5;0;0;1;0;0;0;34;0;0;3,0;0;0;-1
2022_01_TB_DAL;DAL;1;2022;40;4;24;4;25;0;2,0;17,0;4;1;0;3;0;0;0;19;2;0;2,0;0;0;4
2023_02_LV_BUF;BUF;2;2023;18;9;15;3;8;1;0,0;0,0;2;2;3;5;0;0;1;10;4;0;0,0;0;2;7
2023_01_DAL_NYG;DAL;1;2023;39;5;21;9;48;3;7,0;47,0;12;2;22;8;1;0;1;0;4;6;7,0;0;2;10
2023_04_SEA_NYG;SEA;4;2023;47;8;34;9;53;2;11,0;67,0;14;2;118;4;1;0;1;3;4;6;11,0;0;2;10
2023_03_NYG_SF;SF;3;2023;29;3;11;4;26;0;2,0;16,0;6;1;8;3;0;0;0;12;2;0;2,0;0;0;7
2022_05_DET_NE;NE;5;2022;34;9;27;3;17;1;2,0;18,0;6;1;0;3;0;0;1;0;2;0;2,0;0;2;10
2023_15_PIT_IND;PIT;15;2023;43;7;19;3;13;0;3,0;13,0;5;0;0;4;0;0;0;30;0;0;3,0;0;0;-1
2025_05_KC_JAX;JAX;5;2025;40;0;28;1;6;0;0,0;0,0;4;1;99;6;1;0;0;28;2;6;0,0;0;0;-1
2025_09_CAR_GB;CAR;9;2025;36;1;39;4;18;1;1,0;8,0;6;1;36;4;0;0;1;13;2;0;1,0;0;2;7
2023_08_TB_BUF;BUF;8;2023;30;9;17;3;13;0;3,0;13,0;10;0;0;8;0;0;0;18;0;0;3,0;0;0;4
2024_18_BUF_NE;BUF;18;2024;29;9;33;6;18;0;1,0;9,0;4;0;0;2;0;0;1;23;0;0;1,0;0;2;1
2023_14_PHI_DAL;PHI;14;2023;37;9;29;3;14;1;3,0;15,0;3;0;0;9;0;0;1;33;0;0;3,0;0;2;-1
2024_05_TB_ATL;ATL;5;2024;32;6;24;6;17;2;1,0;7,0;1;0;0;1;0;0;1;30;0;0;1,0;0;2;-1
2025_04_WAS_ATL;ATL;4;2025;31;1;29;4;10;2;2,0;9,0;6;1;0;3;0;0;0;27;2;0;2,0;0;0;1
2023_04_MIA_BUF;BUF;4;2023;41;6;10;5;33;2;4,0;31,0;9;1;23;5;0;0;1;20;2;0;4,0;0;2;4
2024_18_SF_ARI;SF;18;2024;36;2;24;3;4;1;0,0;0,0;2;0;0;5;0;0;0;47;0;0;0,0;0;0;-4
2022_09_BAL_NO;BAL;9;2022;33;2;12;5;24;0;4,0;28,0;7;1;5;6;0;0;0;13;2;0;4,0;0;0;7
2023_11_PIT_CLE;PIT;11;2023;38;7;29;4;10;0;1,0;2,0;4;1;0;6;0;0;0;13;2;0;1,0;0;0;7
2023_11_DAL_CAR;DAL;11;2023;24;5;37;5;36;1;6,0;46,0;11;1;30;2;1;0;1;10;2;6;6,0;0;2;7
2022_18_CLE_PIT;PIT;18;2022;29;7;39;6;45;0;7,0;57,0;10;2;15;6;0;0;0;14;4;0;7,0;0;0;4
2023_18_PIT_BAL;PIT;18;2023;33;6;12;5;30;2;4,0;28,0;6;0;0;2;0;0;2;10;0;0;4,0;0;4;7
2022_10_HOU_NYG;HOU;10;2022;38;14;34;5;22;0;3,0;21,0;6;0;0;1;0;0;0;24;0;0;3,0;0;0;1
2025_04_CIN_DEN;DEN;4;2025;22;0;24;2;13;0;3,0;19,0;6;0;0;2;0;0;0;3;0;0;3,0;0;0;10
2022_01_SF_CHI;CHI;1;2022;48;4;12;3;10;1;2,0;9,0;4;1;26;3;0;0;1;10;2;0;2,0;0;2;7
2023_17_TEN_HOU;HOU;17;2023;23;9;37;5;27;1;6,0;50,0;12;0;0;4;0;0;1;3;0;0;6,0;0;2;10
2023_06_NE_LV;NE;6;2023;37;6;22;1;2;0;0,0;0,0;3;1;0;5;0;0;0;21;2;0;0,0;0;0;1
2025_16_NE_BAL;NE;16;2025;38;0;26;4;18;2;1,0;7,0;5;0;0;1;0;0;2;24;0;0;1,0;0;4;1
2022_04_SEA_DET;DET;4;2022;41;6;14;3;8;1;0,0;0,0;3;0;0;3;0;0;1;48;0;0;0,0;0;2;-4
2025_17_CHI_SF;SF;17;2025;34;1;23;4;9;0;0,0;0,0;3;0;0;5;0;0;0;38;0;0;0,0;0;0;-4
2025_16_NYJ_NO;NO;16;2025;32;1;39;11;62;1;8,0;57,0;9;1;29;6;0;0;1;6;2;0;8,0;0;2;10
2026_02_IND_KC;KC;2;2026;37;0;40;6;9;0;0,0;0,0;4;1;0;5;0;0;0;30;2;0;0,0;0;0;-1
2023_16_GB_CAR;CAR;16;2023;30;4;38;1;12;1;1,0;12,0;2;0;0;1;0;0;0;33;0;0;1,0;0;0;-1
2025_14_TEN_CLE;TEN;14;2025;36;2;26;5;21;1;2,0;13,0;13;1;35;9;0;0;1;29;2;0;2,0;0;2;-1
2022_12_NE_MIN;MIN;12;2022;35;6;14;3;25;0;3,0;18,0;3;0;0;4;0;0;0;26;0;0;3,0;0;0;1
2023_05_KC_MIN;KC;5;2023;40;4;14;3;25;1;3,0;25,0;12;0;0;8;0;0;1;20;0;0;3,0;0;2;4
2025_13_SF_CLE;SF;13;2025;37;1;31;5;36;1;3,0;34,0;6;0;0;1;0;0;2;8;0;0;3,0;0;4;7
2023_09_TEN_PIT;TEN;9;2023;30;8;32;2;6;0;0,0;0,0;2;0;0;3;0;0;0;20;0;0;0,0;0;0;4
2024_03_GB_TEN;GB;3;2024;35;4;20;6;45;1;8,0;56,0;12;2;35;2;1;0;1;14;4;6;8,0;0;2;4
2023_15_PHI_SEA;SEA;15;2023;44;6;20;4;12;0;0,0;0,0;0;2;0;6;0;0;0;17;4;0;0,0;0;0;4
2022_07_IND_TEN;IND;7;2022;32;11;25;4;20;0;2,0;16,0;7;0;0;3;0;0;1;19;0;0;2,0;0;2;4
2024_03_HOU_MIN;HOU;3;2024;32;7;19;6;31;1;4,0;25,0;6;0;0;3;0;0;0;34;0;0;4,0;0;0;-1
2024_06_DET_DAL;DAL;6;2024;40;3;27;4;25;1;3,0;26,0;7;0;0;2;0;0;0;47;0;0;3,0;0;0;-4
2024_16_HOU_KC;HOU;16;2024;44;2;28;4;13;0;1,0;9,0;4;0;0;3;0;0;0;27;0;0;1,0;0;0;1
2022_01_PIT_CIN;PIT;1;2022;55;8;30;7;31;2;7,0;39,0;11;4;31;9;1;0;1;20;8;6;7,0;0;2;4
2023_12_NO_ATL;ATL;12;2023;38;7;25;3;11;2;1,0;8,0;3;1;92;5;1;0;1;15;2;6;1,0;0;2;4
2022_08_TEN_HOU;TEN;8;2022;32;5;13;7;50;0;3,0;34,0;6;1;0;2;0;0;0;10;2;0;3,0;0;0;7
2022_02_HOU_DEN;DEN;2;2022;32;4;16;3;12;2;3,0;23,0;6;0;0;4;0;0;0;9;0;0;3,0;0;0;7
2023_15_WAS_LA;LA;15;2023;27;5;19;3;12;0;1,0;8,0;4;1;2;9;0;0;0;20;2;0;1,0;0;0;4
2022_11_TEN_GB;TEN;11;2022;35;9;21;4;15;1;1,0;12,0;3;0;0;3;0;0;0;17;0;0;1,0;0;0;4
2023_03_CHI_KC;CHI;3;2023;35;13;39;4;5;0;0,0;0,0;5;2;42;4;0;0;0;41;4;0;0,0;0;0;-4
2022_02_HOU_DEN;HOU;2;2022;35;8;24;3;16;0;3,0;18,0;7;1;0;6;0;0;0;16;2;0;3,0;0;0;4
2024_19_DEN_BUF;DEN;19;2024;48;1;31;3;12;0;2,0;11,0;4;0;0;1;0;0;0;31;0;0;2,0;0;0;-1
2024_13_TB_CAR;TB;13;2024;40;3;13;2;10;1;1,0;9,0;11;0;0;1;0;0;1;23;0;0;1,0;0;2;1
2024_16_NYG_ATL;NYG;16;2024;31;5;37;7;13;0;0,0;0,0;2;1;26;4;0;0;0;34;2;0;0,0;0;0;-1
2022_15_DET_NYJ;NYJ;15;2022;33;11;23;2;3;0;0,0;0,0;5;0;0;3;0;0;0;20;0;0;0,0;0;0;4
2026_01_CHI_CAR;CAR;1;2026;45;1;27;4;11;1;2,0;8,0;3;0;0;1;0;0;1;59;0;0;2,0;0;2;-4
2024_08_BUF_SEA;SEA;8;2024;42;4;24;0;0;0;0,0;0,0;0;1;33;4;0;0;0;31;2;0;0,0;0;0;-1
2022_12_DEN_CAR;DEN;12;2022;37;10;32;1;3;1;0,0;0,0;2;0;0;1;0;0;1;23;0;0;0,0;0;2;1
2024_02_TB_DET;TB;2;2024;47;10;32;4;15;0;0,0;0,0;10;2;21;9;0;0;0;16;4;0;0,0;0;0;4
2025_01_PIT_NYJ;NYJ;1;2025;33;0;30;7;34;2;4,0;26,0;7;0;0;4;0;0;0;34;0;0;4,0;0;0;-1
2025_03_ATL_CAR;CAR;3;2025;41;2;22;2;7;1;0,0;0,0;2;2;65;3;1;0;1;0;4;6;0,0;0;2;10
2022_04_CLE_ATL;CLE;4;2022;33;4;12;5;17;0;1,0;8,0;5;1;0;5;0;0;0;23;2;0;1,0;0;0;1
2025_04_MIN_PIT;MIN;4;2025;37;0;32;4;21;1;2,0;18,0;3;0;0;0;0;0;0;24;0;0;2,0;0;0;1
2023_09_LA_GB;LA;9;2023;36;11;39;3;13;2;4,0;21,0;5;0;0;1;0;0;2;20;0;0;4,0;0;4;4
2022_13_GB_CHI;CHI;13;2022;40;5;19;4;11;0;0,0;0,0;0;0;0;0;0;0;0;28;0;0;0,0;0;0;-1
2022_06_ARI_SEA;ARI;6;2022;37;10;24;8;43;1;5,0;37,0;7;0;0;6;0;0;1;19;0;0;5,0;0;2;4
2023_10_NO_MIN;NO;10;2023;43;8;22;5;10;0;1,0;5,0;4;0;0;6;0;0;0;27;0;0;1,0;0;0;1
2024_17_ATL_WAS;WAS;17;2024;28;2;28;3;33;2;2,0;12,0;2;1;29;5;0;0;0;24;2;0;2,0;0;0;1
2025_06_BUF_ATL;ATL;6;2025;32;1;31;3;27;1;4,0;23,0;6;2;6;9;0;0;0;14;4;0;4,0;0;0;4
2024_19_PIT_BAL;BAL;19;2024;23;1;21;3;19;0;4,0;19,0;7;0;0;1;0;0;0;14;0;0;4,0;0;0;4
2022_12_ATL_WAS;ATL;12;2022;22;8;46;0;0;0;0,0;0,0;2;1;12;3;0;0;0;19;2;0;0,0;0;0;4
2022_03_GB_TB;TB;3;2022;41;5;19;3;10;2;1,0;7,0;6;1;0;1;0;0;1;14;2;0;1,0;0;2;4
2025_14_DEN_LV;LV;14;2025;46;0;38;4;12;0;3,0;8,0;6;0;0;2;0;0;0;24;0;0;3,0;0;0;1
2025_06_DEN_NYJ;NYJ;6;2025;32;2;32;3;9;2;1,0;6,0;3;0;0;2;0;1;1;13;0;0;1,0;2;2;7
2023_01_CIN_CLE;CIN;1;2023;38;9;33;3;13;1;3,0;10,0;5;1;20;5;0;0;1;24;2;0;3,0;0;2;1
2022_13_CLE_HOU;HOU;13;2022;29;15;31;2;2;2;1,0;1,0;2;1;29;3;0;1;1;27;2;0;1,0;2;2;1
2022_08_CAR_ATL;ATL;8;2022;41;6;24;3;11;0;1,0;8,0;2;1;28;7;1;0;0;34;2;6;1,0;0;0;-1
2022_05_DAL_LA;DAL;5;2022;42;2;14;6;26;2;5,0;35,0;11;1;3;2;0;0;2;10;2;0;5,0;0;4;7
2025_02_CAR_ARI;CAR;2;2025;31;1;23;4;17;0;1,0;9,0;4;1;0;5;0;0;0;27;2;0;1,0;0;0;1
2024_18_MIN_DET;DET;18;2024;28;2;24;2;24;0;2,0;24,0;10;0;0;6;0;0;0;9;0;0;2,0;0;0;7
2024_16_MIN_SEA;MIN;16;2024;31;6;36;5;20;0;2,0;12,0;8;2;7;8;0;0;0;24;4;0;2,0;0;0;1
2024_08_KC_LV;KC;8;2024;36;6;18;7;27;1;5,0;14,0;8;0;0;2;0;0;1;20;0;0;5,0;0;2;4
2022_19_BAL_CIN;CIN;19;2022;43;4;22;4;19;1;2,0;17,0;5;1;0;6;0;0;1;17;2;0;2,0;0;2;4
2025_16_KC_TEN;KC;16;2025;39;2;52;3;18;1;2,0;16,0;5;0;0;0;0;0;0;26;0;0;2,0;0;0;1
2023_01_DAL_NYG;NYG;1;2023;26;6;30;1;5;1;0,0;0,0;3;0;0;4;0;0;0;40;0;0;0,0;0;0;-4
2023_09_LAC_NYJ;NYJ;9;2023;29;3;19;4;17;2;5,0;29,0;13;0;0;7;0;0;0;27;0;0;5,0;0;0;1
2025_17_LA_ATL;LA;17;2025;25;2;48;3;5;0;0,0;0,0;7;0;0;1;0;0;0;27;0;0;0,0;0;0;1
2022_18_CLE_PIT;CLE;18;2022;29;7;37;1;6;1;1,0;6,0;2;0;0;7;0;0;1;28;0;0;1,0;0;2;-1
2022_11_NYJ_NE;NYJ;11;2022;46;5;17;6;34;0;6,0;48,0;8;0;0;2;0;0;0;10;0;0;6,0;0;0;7
2024_11_KC_BUF;KC;11;2024;43;2;24;3;3;0;0,0;0,0;4;1;29;2;0;0;0;30;2;0;0,0;0;0;-1
2023_06_SF_CLE;SF;6;2023;41;10;26;5;25;1;2,0;18,0;9;2;60;5;0;0;0;19;4;0;2,0;0;0;4
2022_05_DET_NE;DET;5;2022;37;8;18;4;8;0;0,0;0,0;0;1;0;2;0;0;0;29;2;0;0,0;0;0;-1
2025_17_ARI_CIN;CIN;17;2025;28;0;26;4;21;0;4,0;21,0;8;0;0;6;0;0;0;14;0;0;4,0;0;0;4
2024_17_NYJ_BUF;BUF;17;2024;35;4;26;8;43;1;4,0;26,0;7;2;26;3;0;1;1;14;4;0;4,0;2;2;4
2023_04_LA_IND;IND;4;2023;48;7;25;2;10;1;2,0;16,0;9;1;0;7;0;0;0;29;2;0;2,0;0;0;-1
2022_09_LAC_ATL;LAC;9;2022;34;6;22;3;17;1;2,0;15,0;3;0;0;1;0;0;2;17;0;0;2,0;0;4;4
2023_06_IND_JAX;IND;6;2023;36;6;14;8;46;0;3,0;33,0;5;1;0;2;0;0;0;37;2;0;3,0;0;0;-4
2023_13_IND_TEN;TEN;13;2023;37;8;24;0;0;1;3,0;12,0;8;0;0;7;0;0;2;31;0;0;3,0;0;4;-1
2022_05_IND_DEN;DEN;5;2022;40;2;40;7;34;3;6,0;51,0;12;2;25;5;0;0;0;12;4;0;6,0;0;0;7
2023_07_SF_MIN;MIN;7;2023;30;6;20;2;15;1;1,0;12,0;3;2;0;4;0;0;1;17;4;0;1,0;0;2;4
2024_02_SF_MIN;SF;2;2024;33;3;19;5;15;2;4,0;11,0;6;1;25;5;0;0;1;23;2;0;4,0;0;2;1
2022_12_ATL_WAS;WAS;12;2022;30;6;26;3;13;0;1,0;9,0;4;1;0;3;0;0;0;13;2;0;1,0;0;0;7
2025_15_CLE_CHI;CLE;15;2025;30;1;45;6;24;0;3,0;23,0;7;0;0;4;0;0;0;31;0;0;3,0;0;0;-1
2022_02_LAC_KC;KC;2;2022;44;2;28;4;15;0;2,0;8,0;8;1;99;6;1;0;0;24;2;6;2,0;0;0;1
2022_15_TEN_LAC;TEN;15;2022;43;4;26;4;32;0;3,0;22,0;8;2;3;5;0;0;0;17;4;0;3,0;0;0;4
2025_04_NYJ_MIA;NYJ;4;2025;31;1;33;2;5;1;0,0;0,0;0;0;0;3;0;0;0;27;0;0;0,0;0;0;1
2023_10_NYJ_LV;LV;10;2023;36;6;20;1;1;1;2,0;6,0;5;1;25;5;0;0;0;12;2;0;2,0;0;0;7
2026_02_CLE_TB;CLE;2;2026;43;2;20;7;23;1;3,0;6,0;5;1;25;3;0;0;0;19;2;0;3,0;0;0;4
2023_02_LV_BUF;LV;2;2023;47;8;26;3;13;0;2,0;7,0;2;0;0;2;0;0;0;38;0;0;2,0;0;0;-4
2024_08_KC_LV;LV;8;2024;33;5;35;3;12;0;1,0;10,0;3;1;12;4;0;0;0;27;2;0;1,0;0;0;1
2025_18_BAL_PIT;BAL;18;2025;42;1;35;3;6;0;2,0;4,0;3;0;0;5;0;0;0;26;0;0;2,0;0;0;1
2022_13_LAC_LV;LAC;13;2022;31;0;24;0;0;1;0,0;0,0;2;1;26;6;1;0;1;27;2;6;0,0;0;2;1
2025_16_LAC_DAL;LAC;16;2025;34;0;32;2;9;1;1,0;6,0;3;0;0;3;0;0;1;17;0;0;1,0;0;2;4
2025_16_LA_SEA;SEA;16;2025;43;1;59;2;2;0;0,0;0,0;4;0;0;3;0;0;0;37;0;0;0,0;0;0;-4
2024_07_LAC_ARI;LAC;7;2024;28;5;21;1;6;1;0,0;0,0;1;1;4;6;0;0;0;17;2;0;0,0;0;0;4
2022_02_ATL_LA;ATL;2;2022;31;9;35;3;30;1;1,0;0,0;2;2;21;3;0;1;1;31;4;0;1,0;2;2;-1
2022_09_TEN_KC;KC;9;2022;25;3;29;4;24;0;3,0;23,0;4;0;0;4;0;0;0;17;0;0;3,0;0;0;4
2025_05_TB_SEA;TB;5;2025;31;1;31;1;2;0;0,0;0,0;2;1;3;6;0;0;1;35;2;0;0,0;0;2;-4
2025_07_GB_ARI;ARI;7;2025;31;2;22;5;16;1;1,0;11,0;2;0;0;3;0;0;0;27;0;0;1,0;0;0;1
2022_16_LAC_IND;IND;16;2022;35;10;34;4;19;1;4,0;22,0;7;1;5;2;0;0;1;20;2;0;4,0;0;2;4
2026_02_NO_BAL;BAL;2;2026;44;0;28;7;38;0;3,0;19,0;4;0;0;2;0;0;0;24;0;0;3,0;0;0;1
2022_03_JAX_LAC;LAC;3;2022;44;9;25;5;9;0;0,0;0,0;2;0;0;4;0;0;0;38;0;0;0,0;0;0;-4
2022_12_TB_CLE;CLE;12;2022;39;1;25;5;16;0;3,0;17,0;6;0;0;7;0;0;0;17;0;0;3,0;0;0;4
2022_05_LV_KC;KC;5;2022;33;4;18;2;18;1;2,0;18,0;7;0;0;1;0;0;0;29;0;0;2,0;0;0;-1
2023_12_NO_ATL;NO;12;2023;33;4;38;2;4;0;0,0;0,0;1;2;21;4;0;0;0;24;4;0;0,0;0;0;1
2025_17_CHI_SF;CHI;17;2025;40;1;37;3;10;0;1,0;7,0;1;1;34;6;1;0;0;42;2;6;1,0;0;0;-4
2024_12_ARI_SEA;ARI;12;2024;40;3;19;8;45;1;5,0;34,0;6;1;0;5;0;0;0;16;2;0;5,0;0;0;4
2022_12_NO_SF;SF;12;2022;30;7;23;2;10;2;1,0;7,0;5;0;0;4;0;0;2;0;0;0;1,0;0;4;10
2022_14_KC_DEN;KC;14;2022;34;5;29;7;43;0;6,0;49,0;11;2;53;7;1;0;0;28;4;6;6,0;0;0;-1
2025_15_LV_PHI;LV;15;2025;44;0;40;8;19;0;1,0;4,0;1;0;0;0;0;0;0;31;0;0;1,0;0;0;-1
2022_04_CHI_NYG;NYG;4;2022;36;5;27;6;25;3;5,0;19,0;9;0;0;3;0;0;3;12;0;0;5,0;0;6;7
2023_02_CHI_TB;TB;2;2023;23;6;16;4;35;1;6,0;42,0;10;2;8;7;1;0;0;17;4;6;6,0;0;0;4
2025_19_BUF_JAX;BUF;19;2025;37;1;11;3;6;0;1,0;2,0;3;2;21;9;0;0;0;24;4;0;1,0;0;0;1
2025_17_NO_TEN;NO;17;2025;37;1;31;6;18;2;4,0;23,0;8;0;0;7;0;0;1;26;0;0;4,0;0;2;1
2025_08_BUF_CAR;CAR;8;2025;33;3;39;4;10;0;2,0;20,0;3;0;0;4;0;0;0;40;0;0;2,0;0;0;-4
2025_06_DEN_NYJ;DEN;6;2025;42;1;31;7;30;0;9,0;55,0;15;0;0;4;0;0;0;11;0;0;9,0;0;0;7
2025_04_IND_LA;IND;4;2025;37;1;45;4;24;1;3,0;15,0;9;0;0;4;0;0;1;27;0;0;3,0;0;2;1
2023_12_PIT_CIN;CIN;12;2023;39;6;36;5;21;1;2,0;10,0;4;0;0;3;0;0;1;16;0;0;2,0;0;2;4
2024_17_LV_NO;NO;17;2024;44;3;31;3;13;0;1,0;10,0;2;0;0;4;0;0;0;25;0;0;1,0;0;0;1
2022_06_DEN_LAC;LAC;6;2022;31;7;17;7;34;1;4,0;28,0;6;0;0;3;0;0;1;16;0;0;4,0;0;2;4
2024_08_BAL_CLE;BAL;8;2024;38;8;22;6;17;1;2,0;13,0;8;0;0;5;0;0;1;29;0;0;2,0;0;2;-1
2024_19_LAC_HOU;LAC;19;2024;46;3;25;7;30;2;3,0;21,0;5;1;0;5;0;0;2;32;2;0;3,0;0;4;-1
2025_16_CIN_MIA;MIA;16;2025;29;0;50;2;8;0;2,0;11,0;5;0;0;2;0;0;0;45;0;0;2,0;0;0;-4
2025_14_PIT_BAL;BAL;14;2025;28;2;28;3;12;0;0,0;0,0;1;0;0;5;0;0;0;27;0;0;0,0;0;0;1
2024_05_BAL_CIN;BAL;5;2024;38;6;26;5;28;0;3,0;21,0;9;1;0;6;0;0;0;38;2;0;3,0;0;0;-4
2023_11_TB_SF;TB;11;2023;37;9;25;8;36;0;4,0;28,0;5;0;0;0;0;0;0;27;0;0;4,0;0;0;1
2023_03_CHI_KC;KC;3;2023;28;4;20;3;13;1;3,0;12,0;5;1;16;3;0;0;1;10;2;0;3,0;0;2;7
2022_11_CHI_ATL;CHI;11;2022;34;8;18;2;4;2;0,0;0,0;1;0;0;1;0;0;2;27;0;0;0,0;0;4;1
2025_14_LA_ARI;LA;14;2025;34;0;16;1;8;0;3,0;8,0;11;1;0;6;0;0;0;17;2;0;3,0;0;0;4
2022_20_CIN_BUF;BUF;20;2022;40;11;21;2;4;0;1,0;2,0;3;0;0;5;0;0;0;27;0;0;1,0;0;0;1
2025_21_LA_SEA;LA;21;2025;35;3;27;8;39;1;3,0;25,0;7;0;0;5;0;0;0;31;0;0;3,0;0;0;-1
2022_12_BUF_DET;DET;12;2022;38;8;22;4;20;0;3,0;16,0;8;1;4;4;0;0;0;28;2;0;3,0;0;0;-1
2023_03_NE_NYJ;NYJ;3;2023;48;6;14;1;1;0;0,0;0,0;5;0;0;4;0;0;0;15;0;0;0,0;0;0;4
2022_09_CAR_CIN;CAR;9;2022;47;7;31;2;7;1;2,0;5,0;3;0;0;3;0;0;0;42;0;0;2,0;0;0;-4
2022_12_DEN_CAR;CAR;12;2022;33;5;15;3;20;2;3,0;17,0;10;0;0;4;0;0;2;10;0;0;3,0;0;4;7
2022_05_NYG_GB;NYG;5;2022;32;9;23;4;13;2;2,0;15,0;6;0;0;7;0;0;0;22;0;0;2,0;0;0;1
2024_02_LAC_CAR;LAC;2;2024;28;6;24;4;19;0;2,0;15,0;2;1;3;5;0;0;0;3;2;0;2,0;0;0;10
2024_16_ARI_CAR;ARI;16;2024;36;2;36;3;10;0;3,0;9,0;3;0;0;3;0;0;0;36;0;0;3,0;0;0;-4
2025_10_ARI_SEA;ARI;10;2025;35;3;29;5;13;2;1,0;4,0;1;1;4;2;0;0;2;44;2;0;1,0;0;4;-4
2025_18_DET_CHI;DET;18;2025;30;0;26;3;11;0;1,0;7,0;4;1;0;5;0;0;0;16;2;0;1,0;0;0;4
2024_12_SF_GB;SF;12;2024;38;8;28;5;10;0;2,0;7,0;3;0;0;3;0;0;0;38;0;0;2,0;0;0;-4
2025_15_LV_PHI;PHI;15;2025;24;0;24;6;35;0;4,0;35,0;9;1;0;5;0;0;0;0;2;0;4,0;0;0;10
2024_19_GB_PHI;PHI;19;2024;37;0;28;4;26;2;2,0;17,0;5;3;16;4;0;0;1;10;6;0;2,0;0;2;7
2023_15_WAS_LA;WAS;15;2023;33;8;50;5;22;2;3,0;9,0;6;0;0;2;0;0;2;28;0;0;3,0;0;4;-1
2024_20_BAL_BUF;BUF;20;2024;37;2;28;7;23;3;2,0;14,0;5;1;0;2;0;0;2;25;2;0;2,0;0;4;1
2022_08_DEN_JAX;JAX;8;2022;31;9;33;2;14;0;3,0;22,0;8;1;0;5;0;0;0;21;2;0;3,0;0;0;1
2023_01_CIN_CLE;CLE;1;2023;29;1;21;4;19;0;2,0;15,0;10;0;0;4;0;0;0;3;0;0;2,0;0;0;10
2023_09_BUF_CIN;BUF;9;2023;43;3;19;4;10;0;1,0;5,0;7;0;0;7;0;0;0;24;0;0;1,0;0;0;1
2023_04_DEN_CHI;CHI;4;2023;29;8;12;3;3;0;1,0;9,0;5;0;0;1;0;0;0;31;0;0;1,0;0;0;-1
2024_09_LAC_CLE;CLE;9;2024;32;6;20;10;38;0;6,0;36,0;11;0;0;4;0;0;0;27;0;0;6,0;0;0;1
2022_18_NYG_PHI;NYG;18;2022;44;4;14;4;23;0;3,0;22,0;4;1;0;2;0;0;0;22;2;0;3,0;0;0;1
2026_02_GB_NYJ;GB;2;2026;40;5;37;9;28;0;4,0;29,0;10;0;0;4;0;0;0;17;0;0;4,0;0;0;4
2023_17_NYJ_CLE;CLE;17;2023;46;6;18;7;19;1;2,0;8,0;5;1;30;7;1;0;1;20;2;6;2,0;0;2;4
2025_13_MIN_SEA;SEA;13;2025;32;2;24;5;31;2;4,0;30,0;7;4;121;6;1;0;1;0;8;6;4,0;0;2;10
2023_05_DAL_SF;SF;5;2023;28;5;21;6;18;1;4,0;21,0;9;3;49;6;0;0;1;10;6;0;4,0;0;2;7
2023_10_IND_NE;IND;10;2023;47;9;19;6;26;1;5,0;22,0;9;2;9;3;0;0;0;6;4;0;5,0;0;0;10
2022_06_TB_PIT;TB;6;2022;34;8;26;5;31;0;2,0;18,0;2;0;0;3;0;0;0;20;0;0;2,0;0;0;4
2025_09_ATL_NE;NE;9;2025;32;0;20;2;9;1;1,0;4,0;4;0;0;5;0;0;0;23;0;0;1,0;0;0;1
2022_07_TB_CAR;TB;7;2022;28;2;24;5;16;0;1,0;7,0;3;0;0;1;0;0;0;21;0;0;1,0;0;0;1
2024_10_NE_CHI;CHI;10;2024;34;7;29;0;0;0;1,0;0,0;7;1;0;4;0;0;0;19;2;0;1,0;0;0;4
2025_01_TEN_DEN;DEN;1;2025;30;6;26;7;51;2;6,0;50,0;14;0;0;4;0;0;2;12;0;0;6,0;0;4;7
2025_03_MIA_BUF;BUF;3;2025;40;0;20;5;15;0;0,0;0,0;1;1;24;3;0;0;0;21;2;0;0,0;0;0;1
2022_10_DAL_GB;GB;10;2022;45;8;24;3;5;1;2,0;3,0;6;2;68;6;0;0;0;28;4;0;2,0;0;0;-1
2026_02_JAX_DEN;JAX;2;2026;38;1;23;2;2;0;0,0;0,0;3;1;0;3;0;0;0;20;2;0;0,0;0;0;4
2022_01_JAX_WAS;JAX;1;2022;43;4;16;4;20;1;1,0;8,0;4;2;12;6;0;0;1;28;4;0;1,0;0;2;-1
2024_06_CIN_NYG;NYG;6;2024;24;3;35;7;33;2;4,0;25,0;7;0;0;2;0;0;1;17;0;0;4,0;0;2;4
2023_14_DEN_LAC;LAC;14;2023;36;12;20;2;9;0;2,0;8,0;5;1;0;4;0;0;0;24;2;0;2,0;0;0;1
2022_13_SEA_LA;SEA;13;2022;44;3;15;6;32;1;4,0;30,0;9;2;10;8;0;0;0;23;4;0;4,0;0;0;1
2025_12_CAR_SF;CAR;12;2025;32;0;58;3;11;1;0,0;0,0;1;3;36;4;0;0;0;20;6;0;0,0;0;0;4
2022_11_DAL_MIN;MIN;11;2022;53;5;17;7;13;0;0,0;0,0;1;0;0;1;0;0;0;40;0;0;0,0;0;0;-4
2024_12_KC_CAR;KC;12;2024;31;1;23;2;15;1;2,0;14,0;7;0;0;2;0;0;0;27;0;0;2,0;0;0;1
2024_08_PHI_CIN;CIN;8;2024;36;3;29;4;10;0;0,0;0,0;1;0;0;2;0;0;0;37;0;0;0,0;0;0;-4
2024_20_LA_PHI;LA;20;2024;45;1;23;10;67;1;7,0;63,0;6;0;0;2;0;1;0;28;0;0;7,0;2;0;-1
2023_03_NO_GB;NO;3;2023;28;5;29;3;22;0;1,0;14,0;3;1;0;13;0;0;0;18;2;0;1,0;0;0;4
2025_11_CAR_ATL;CAR;11;2025;28;1;43;2;6;2;0,0;0,0;1;0;0;5;0;0;1;27;0;0;0,0;0;2;1
2022_12_BAL_JAX;BAL;12;2022;37;3;21;5;23;2;4,0;27,0;6;0;0;1;0;0;1;28;0;0;4,0;0;2;-1
2022_16_BUF_CHI;CHI;16;2022;36;6;18;0;0;1;1,0;0,0;3;2;41;4;0;0;1;35;4;0;1,0;0;2;-4
2025_11_KC_DEN;DEN;11;2025;36;0;32;4;28;0;3,0;27,0;8;1;16;4;0;0;0;19;2;0;3,0;0;0;4
2024_15_WAS_NO;NO;15;2024;52;1;41;11;48;1;8,0;37,0;6;0;0;2;0;0;0;20;0;0;8,0;0;0;4
2024_12_PHI_LA;PHI;12;2024;39;2;12;8;54;4;5,0;45,0;11;0;0;7;0;0;1;20;0;0;5,0;0;2;4
2024_07_SEA_ATL;SEA;7;2024;36;10;36;6;36;1;3,0;32,0;9;2;35;5;0;0;1;14;4;0;3,0;0;2;4
2022_05_SF_CAR;SF;5;2022;37;2;32;6;28;1;6,0;31,0;11;1;41;8;1;0;0;15;2;6;6,0;0;0;4
2025_05_NE_BUF;NE;5;2025;38;1;31;2;7;1;1,0;8,0;5;1;0;3;0;0;2;20;2;0;1,0;0;4;4
2022_07_KC_SF;KC;7;2022;39;7;29;4;16;1;5,0;26,0;8;2;7;8;0;1;1;23;4;0;5,0;2;2;1
2024_07_DEN_NO;DEN;7;2024;41;2;30;6;45;2;6,0;36,0;11;0;0;3;0;0;2;10;0;0;6,0;0;4;7
2023_15_ATL_CAR;ATL;15;2023;36;6;28;4;15;1;3,0;13,0;5;0;0;0;0;0;0;9;0;0;3,0;0;0;7
2024_03_GB_TEN;TEN;3;2024;39;10;20;6;21;0;3,0;12,0;3;0;0;0;0;0;0;30;0;0;3,0;0;0;-1
2024_13_HOU_JAX;HOU;13;2024;34;1;31;3;11;0;0,0;0,0;3;1;31;5;0;0;0;20;2;0;0,0;0;0;4
2024_09_WAS_NYG;NYG;9;2024;26;5;39;3;4;0;0,0;0,0;2;0;0;2;0;0;0;27;0;0;0,0;0;0;1
2022_17_CHI_DET;CHI;17;2022;38;11;29;4;19;0;2,0;16,0;3;0;0;1;0;0;0;41;0;0;2,0;0;0;-4
2022_21_SF_PHI;SF;21;2022;42;2;24;7;12;0;1,0;0,0;2;0;0;4;0;0;0;31;0;0;1,0;0;0;-1
2024_08_ATL_TB;TB;8;2024;31;5;39;6;18;0;2,0;11,0;4;0;0;1;0;1;0;31;0;0;2,0;2;0;-1
2022_10_CLE_MIA;CLE;10;2022;35;12;24;1;6;0;1,0;6,0;2;0;0;3;0;0;0;39;0;0;1,0;0;0;-4
2025_09_IND_PIT;PIT;9;2025;40;2;32;5;30;3;5,0;29,0;6;3;21;13;0;0;3;20;6;0;5,0;0;6;4
2022_06_CIN_NO;CIN;6;2022;34;4;36;5;7;0;1,0;7,0;5;0;0;4;0;0;0;26;0;0;1,0;0;0;1
2022_18_CAR_NO;CAR;18;2022;34;1;27;2;13;1;1,0;10,0;3;0;0;2;0;0;1;7;0;0;1,0;0;2;7
2024_18_JAX_IND;JAX;18;2024;40;6;36;3;14;0;3,0;12,0;5;0;0;6;0;0;0;26;0;0;3,0;0;0;1
2024_11_CIN_LAC;CIN;11;2024;30;4;24;4;17;1;2,0;17,0;6;0;0;9;0;0;1;34;0;0;2,0;0;2;-1
2023_04_LV_LAC;LAC;4;2023;45;6;14;7;34;2;7,0;50,0;5;1;8;3;0;0;2;17;2;0;7,0;0;4;4
2025_10_LV_DEN;DEN;10;2025;35;0;34;5;28;1;6,0;29,0;11;1;23;3;0;0;0;7;2;0;6,0;0;0;7
2024_14_NYJ_MIA;MIA;14;2024;36;0;28;5;26;0;3,0;20,0;6;0;0;4;0;0;0;26;0;0;3,0;0;0;1
2025_13_LV_LAC;LV;13;2025;40;2;36;7;16;0;3,0;11,0;4;1;0;1;0;0;0;31;2;0;3,0;0;0;-1
2024_08_PHI_CIN;PHI;8;2024;34;5;17;2;5;3;1,0;12,0;4;1;0;6;0;0;1;17;2;0;1,0;0;2;4
2025_03_KC_NYG;NYG;3;2025;41;2;18;4;21;1;1,0;15,0;7;0;0;6;0;0;0;22;0;0;1,0;0;0;1
2025_19_HOU_PIT;HOU;19;2025;31;1;29;8;33;2;4,0;36,0;12;1;50;4;1;0;1;6;2;6;4,0;0;2;10
2022_06_BUF_KC;KC;6;2022;42;2;28;5;16;0;1,0;11,0;4;0;0;5;0;0;1;24;0;0;1,0;0;2;1
2024_07_BAL_TB;TB;7;2024;34;4;18;6;38;0;2,0;17,0;2;0;0;1;0;0;1;41;0;0;2,0;0;2;-4
2023_16_NYG_PHI;NYG;16;2023;54;1;15;6;20;2;1,0;6,0;3;1;76;5;1;0;1;33;2;6;1,0;0;2;-1
2022_02_LAC_KC;LAC;2;2022;28;4;20;2;13;0;1,0;9,0;4;0;0;3;0;0;0;27;0;0;1,0;0;0;1
2024_03_PHI_NO;PHI;3;2024;33;6;20;6;21;0;1,0;12,0;4;1;0;8;0;0;0;12;2;0;1,0;0;0;7
2024_01_DEN_SEA;SEA;1;2024;50;6;16;6;18;2;2,0;6,0;8;2;4;6;0;0;1;20;4;0;2,0;0;2;4
2024_07_NE_JAX;JAX;7;2024;28;3;27;5;28;0;2,0;19,0;3;0;0;4;0;0;0;16;0;0;2,0;0;0;4
2026_01_MIA_LV;MIA;1;2026;37;0;40;7;22;0;0,0;0,0;2;2;16;5;0;0;0;27;4;0;0,0;0;0;1
2025_05_LV_IND;IND;5;2025;40;1;37;6;40;0;4,0;38,0;5;2;32;8;0;0;0;6;4;0;4,0;0;0;10
2025_11_TB_BUF;TB;11;2025;31;1;21;3;6;2;0,0;0,0;1;2;3;6;0;0;1;44;4;0;0,0;0;2;-4
2025_19_SF_PHI;SF;19;2025;47;0;24;7;11;0;1,0;1,0;1;0;0;3;0;0;0;19;0;0;1,0;0;0;4
2023_15_NYJ_MIA;MIA;15;2023;22;8;18;4;19;2;6,0;56,0;14;2;40;9;0;0;2;0;4;0;6,0;0;4;10
2025_02_WAS_GB;GB;2;2025;42;0;18;3;10;0;4,0;21,0;12;0;0;8;0;0;0;18;0;0;4,0;0;0;4
2023_01_HOU_BAL;HOU;1;2023;34;7;23;5;26;1;3,0;13,0;7;1;0;1;0;0;1;25;2;0;3,0;0;2;1
2023_10_DET_LAC;DET;10;2023;34;8;26;1;2;0;0,0;0,0;5;1;0;5;0;0;0;38;2;0;0,0;0;0;-4
2022_17_NYJ_SEA;SEA;17;2022;33;6;22;3;20;1;4,0;36,0;10;2;49;6;0;0;1;6;4;0;4,0;0;2;10
2024_08_BUF_SEA;BUF;8;2024;23;7;27;5;39;0;1,0;11,0;5;1;5;6;0;0;1;10;2;0;1,0;0;2;7
2022_01_BAL_NYJ;BAL;1;2022;47;6;22;3;9;2;3,0;12,0;10;1;33;4;0;0;1;9;2;0;3,0;0;2;7
2023_14_IND_CIN;CIN;14;2023;29;10;24;4;17;0;3,0;14,0;4;1;0;6;0;0;1;14;2;0;3,0;0;2;4
2024_17_CAR_TB;TB;17;2024;26;1;9;7;43;1;5,0;38,0;7;0;0;2;0;0;0;14;0;0;5,0;0;0;4
2022_06_BAL_NYG;NYG;6;2022;35;3;13;4;16;1;2,0;15,0;2;1;27;5;0;0;1;20;2;0;2,0;0;2;4
2025_10_BUF_MIA;MIA;10;2025;45;2;24;6;18;2;3,0;17,0;7;1;0;4;0;0;2;13;2;0;3,0;0;4;7
2023_15_HOU_TEN;TEN;15;2023;44;15;23;7;50;0;4,0;37,0;6;1;44;6;1;0;0;19;2;6;4,0;0;0;4
2023_08_BAL_ARI;BAL;8;2023;44;9;17;5;15;1;2,0;27,0;7;2;5;4;0;0;0;24;4;0;2,0;0;0;1
2024_10_CIN_BAL;BAL;10;2024;37;2;22;3;12;2;3,0;7,0;13;0;0;7;0;0;1;34;0;0;3,0;0;2;-1
2025_13_ARI_TB;ARI;13;2025;27;3;39;5;16;1;2,0;10,0;1;0;0;3;0;0;0;20;0;0;2,0;0;0;4
2024_04_PIT_IND;IND;4;2024;40;7;19;5;43;2;4,0;30,0;9;0;0;5;0;0;2;24;0;0;4,0;0;4;1
2025_14_NO_TB;NO;14;2025;45;0;22;3;13;0;0,0;0,0;2;1;10;6;0;0;0;20;2;0;0,0;0;0;4
2024_15_CIN_TEN;TEN;15;2024;33;10;32;3;9;1;1,0;2,0;6;2;0;4;0;0;1;37;4;0;1,0;0;2;-4
2023_05_CIN_ARI;CIN;5;2023;29;2;20;3;8;1;3,0;14,0;8;2;11;8;1;0;1;20;4;6;3,0;0;2;4
2026_02_NYG_LA;LA;2;2026;30;0;24;3;6;1;2,0;1,0;8;1;22;10;0;0;0;6;2;0;2,0;0;0;10
2023_01_DET_KC;KC;1;2023;34;9;29;2;13;1;1,0;3,0;4;0;0;4;0;0;1;21;0;0;1,0;0;2;1
2024_21_BUF_KC;KC;21;2024;39;1;27;3;14;3;2,0;10,0;8;0;0;3;0;0;0;29;0;0;2,0;0;0;-1
2025_06_SEA_JAX;SEA;6;2025;40;0;34;7;31;0;7,0;44,0;17;0;0;2;0;0;0;12;0;0;7,0;0;0;7
2023_06_SEA_CIN;CIN;6;2023;46;9;19;6;34;0;4,0;29,0;14;2;24;7;0;0;0;13;4;0;4,0;0;0;7
2024_04_TEN_MIA;TEN;4;2024;33;2;24;7;27;0;2,0;18,0;5;0;0;1;0;1;1;12;0;0;2,0;2;2;7
2025_19_SF_PHI;PHI;19;2025;34;1;21;3;7;1;1,0;5,0;2;2;3;5;0;0;0;23;4;0;1,0;0;0;1
2024_11_LA_NE;NE;11;2024;22;6;26;0;0;0;0,0;0,0;4;0;0;2;0;0;0;28;0;0;0,0;0;0;-1
2022_05_NYG_GB;GB;5;2022;43;2;12;4;12;0;1,0;4,0;4;0;0;1;0;1;0;27;0;0;1,0;2;0;1
2023_14_JAX_CLE;JAX;14;2023;41;6;18;1;1;2;1,0;4,0;3;1;11;7;0;0;2;31;2;0;1,0;0;4;-1
2023_16_BAL_SF;BAL;16;2023;33;2;24;5;29;0;4,0;28,0;9;5;53;11;0;0;0;19;10;0;4,0;0;0;4
2023_08_NO_IND;NO;8;2023;29;7;29;1;3;0;2,0;6,0;8;1;27;10;0;0;0;27;2;0;2,0;0;0;1
2025_13_KC_DAL;KC;13;2025;37;1;29;2;5;1;0,0;0,0;6;1;14;6;0;0;0;31;2;0;0,0;0;0;-1
2023_12_MIA_NYJ;MIA;12;2023;38;2;10;9;49;1;7,0;49,0;11;2;100;6;1;0;0;13;4;6;7,0;0;0;7
2024_06_JAX_CHI;JAX;6;2024;35;3;25;3;5;1;3,0;5,0;5;1;22;2;0;0;0;35;2;0;3,0;0;0;-4
2026_01_SF_LA;SF;1;2026;33;0;36;2;2;2;0,0;0,0;8;1;0;4;0;0;1;7;2;0;0,0;0;2;7
2024_01_LA_DET;LA;1;2024;29;7;37;3;18;0;2,0;17,0;5;1;0;3;0;0;0;26;2;0;2,0;0;0;1
2022_15_ARI_DEN;DEN;15;2022;27;6;34;2;4;0;3,0;6,0;7;3;40;6;0;0;0;15;6;0;3,0;0;0;4
2022_06_CAR_LA;CAR;6;2022;37;7;25;3;5;0;1,0;4,0;3;1;30;3;1;0;0;24;2;6;1,0;0;0;1
2025_03_LV_WAS;LV;3;2025;37;4;24;6;15;1;1,0;8,0;3;0;0;2;0;0;1;41;0;0;1,0;0;2;-4
2024_14_SEA_ARI;SEA;14;2024;27;4;40;5;27;1;2,0;24,0;5;2;21;9;0;0;0;18;4;0;2,0;0;0;4
2024_14_SEA_ARI;ARI;14;2024;31;2;46;4;7;0;0,0;0,0;2;0;0;2;0;0;0;30;0;0;0,0;0;0;-1
2022_04_NYJ_PIT;NYJ;4;2022;31;7;39;3;26;1;3,0;26,0;7;4;4;8;0;0;0;20;8;0;3,0;0;0;4
2025_06_TEN_LV;TEN;6;2025;34;2;34;8;32;0;2,0;16,0;7;1;1;4;0;0;0;20;2;0;2,0;0;0;4
2023_17_TEN_HOU;TEN;17;2023;35;5;29;2;15;1;1,0;12,0;2;0;0;1;0;0;0;26;0;0;1,0;0;0;1
2024_19_DEN_BUF;BUF;19;2024;26;0;14;4;23;0;2,0;14,0;4;0;0;0;0;0;0;7;0;0;2,0;0;0;7
2024_18_NO_TB;NO;18;2024;46;2;12;6;29;0;1,0;5,0;1;1;3;6;0;0;0;27;2;0;1,0;0;0;1
2024_04_WAS_ARI;ARI;4;2024;40;6;28;1;5;0;0,0;0,0;1;1;0;2;0;0;0;42;2;0;0,0;0;0;-4
2022_17_DAL_TEN;TEN;17;2022;40;11;29;1;1;0;1,0;8,0;4;2;30;7;0;0;1;27;4;0;1,0;0;2;1
2022_17_JAX_HOU;JAX;17;2022;39;6;26;1;9;1;2,0;18,0;12;0;0;1;0;0;1;3;0;0;2,0;0;2;10
2024_05_NYJ_MIN;NYJ;5;2024;38;6;16;6;34;0;4,0;32,0;7;1;0;6;0;0;1;23;2;0;4,0;0;2;1
2025_14_WAS_MIN;WAS;14;2025;32;1;37;3;14;0;4,0;12,0;6;0;0;5;0;0;0;31;0;0;4,0;0;0;-1
2022_02_NYJ_CLE;CLE;2;2022;42;1;7;5;17;2;2,0;15,0;5;0;0;5;0;0;1;31;0;0;2,0;0;2;-1
2024_10_CIN_BAL;CIN;10;2024;31;3;23;4;14;0;0,0;0,0;1;0;0;4;0;0;0;35;0;0;0,0;0;0;-4
2022_17_DAL_TEN;DAL;17;2022;33;5;25;3;10;2;2,0;12,0;10;1;0;5;0;0;1;13;2;0;2,0;0;2;7
2025_13_LA_CAR;CAR;13;2025;23;0;34;3;17;1;2,0;16,0;2;2;48;4;1;0;1;28;4;6;2,0;0;2;-1
2024_06_WAS_BAL;WAS;6;2024;42;3;29;5;23;0;2,0;15,0;4;1;38;3;0;0;0;30;2;0;2,0;0;0;-1
2022_04_TEN_IND;TEN;4;2022;35;7;27;3;17;3;3,0;29,0;5;1;0;3;0;0;2;17;2;0;3,0;0;4;4
2023_03_TEN_CLE;CLE;3;2023;26;5;13;8;37;1;5,0;36,0;8;0;0;4;0;0;0;3;0;0;5,0;0;0;10
2022_14_TB_SF;SF;14;2022;40;8;32;0;0;2;0,0;0,0;7;2;36;6;0;0;1;7;4;0;0,0;0;2;7
2023_12_PIT_CIN;PIT;12;2023;30;1;11;4;30;1;4,0;30,0;5;1;6;6;0;0;0;10;2;0;4,0;0;0;7
2022_12_CIN_TEN;CIN;12;2022;27;12;32;4;18;1;1,0;10,0;6;0;0;6;0;0;0;16;0;0;1,0;0;0;4
2025_03_GB_CLE;GB;3;2025;30;4;28;5;24;0;2,0;17,0;10;1;0;3;0;0;0;13;2;0;2,0;0;0;7
2022_16_LAC_IND;LAC;16;2022;26;7;25;7;48;0;7,0;39,0;9;3;41;5;0;0;0;3;6;0;7,0;0;0;10
2024_07_HOU_GB;GB;7;2024;35;7;23;11;45;0;4,0;31,0;7;0;0;1;0;0;0;22;0;0;4,0;0;0;1
2022_17_NYJ_SEA;NYJ;17;2022;46;4;34;4;35;1;3,0;23,0;9;0;0;4;0;0;0;23;0;0;3,0;0;0;1
2023_12_TB_IND;TB;12;2023;36;10;20;3;14;0;2,0;12,0;3;1;3;7;0;0;0;27;2;0;2,0;0;0;1
2025_14_CIN_BUF;CIN;14;2025;38;1;31;5;22;2;3,0;18,0;5;0;0;3;0;0;1;39;0;0;3,0;0;2;-4
2022_11_WAS_HOU;WAS;11;2022;30;3;17;9;50;0;5,0;42,0;9;2;37;4;1;0;0;10;4;6;5,0;0;0;7
2025_01_NYG_WAS;WAS;1;2025;32;2;26;7;19;1;2,0;11,0;8;0;0;7;0;0;0;6;0;0;2,0;0;0;10
2022_06_NE_CLE;CLE;6;2022;40;2;28;4;16;1;2,0;8,0;2;0;0;3;0;0;1;38;0;0;2,0;0;2;-4
2023_05_TEN_IND;IND;5;2023;27;9;27;0;0;0;1,0;5,0;8;1;10;5;0;0;0;16;2;0;1,0;0;0;4
2025_07_CAR_NYJ;CAR;7;2025;32;0;28;3;22;0;6,0;33,0;11;2;0;9;0;0;0;6;4;0;6,0;0;0;10
2022_01_LV_LAC;LV;1;2022;36;17;21;4;11;1;0,0;0,0;3;0;0;1;0;0;0;24;0;0;0,0;0;0;1
2025_18_TEN_JAX;TEN;18;2025;30;0;34;5;22;0;2,0;16,0;2;0;0;3;0;0;0;41;0;0;2,0;0;0;-4
2022_14_HOU_DAL;HOU;14;2022;38;3;31;3;7;1;1,0;7,0;5;2;33;11;0;0;1;27;4;0;1,0;0;2;1
2022_18_ARI_SF;SF;18;2022;32;5;23;3;10;1;3,0;15,0;7;3;60;3;0;0;1;13;6;0;3,0;0;2;7
2025_16_ATL_ARI;ATL;16;2025;32;1;23;6;14;0;2,0;15,0;5;1;0;7;0;0;0;19;2;0;2,0;0;0;4
2022_03_DAL_NYG;NYG;3;2022;24;13;37;0;0;0;0,0;0,0;2;0;0;3;0;0;0;23;0;0;0,0;0;0;1
2024_03_SF_LA;SF;3;2024;28;7;21;5;27;0;3,0;23,0;5;0;0;4;0;0;0;27;0;0;3,0;0;0;1
2022_18_NYJ_MIA;MIA;18;2022;25;8;18;2;6;1;0,0;0,0;10;0;0;7;0;1;0;6;0;0;0,0;2;0;10
2024_18_SF_ARI;ARI;18;2024;37;4;36;6;39;3;2,0;28,0;4;2;0;5;0;0;1;24;4;0;2,0;0;2;1
2023_12_CAR_TEN;TEN;12;2023;42;10;22;9;46;1;4,0;32,0;6;0;0;3;0;0;1;10;0;0;4,0;0;2;7
2025_17_LA_ATL;ATL;17;2025;38;0;22;4;23;0;3,0;21,0;5;3;66;8;1;0;0;24;6;6;3,0;0;0;1
2025_18_KC_LV;KC;18;2025;36;2;36;8;26;1;3,0;19,0;5;1;1;7;0;0;1;14;2;0;3,0;0;2;4
2023_13_LAC_NE;LAC;13;2023;42;1;23;8;40;2;5,0;32,0;6;0;0;3;0;0;1;0;0;0;5,0;0;2;10
2022_09_SEA_ARI;SEA;9;2022;46;5;11;8;56;1;4,0;30,0;5;0;0;4;0;0;1;21;0;0;4,0;0;2;1
2023_04_PIT_HOU;PIT;4;2023;35;7;33;2;7;1;0,0;0,0;6;0;0;4;0;0;0;30;0;0;0,0;0;0;-1
2024_20_LA_PHI;PHI;20;2024;42;0;18;10;42;2;5,0;33,0;6;0;0;11;0;0;2;22;0;0;5,0;0;4;1
2022_08_LV_NO;LV;8;2022;39;4;28;2;2;0;0,0;0,0;0;0;0;2;0;0;0;24;0;0;0,0;0;0;1
2025_04_CAR_NE;CAR;4;2025;23;1;33;1;2;0;1,0;0,0;1;0;0;2;0;0;0;42;0;0;1,0;0;0;-4
2025_17_PIT_CLE;CLE;17;2025;39;2;28;7;24;3;2,0;8,0;5;0;0;4;0;0;0;6;0;0;2,0;0;0;10
2022_16_NO_CLE;NO;16;2022;33;9;37;4;13;0;2,0;10,0;4;1;36;3;0;0;0;10;2;0;2,0;0;0;7
2025_03_IND_TEN;IND;3;2025;43;3;19;8;32;0;4,0;23,0;7;1;32;4;1;0;0;20;2;6;4,0;0;0;4
2023_09_ARI_CLE;ARI;9;2023;44;7;37;3;14;0;1,0;6,0;5;0;0;1;0;0;0;27;0;0;1,0;0;0;1
2023_03_DEN_MIA;DEN;3;2023;40;11;31;5;13;0;0,0;0,0;1;0;0;0;0;0;0;70;0;0;0,0;0;0;-4
2022_22_KC_PHI;KC;22;2022;46;2;20;5;6;1;2,0;2,0;2;0;0;3;0;0;1;35;0;0;2,0;0;2;-4
2024_08_ATL_TB;ATL;8;2024;40;8;26;2;5;2;0,0;0,0;0;2;0;4;0;0;1;26;4;0;0,0;0;2;1
2025_18_NYJ_BUF;NYJ;18;2025;37;0;42;2;3;0;0,0;0,0;0;0;0;2;0;0;0;35;0;0;0,0;0;0;-4
2022_10_IND_LV;LV;10;2022;32;4;34;2;15;2;1,0;14,0;1;0;0;4;0;0;1;25;0;0;1,0;0;2;1
2023_11_CHI_DET;CHI;11;2023;31;6;18;2;13;1;2,0;13,0;8;3;17;5;0;0;1;31;6;0;2,0;0;2;-1
2024_06_ARI_GB;GB;6;2024;41;4;14;2;3;2;0,0;0,0;1;0;0;2;0;0;3;13;0;0;0,0;0;6;7
2023_10_NO_MIN;MIN;10;2023;34;3;21;5;18;1;3,0;17,0;7;2;4;7;0;0;0;19;4;0;3,0;0;0;4
2023_02_NO_CAR;CAR;2;2023;37;6;30;4;23;0;4,0;29,0;6;1;11;7;0;0;0;20;2;0;4,0;0;0;4
2022_04_WAS_DAL;WAS;4;2022;33;1;25;7;24;0;1,0;6,0;4;0;0;4;0;0;0;25;0;0;1,0;0;0;1
2025_07_WAS_DAL;DAL;7;2025;39;0;28;7;19;1;4,0;14,0;6;1;68;5;1;0;1;22;2;6;4,0;0;2;1
2025_02_LAC_LV;LAC;2;2025;38;3;23;6;45;0;3,0;30,0;5;3;8;15;0;0;0;9;6;0;3,0;0;0;7
2023_10_DET_LAC;LAC;10;2023;33;9;19;5;10;0;0,0;0,0;2;0;0;2;0;0;0;41;0;0;0,0;0;0;-4
2022_05_TEN_WAS;TEN;5;2022;34;5;25;1;9;0;3,0;17,0;7;1;0;6;0;0;0;17;2;0;3,0;0;0;4
2025_02_LA_TEN;LA;2;2025;41;5;23;6;33;1;5,0;32,0;8;0;0;4;0;0;1;19;0;0;5,0;0;2;4
2023_01_GB_CHI;GB;1;2023;45;6;26;6;39;1;4,0;27,0;6;1;37;6;1;0;1;20;2;6;4,0;0;2;4
2024_18_SEA_LA;LA;18;2024;31;4;22;3;11;0;2,0;13,0;4;0;0;5;0;0;0;30;0;0;2,0;0;0;-1
2023_14_MIN_LV;MIN;14;2023;32;5;25;4;25;1;4,0;25,0;5;1;0;2;0;0;2;0;2;0;4,0;0;4;10
2025_12_NE_CIN;CIN;12;2025;33;0;48;3;11;0;1,0;9,0;3;1;32;5;1;0;0;26;2;6;1,0;0;0;1
2026_02_PIT_NE;NE;2;2026;41;1;33;6;73;2;4,0;43,0;7;1;11;5;0;0;1;3;2;0;4,0;0;2;10
2023_16_NE_DEN;NE;16;2023;44;6;18;4;28;4;5,0;45,0;9;0;0;4;0;0;2;23;0;0;5,0;0;4;1
2025_14_IND_JAX;JAX;14;2025;31;3;43;4;12;1;1,0;9,0;5;2;6;9;0;1;1;19;4;0;1,0;2;2;4
2024_09_TB_KC;KC;9;2024;32;3;19;3;5;0;2,0;11,0;4;0;0;4;0;0;0;24;0;0;2,0;0;0;1
2025_16_NE_BAL;BAL;16;2025;48;0;10;5;12;2;4,0;6,0;10;1;0;7;0;0;1;28;2;0;4,0;0;2;-1
2023_08_HOU_CAR;CAR;8;2023;31;8;32;5;35;1;2,0;21,0;3;0;0;4;0;0;1;13;0;0;2,0;0;2;7
2023_15_NYJ_MIA;NYJ;15;2023;38;10;26;5;12;0;3,0;15,0;5;0;0;2;0;0;0;30;0;0;3,0;0;0;-1
2024_13_TB_CAR;CAR;13;2024;51;3;27;8;48;0;4,0;31,0;6;2;36;7;0;0;0;26;4;0;4,0;0;0;1
2022_12_LAC_ARI;LAC;12;2022;37;9;21;2;7;1;1,0;6,0;1;1;0;5;0;0;1;24;2;0;1,0;0;2;1
2024_08_MIN_LA;LA;8;2024;26;7;21;4;20;0;3,0;28,0;6;0;0;0;0;1;0;20;0;0;3,0;2;0;4
2022_04_MIN_NO;MIN;4;2022;31;7;27;2;8;2;2,0;9,0;3;0;0;5;0;0;2;25;0;0;2,0;0;4;1
2023_12_BUF_PHI;BUF;12;2023;41;2;10;5;13;0;2,0;7,0;1;1;2;5;0;0;1;37;2;0;2,0;0;2;-4
2026_01_BUF_HOU;HOU;1;2026;29;0;28;3;9;1;2,0;11,0;4;0;0;5;0;0;0;36;0;0;2,0;0;0;-4
2022_05_PHI_ARI;ARI;5;2022;42;5;33;5;16;0;2,0;21,0;6;0;0;4;0;0;0;20;0;0;2,0;0;0;4
2023_09_TB_HOU;HOU;9;2023;37;8;30;5;21;2;2,0;14,0;5;0;0;3;0;0;1;37;0;0;2,0;0;2;-4
2022_15_MIA_BUF;MIA;15;2022;41;5;21;3;14;2;2,0;8,0;6;0;0;2;0;0;1;32;0;0;2,0;0;2;-1
2025_02_BUF_NYJ;BUF;2;2025;31;2;20;5;37;3;4,0;29,0;7;0;0;4;0;0;1;10;0;0;4,0;0;2;7
2025_16_PIT_DET;DET;16;2025;38;0;36;4;18;1;2,0;15,0;3;0;0;5;0;0;1;29;0;0;2,0;0;2;-1
2025_11_BAL_CLE;BAL;11;2025;32;2;28;6;40;1;3,0;34,0;10;1;14;9;0;0;0;16;2;0;3,0;0;0;4
2023_16_LV_KC;KC;16;2023;26;7;13;4;20;0;2,0;14,0;6;0;0;2;0;0;0;20;0;0;2,0;0;0;4
2023_11_MIN_DEN;DEN;11;2023;42;6;24;1;11;2;2,0;11,0;10;1;9;5;0;0;2;20;2;0;2,0;0;4;4
2025_07_NO_CHI;CHI;7;2025;34;1;17;7;36;1;4,0;24,0;7;3;48;9;0;0;1;14;6;0;4,0;0;2;4
2024_18_JAX_IND;IND;18;2024;36;6;32;4;27;1;2,0;19,0;5;1;10;4;0;0;0;23;2;0;2,0;0;0;1
2024_10_NYJ_ARI;NYJ;10;2024;28;2;42;3;9;1;1,0;7,0;2;0;0;0;0;0;0;31;0;0;1,0;0;0;-1
2025_05_NYG_NO;NYG;5;2025;42;1;23;7;14;0;0,0;0,0;1;0;0;3;0;0;0;26;0;0;0,0;0;0;1
2022_07_ATL_CIN;ATL;7;2022;38;7;27;3;22;0;3,0;22,0;6;0;0;4;0;0;0;35;0;0;3,0;0;0;-4
2023_09_MIA_KC;KC;9;2023;30;7;21;3;24;2;3,0;18,0;6;0;0;0;0;0;1;14;0;0;3,0;0;2;4
2022_06_SF_ATL;SF;6;2022;38;14;26;2;9;1;2,0;8,0;2;0;0;0;0;0;0;28;0;0;2,0;0;0;-1
2025_03_ARI_SF;ARI;3;2025;38;1;27;3;9;0;1,0;2,0;8;1;18;4;0;1;0;16;2;0;1,0;2;0;4
2022_15_IND_MIN;IND;15;2022;51;5;29;8;37;1;7,0;34,0;11;2;17;10;1;0;1;39;4;6;7,0;0;2;-4
2022_19_SEA_SF;SEA;19;2022;36;7;19;6;16;0;1,0;8,0;3;0;0;4;0;0;0;41;0;0;1,0;0;0;-4
2024_05_IND_JAX;IND;5;2024;35;6;26;4;7;2;0,0;0,0;0;1;0;5;0;0;1;37;2;0;0,0;0;2;-4
2022_14_CLE_CIN;CIN;14;2022;47;10;14;1;2;0;2,0;3,0;9;1;7;7;0;0;0;10;2;0;2,0;0;0;7
2024_07_LV_LA;LA;7;2024;36;9;27;3;13;1;2,0;11,0;10;3;2;8;0;0;1;15;6;0;2,0;0;2;4
2022_14_PHI_NYG;PHI;14;2022;42;5;17;8;33;1;7,0;35,0;12;0;0;3;0;0;1;22;0;0;7,0;0;2;1
2024_07_MIA_IND;MIA;7;2024;33;6;24;5;8;0;0,0;0,0;4;0;0;4;0;0;1;16;0;0;0,0;0;2;4
2024_18_MIN_DET;MIN;18;2024;42;5;29;7;39;0;2,0;15,0;6;2;6;5;0;0;0;31;4;0;2,0;0;0;-1
2024_03_DEN_TB;TB;3;2024;33;5;33;2;7;1;0,0;0,0;2;0;0;5;0;0;1;26;0;0;0,0;0;2;1
2023_17_LAC_DEN;DEN;17;2023;34;11;19;2;7;1;1,0;5,0;2;0;0;2;0;0;1;9;0;0;1,0;0;2;7
2022_18_ARI_SF;ARI;18;2022;32;9;41;8;49;0;4,0;36,0;6;0;0;2;0;0;0;38;0;0;4,0;0;0;-4
2022_07_PIT_MIA;PIT;7;2022;34;6;22;3;6;0;0,0;0,0;1;0;0;5;0;0;0;16;0;0;0,0;0;0;4
2025_07_ATL_SF;SF;7;2025;35;0;28;4;16;1;2,0;11,0;5;0;0;2;0;0;1;10;0;0;2,0;0;2;7
2023_10_WAS_SEA;SEA;10;2023;36;3;23;3;19;1;3,0;24,0;6;0;0;7;0;0;1;26;0;0;3,0;0;2;1
2023_16_NE_DEN;DEN;16;2023;36;3;25;2;13;1;2,0;26,0;5;0;0;1;0;0;1;26;0;0;2,0;0;2;1
2025_01_SF_SEA;SEA;1;2025;43;4;38;7;22;0;1,0;12,0;8;2;7;4;0;0;0;17;4;0;1,0;0;0;4
2023_03_NYG_SF;NYG;3;2023;48;4;26;6;18;0;2,0;10,0;6;0;0;4;0;0;0;30;0;0;2,0;0;0;-1
2022_16_NO_CLE;CLE;16;2022;32;8;24;1;3;0;0,0;0,0;0;1;40;4;0;0;0;17;2;0;0,0;0;0;4
2026_03_ATL_GB;ATL;3;2026;33;1;19;3;5;0;1,0;1,0;12;1;17;9;0;0;0;14;2;0;1,0;0;0;4
2025_14_HOU_KC;KC;14;2025;40;0;26;6;24;0;3,0;17,0;10;0;0;4;0;0;0;20;0;0;3,0;0;0;4
2025_15_TEN_SF;SF;15;2025;23;0;34;1;7;0;0,0;0,0;3;0;0;2;0;0;0;24;0;0;0,0;0;0;1
2022_06_NYJ_GB;GB;6;2022;30;10;18;2;11;0;2,0;11,0;2;0;0;5;0;0;0;27;0;0;2,0;0;0;1
2022_07_DET_DAL;DET;7;2022;45;3;17;4;14;2;2,0;16,0;6;0;0;1;0;0;1;24;0;0;2,0;0;2;1
2025_13_BUF_PIT;PIT;13;2025;40;2;50;4;13;2;0,0;0,0;1;1;0;3;0;0;1;26;2;0;0,0;0;2;1
2025_17_NE_NYJ;NE;17;2025;37;1;27;5;23;0;1,0;12,0;5;1;0;3;0;0;0;10;2;0;1,0;0;0;7
2024_17_GB_MIN;GB;17;2024;46;2;20;8;19;0;1,0;5,0;4;1;31;5;0;0;0;27;2;0;1,0;0;0;1
2025_07_ATL_SF;ATL;7;2025;37;2;36;7;16;0;1,0;2,0;4;1;16;2;0;0;0;20;2;0;1,0;0;0;4
2022_07_NYG_JAX;NYG;7;2022;32;3;19;0;0;1;0,0;0,0;2;0;0;7;0;0;1;17;0;0;0,0;0;2;4
2022_07_PIT_MIA;MIA;7;2022;35;17;31;3;16;0;2,0;11,0;6;3;44;4;0;0;0;10;6;0;2,0;0;0;7
2025_10_ARI_SEA;SEA;10;2025;40;1;31;10;54;2;5,0;52,0;10;0;0;10;0;0;2;22;0;0;5,0;0;4;1
2025_03_ARI_SF;SF;3;2025;33;1;43;4;8;1;1,0;5,0;4;0;0;5;0;0;0;15;0;0;1,0;0;0;4
2024_12_PIT_CLE;CLE;12;2024;42;11;27;11;39;1;4,0;22,0;9;0;0;0;0;0;1;19;0;0;4,0;0;2;4
2025_05_DET_CIN;CIN;5;2025;33;3;45;6;20;1;4,0;14,0;7;0;0;1;0;0;1;37;0;0;4,0;0;2;-4
2022_15_NYG_WAS;WAS;15;2022;34;4;28;1;5;1;0,0;0,0;4;0;0;4;0;0;0;20;0;0;0,0;0;0;4
2023_20_TB_DET;DET;20;2023;28;8;18;3;26;0;4,0;30,0;8;2;12;5;0;0;0;23;4;0;4,0;0;0;1
2022_14_TB_SF;TB;14;2022;37;9;25;4;11;1;0,0;0,0;4;0;0;2;0;0;1;35;0;0;0,0;0;2;-4
2023_04_DET_GB;DET;4;2023;31;7;19;7;46;1;5,0;43,0;11;2;34;6;0;0;0;20;4;0;5,0;0;0;4
2025_12_TB_LA;TB;12;2025;32;0;22;3;21;0;1,0;10,0;3;0;0;3;0;0;0;34;0;0;1,0;0;0;-1
2025_08_MIN_LAC;LAC;8;2025;32;1;13;7;30;1;5,0;27,0;8;1;15;7;0;0;0;10;2;0;5,0;0;0;7
2022_03_JAX_LAC;JAX;3;2022;30;7;13;2;8;1;1,0;11,0;6;1;10;9;0;0;1;10;2;0;1,0;0;2;7
2022_11_NYJ_NE;NE;11;2022;22;10;22;5;27;0;4,0;33,0;6;0;0;3;0;0;0;3;0;0;4,0;0;0;10
2024_14_NYJ_MIA;NYJ;14;2024;38;4;28;4;8;0;0,0;0,0;0;0;0;4;0;0;0;32;0;0;0,0;0;0;-1
2025_02_CLE_BAL;BAL;2;2025;41;3;27;7;22;1;2,0;11,0;9;1;61;5;0;0;1;17;2;0;2,0;0;2;4
2025_07_MIA_CLE;MIA;7;2025;40;2;16;9;32;0;2,0;14,0;3;0;0;2;0;0;0;31;0;0;2,0;0;0;-1
2022_10_ARI_LA;ARI;10;2022;39;4;16;4;17;1;3,0;19,0;12;1;53;6;0;0;1;17;2;0;3,0;0;2;4
2022_19_MIA_BUF;MIA;19;2022;42;5;23;5;17;3;7,0;36,0;13;2;78;6;0;0;1;34;4;0;7,0;0;2;-1
2023_14_GB_NYG;NYG;14;2023;38;4;30;2;6;2;2,0;15,0;9;1;21;6;0;0;2;22;2;0;2,0;0;4;1
2025_11_SF_ARI;SF;11;2025;39;2;54;3;10;1;0,0;0,0;4;2;64;4;0;0;1;22;4;0;0,0;0;2;1
2022_09_BUF_NYJ;BUF;9;2022;31;7;35;3;14;1;2,0;18,0;3;0;0;1;0;0;1;20;0;0;2,0;0;2;4
2024_03_CHI_IND;CHI;3;2024;25;7;23;3;15;0;1,0;11,0;3;2;2;5;0;0;0;21;4;0;1,0;0;0;1
2023_03_HOU_JAX;HOU;3;2023;42;6;24;0;0;1;0,0;0,0;5;1;0;5;0;0;1;17;2;0;0,0;0;2;4
2024_01_LV_LAC;LAC;1;2024;41;3;19;3;11;1;3,0;22,0;6;1;3;5;0;0;2;10;2;0;3,0;0;4;7
2023_10_TEN_TB;TB;10;2023;27;4;22;8;43;0;4,0;32,0;13;1;28;6;0;0;0;6;2;0;4,0;0;0;10
2024_20_HOU_KC;KC;20;2024;45;0;24;9;62;1;8,0;58,0;14;0;0;5;0;0;0;14;0;0;8,0;0;0;4
2022_02_MIN_PHI;MIN;2;2022;56;7;15;7;19;0;3,0;10,0;6;1;19;2;0;0;0;24;2;0;3,0;0;0;1
2022_06_CAR_LA;LA;6;2022;19;9;31;2;10;0;2,0;9,0;3;1;0;4;0;0;0;10;2;0;2,0;0;0;7
2024_07_TEN_BUF;BUF;7;2024;37;10;24;7;32;2;3,0;15,0;11;1;0;5;0;0;1;10;2;0;3,0;0;2;7
2024_18_WAS_DAL;WAS;18;2024;44;2;34;8;35;0;2,0;16,0;2;0;0;7;0;0;0;19;0;0;2,0;0;0;4
2025_05_TEN_ARI;TEN;5;2025;40;3;29;4;22;0;3,0;28,0;6;0;0;2;0;0;2;21;0;0;3,0;0;4;1
2022_09_IND_NE;IND;9;2022;45;3;17;8;27;2;4,0;14,0;7;0;0;0;0;0;1;26;0;0;4,0;0;2;1
2024_17_TEN_JAX;TEN;17;2024;37;3;25;2;2;0;2,0;1,0;3;0;0;3;0;0;0;20;0;0;2,0;0;0;4
2024_12_DAL_WAS;DAL;12;2024;37;1;33;5;11;2;4,0;8,0;8;2;23;7;0;0;1;26;4;0;4,0;0;2;1
2024_02_TB_DET;DET;2;2024;30;3;13;7;41;2;5,0;39,0;5;1;1;4;0;0;0;20;2;0;5,0;0;0;4
2023_21_KC_BAL;BAL;21;2023;39;4;40;4;16;1;2,0;11,0;8;0;0;1;0;0;0;17;0;0;2,0;0;0;4
2023_03_PIT_LV;PIT;3;2023;41;4;16;4;31;0;4,0;31,0;8;3;0;6;0;0;0;18;6;0;4,0;0;0;4
2025_18_LAC_DEN;DEN;18;2025;31;1;35;5;24;1;4,0;32,0;8;1;45;8;1;0;1;3;2;6;4,0;0;2;10
2023_03_IND_BAL;BAL;3;2023;42;13;35;3;21;1;4,0;38,0;7;0;0;5;0;1;0;22;0;0;4,0;2;0;1
2023_16_LV_KC;LV;16;2023;46;6;20;6;25;1;4,0;23,0;10;1;33;5;1;0;1;14;2;6;4,0;0;2;4
2023_17_ARI_PHI;ARI;17;2023;27;4;18;3;11;0;0,0;0,0;2;1;0;2;0;0;0;31;2;0;0,0;0;0;-1
2024_15_KC_CLE;KC;15;2024;38;3;21;8;41;3;5,0;37,0;11;4;47;9;0;0;2;7;8;0;5,0;0;4;7
2024_20_HOU_KC;HOU;20;2024;29;1;23;6;42;1;3,0;15,0;8;0;0;3;0;1;0;23;0;0;3,0;2;0;1
2023_10_CLE_BAL;BAL;10;2023;40;8;32;3;9;1;4,0;18,0;8;1;18;3;1;0;1;33;2;6;4,0;0;2;-1
2024_15_DAL_CAR;CAR;15;2024;42;1;35;1;15;0;1,0;15,0;3;0;0;6;0;0;1;30;0;0;1,0;0;2;-1
2022_11_CHI_ATL;ATL;11;2022;41;9;25;8;34;0;4,0;25,0;5;1;0;4;0;0;0;24;2;0;4,0;0;0;1
2022_07_CLE_BAL;BAL;7;2022;34;9;23;5;23;3;5,0;35,0;5;0;0;1;0;0;2;20;0;0;5,0;0;4;4
2025_18_SEA_SF;SEA;18;2025;26;0;18;4;14;0;3,0;7,0;8;1;0;5;0;0;0;3;2;0;3,0;0;0;10
2025_15_ATL_TB;ATL;15;2025;38;0;16;7;37;0;5,0;27,0;7;1;0;7;0;0;0;28;2;0;5,0;0;0;-1
2023_06_DEN_KC;DEN;6;2023;49;5;17;5;18;1;2,0;13,0;5;1;6;5;0;0;0;19;2;0;2,0;0;0;4
2022_08_ARI_MIN;ARI;8;2022;43;7;15;4;23;1;3,0;24,0;9;0;0;3;0;0;1;34;0;0;3,0;0;2;-1
2022_05_CIN_BAL;BAL;5;2022;36;4;20;4;28;0;3,0;27,0;5;1;11;5;0;0;0;17;2;0;3,0;0;0;4
2025_09_DEN_HOU;DEN;9;2025;43;0;34;4;25;0;4,0;25,0;7;0;0;7;0;0;0;15;0;0;4,0;0;0;4
2025_17_NO_TEN;TEN;17;2025;40;1;21;4;13;2;2,0;13,0;6;0;0;1;0;0;1;34;0;0;2,0;0;2;-1
2025_02_CLE_BAL;CLE;2;2025;25;3;29;5;25;1;3,0;28,0;5;0;0;5;0;0;0;41;0;0;3,0;0;0;-4
2025_04_NYJ_MIA;MIA;4;2025;42;1;19;5;22;3;2,0;19,0;3;0;0;3;0;0;3;21;0;0;2,0;0;6;1
2023_10_ATL_ARI;ATL;10;2023;34;6;18;2;19;0;2,0;19,0;2;1;25;6;0;0;0;25;2;0;2,0;0;0;1
2024_17_ATL_WAS;ATL;17;2024;45;3;35;6;33;0;5,0;31,0;5;1;12;3;0;0;0;30;2;0;5,0;0;0;-1
2024_05_DAL_PIT;DAL;5;2024;33;5;23;4;18;2;3,0;16,0;8;0;0;5;0;0;1;17;0;0;3,0;0;2;4
2023_01_TB_MIN;TB;1;2023;38;9;23;4;15;1;2,0;16,0;9;1;14;3;0;0;2;17;2;0;2,0;0;4;4
2022_15_ATL_NO;ATL;15;2022;33;4;26;3;14;1;2,0;17,0;3;0;0;3;0;0;1;21;0;0;2,0;0;2;1
2023_16_NO_LA;LA;16;2023;28;4;20;5;21;0;2,0;15,0;3;1;21;5;0;0;0;22;2;0;2,0;0;0;1
2025_05_NYG_NO;NO;5;2025;44;1;27;2;4;2;0,0;0,0;5;2;0;7;0;0;3;14;4;0;0,0;0;6;4
2025_02_CHI_DET;CHI;2;2025;38;4;24;4;15;0;0,0;0,0;4;0;0;0;0;0;0;52;0;0;0,0;0;0;-4
2024_13_SEA_NYJ;SEA;13;2024;34;5;19;4;19;2;2,0;16,0;6;1;92;3;1;0;1;21;2;6;2,0;0;2;1
2023_05_BAL_PIT;BAL;5;2023;31;8;28;4;17;1;3,0;22,0;4;0;0;5;0;0;1;17;0;0;3,0;0;2;4
2023_10_CAR_CHI;CAR;10;2023;43;8;20;2;3;0;0,0;0,0;4;0;0;4;0;0;0;16;0;0;0,0;0;0;4
2023_03_CAR_SEA;SEA;3;2023;37;8;20;4;28;0;3,0;27,0;10;0;0;8;0;0;0;27;0;0;3,0;0;0;1
2023_05_GB_LV;GB;5;2023;33;8;36;6;30;0;4,0;25,0;6;1;9;4;0;0;0;17;2;0;4,0;0;0;4
2023_14_BUF_KC;BUF;14;2023;30;5;25;1;2;1;1,0;7,0;8;1;6;5;0;0;1;17;2;0;1,0;0;2;4
2023_13_KC_GB;GB;13;2023;27;4;38;2;10;0;3,0;21,0;7;1;2;5;0;0;0;19;2;0;3,0;0;0;4
2025_07_PIT_CIN;PIT;7;2025;44;0;26;3;14;0;2,0;14,0;6;0;0;6;0;0;0;33;0;0;2,0;0;0;-1
2023_19_MIA_KC;KC;19;2023;31;1;19;3;16;0;2,0;11,0;5;1;0;6;0;0;0;7;2;0;2,0;0;0;7
2024_13_PHI_BAL;BAL;13;2024;32;2;26;5;9;1;2,0;6,0;3;0;0;2;0;0;0;24;0;0;2,0;0;0;1
2025_07_NO_CHI;NO;7;2025;40;0;34;2;3;0;1,0;8,0;5;1;0;5;0;0;0;26;2;0;1,0;0;0;1
2024_13_LA_NO;NO;13;2024;37;1;11;2;17;0;2,0;17,0;6;0;0;1;0;0;0;21;0;0;2,0;0;0;1
2023_09_LA_GB;GB;9;2023;35;7;15;4;13;1;1,0;11,0;4;1;1;10;0;0;1;3;2;0;1,0;0;2;10
2025_05_MIA_CAR;CAR;5;2025;37;2;26;9;42;0;3,0;27,0;3;0;0;1;0;0;0;24;0;0;3,0;0;0;1
2025_06_CLE_PIT;CLE;6;2025;33;4;30;6;15;1;0,0;0,0;3;0;0;3;0;0;0;23;0;0;0,0;0;0;1
2023_11_ARI_HOU;ARI;11;2023;41;12;18;5;33;0;4,0;30,0;5;3;46;7;0;0;0;21;6;0;4,0;0;0;1
2024_08_IND_HOU;HOU;8;2024;32;5;15;6;39;1;5,0;35,0;9;1;10;10;0;0;1;20;2;0;5,0;0;2;4
2026_03_ATL_GB;GB;3;2026;31;3;51;5;10;0;0,0;0,0;1;1;5;2;0;0;0;35;2;0;0,0;0;0;-4
2024_16_DET_CHI;CHI;16;2024;35;4;32;4;10;0;1,0;7,0;3;0;0;1;0;0;0;34;0;0;1,0;0;0;-1
2024_01_HOU_IND;IND;1;2024;42;13;29;4;22;0;4,0;30,0;10;0;0;1;0;0;0;29;0;0;4,0;0;0;-1
2025_18_IND_HOU;HOU;18;2025;35;1;35;6;22;2;1,0;8,0;3;1;0;6;0;0;2;30;2;0;1,0;0;4;-1
2024_14_ATL_MIN;MIN;14;2024;44;3;21;4;16;1;1,0;6,0;4;2;4;9;0;0;1;21;4;0;1,0;0;2;1
2025_06_LA_BAL;BAL;6;2025;28;2;24;4;18;1;2,0;14,0;3;0;0;2;0;0;1;17;0;0;2,0;0;2;4
2023_08_PHI_WAS;WAS;8;2023;34;6;20;3;5;1;2,0;4,0;4;0;0;3;0;0;2;38;0;0;2,0;0;4;-4
2023_13_CLE_LA;LA;13;2023;27;9;31;4;27;0;2,0;14,0;5;1;42;5;0;1;0;19;2;0;2,0;2;0;4
2023_03_NE_NYJ;NE;3;2023;35;6;20;7;36;1;3,0;24,0;7;0;0;5;0;1;0;10;0;0;3,0;2;0;7
2025_20_BUF_DEN;BUF;20;2025;37;0;26;5;8;0;0,0;0,0;3;1;3;7;0;0;0;33;2;0;0,0;0;0;-1
2025_14_CIN_BUF;BUF;14;2025;31;0;32;2;11;0;1,0;8,0;5;2;64;7;1;0;0;34;4;6;1,0;0;0;-1
2026_01_NYJ_TEN;NYJ;1;2026;30;0;16;4;14;1;3,0;13,0;5;0;0;1;0;0;1;10;0;0;3,0;0;2;7
2024_19_MIN_LA;MIN;19;2024;26;2;28;4;13;0;2,0;7,0;5;0;0;2;0;0;0;27;0;0;2,0;0;0;1
2025_02_TB_HOU;HOU;2;2025;50;3;15;6;26;1;4,0;24,0;6;0;0;3;0;0;0;20;0;0;4,0;0;0;4
2022_18_DAL_WAS;WAS;18;2022;30;4;28;3;25;0;1,0;10,0;4;1;29;7;1;0;1;6;2;6;1,0;0;2;10
2022_03_ATL_SEA;ATL;3;2022;44;6;18;5;25;0;2,0;17,0;5;1;12;8;0;0;0;23;2;0;2,0;0;0;1
2024_03_KC_ATL;KC;3;2024;34;4;24;8;22;1;2,0;1,0;10;1;15;5;0;0;0;17;2;0;2,0;0;0;4
2022_09_PHI_HOU;PHI;9;2022;31;10;22;5;22;0;3,0;19,0;4;2;47;3;0;0;0;17;4;0;3,0;0;0;4
2022_22_KC_PHI;PHI;22;2022;37;1;9;1;3;0;0,0;0,0;5;0;0;1;0;0;0;38;0;0;0,0;0;0;-4
2022_15_DET_NYJ;DET;15;2022;30;6;22;5;31;0;4,0;30,0;10;1;38;4;0;0;0;17;2;0;4,0;0;0;4
2024_03_BAL_DAL;DAL;3;2024;38;4;30;0;0;0;0,0;0,0;1;0;0;0;0;0;0;28;0;0;0,0;0;0;-1
2022_08_SF_LA;SF;8;2022;29;5;25;2;13;0;2,0;20,0;6;0;0;2;0;0;0;14;0;0;2,0;0;0;4
2024_02_LV_BAL;LV;2;2024;39;4;16;5;22;0;2,0;15,0;2;1;0;7;0;0;0;23;2;0;2,0;0;0;1
2025_14_PHI_LAC;LAC;14;2025;47;0;18;7;18;2;1,0;9,0;6;4;43;10;0;0;1;19;8;0;1,0;0;2;4
2022_08_CHI_DAL;CHI;8;2022;36;2;18;2;13;0;1,0;8,0;2;1;21;3;0;0;0;49;2;0;1,0;0;0;-4
2024_15_ATL_LV;ATL;15;2024;41;1;19;10;34;1;4,0;24,0;6;2;0;8;0;1;1;9;4;0;4,0;2;2;7
2023_19_GB_DAL;DAL;19;2023;28;5;25;1;3;0;0,0;0,0;3;0;0;1;0;0;0;48;0;0;0,0;0;0;-4
2023_16_GB_CAR;GB;16;2023;30;7;29;1;7;1;2,0;14,0;10;0;0;1;0;0;0;30;0;0;2,0;0;0;-1
2026_02_LV_LAC;LAC;2;2026;30;1;39;4;11;1;2,0;5,0;10;1;2;4;0;0;0;26;2;0;2,0;0;0;1
2022_04_BUF_BAL;BAL;4;2022;33;0;18;3;17;1;1,0;12,0;5;1;26;8;0;0;1;23;2;0;1,0;0;2;1
2023_17_NE_BUF;BUF;17;2023;30;8;12;6;22;1;3,0;18,0;8;3;50;6;1;0;1;21;6;6;3,0;0;2;1
2023_10_NYG_DAL;DAL;10;2023;32;5;15;7;33;0;5,0;25,0;7;1;0;6;0;0;0;17;2;0;5,0;0;0;4
2022_13_BUF_NE;BUF;13;2022;31;6;14;4;23;1;1,0;13,0;4;0;0;6;0;0;0;10;0;0;1,0;0;0;7
2025_11_SEA_LA;LA;11;2025;51;2;24;0;0;1;0,0;0,0;3;4;81;8;0;0;0;19;8;0;0,0;0;0;4
2023_06_ARI_LA;ARI;6;2023;32;7;23;4;24;1;3,0;23,0;3;0;0;0;0;0;1;26;0;0;3,0;0;2;1
2022_13_PIT_ATL;ATL;13;2022;22;9;49;1;5;0;0,0;0,0;4;0;0;2;0;0;0;19;0;0;0,0;0;0;4
2024_14_LV_TB;LV;14;2024;36;4;20;5;31;1;4,0;27,0;8;2;24;7;0;0;1;28;4;0;4,0;0;2;-1
2023_14_BUF_KC;KC;14;2023;39;2;26;3;24;0;3,0;24,0;10;1;4;7;0;0;0;20;2;0;3,0;0;0;4
2024_11_LA_NE;LA;11;2024;36;11;41;6;31;2;3,0;25,0;5;1;9;8;0;0;1;22;2;0;3,0;0;2;1
2023_07_LV_CHI;LV;7;2023;33;9;35;3;9;1;2,0;12,0;3;0;0;3;0;0;0;30;0;0;2,0;0;0;-1
2024_05_CLE_WAS;CLE;5;2024;39;8;20;9;23;2;3,0;17,0;4;1;0;7;0;0;1;34;2;0;3,0;0;2;-1
2024_08_CAR_DEN;DEN;8;2024;27;8;24;6;16;0;2,0;9,0;5;2;28;2;0;0;0;14;4;0;2,0;0;0;4
2025_05_MIN_CLE;CLE;5;2025;33;3;39;6;24;2;3,0;16,0;3;0;0;3;0;0;2;21;0;0;3,0;0;4;1
2022_14_LV_LA;LA;14;2022;32;4;30;1;5;0;0,0;0,0;3;2;0;3;0;0;0;16;4;0;0,0;0;0;4
2024_11_SEA_SF;SEA;11;2024;32;2;38;4;15;0;2,0;13,0;4;1;0;6;0;0;0;17;2;0;2,0;0;0;4
2023_11_PIT_CLE;CLE;11;2023;31;7;19;7;40;0;3,0;29,0;4;0;0;4;0;0;0;10;0;0;3,0;0;0;7
2024_03_MIA_SEA;MIA;3;2024;33;7;29;6;23;0;3,0;19,0;7;2;2;5;0;0;0;24;4;0;3,0;0;0;1
2024_11_BAL_PIT;PIT;11;2024;24;1;29;3;6;2;2,0;2,0;6;1;0;6;0;0;2;16;2;0;2,0;0;4;4
2022_04_SEA_DET;SEA;4;2022;30;12;28;1;9;1;1,0;9,0;3;1;40;4;1;0;1;45;2;6;1,0;0;2;-4
2024_01_PIT_ATL;ATL;1;2024;45;9;29;7;36;0;2,0;23,0;5;0;0;1;0;0;0;18;0;0;2,0;0;0;4
2025_16_LA_SEA;LA;16;2025;33;0;24;3;17;1;4,0;26,0;7;2;66;4;0;0;1;38;4;0;4,0;0;2;-4
2024_15_GB_SEA;SEA;15;2024;38;3;33;2;6;1;0,0;0,0;6;0;0;1;0;0;1;30;0;0;0,0;0;2;-1
2024_13_CLE_DEN;DEN;13;2024;44;2;28;2;22;0;3,0;22,0;10;3;171;12;2;0;0;32;6;12;3,0;0;0;-1
2023_05_CAR_DET;CAR;5;2023;29;5;31;3;20;0;2,0;18,0;7;0;0;0;0;0;0;42;0;0;2,0;0;0;-4
2023_12_CAR_TEN;CAR;12;2023;29;8;20;4;10;0;1,0;1,0;4;0;0;5;0;0;0;17;0;0;1,0;0;0;4
2022_07_NYJ_DEN;NYJ;7;2022;40;3;21;1;2;0;1,0;6,0;7;1;27;9;0;0;0;9;2;0;1,0;0;0;7
2023_18_KC_LAC;LAC;18;2023;34;12;16;1;9;1;1,0;9,0;9;1;0;6;0;0;0;13;2;0;1,0;0;0;7
2023_11_LV_MIA;MIA;11;2023;35;4;12;5;20;0;2,0;11,0;6;3;8;8;0;0;0;13;6;0;2,0;0;0;7
2022_07_NYJ_DEN;DEN;7;2022;29;2;24;2;15;0;3,0;16,0;5;0;0;1;0;0;0;16;0;0;3,0;0;0;4
2022_16_ATL_BAL;ATL;16;2022;31;5;23;1;1;1;0,0;0,0;0;0;0;0;0;0;0;17;0;0;0,0;0;0;4
2023_05_CAR_DET;DET;5;2023;38;5;19;2;6;2;1,0;4,0;6;2;17;3;0;0;1;24;4;0;1,0;0;2;1
2023_13_SF_PHI;PHI;13;2023;28;6;26;2;6;0;2,0;4,0;4;0;0;1;0;0;0;42;0;0;2,0;0;0;-4
2023_15_DAL_BUF;BUF;15;2023;34;4;18;4;23;0;3,0;28,0;7;1;8;7;0;0;0;10;2;0;3,0;0;0;7
2025_02_BUF_NYJ;NYJ;2;2025;36;4;40;4;9;1;1,0;1,0;2;0;0;6;0;0;0;30;0;0;1,0;0;0;-1
2023_07_DET_BAL;BAL;7;2023;46;5;13;4;26;2;5,0;31,0;8;1;0;6;0;0;0;6;2;0;5,0;0;0;10
2023_05_JAX_BUF;JAX;5;2023;29;3;9;2;7;1;0,0;0,0;6;1;0;3;0;0;1;20;2;0;0,0;0;2;4
2022_13_SEA_LA;LA;13;2022;40;3;21;5;23;1;4,0;19,0;8;1;0;5;0;0;1;27;2;0;4,0;0;2;1
2023_02_NYG_ARI;ARI;2;2023;42;4;16;5;12;0;3,0;9,0;5;1;35;7;0;0;0;31;2;0;3,0;0;0;-1
2025_08_CHI_BAL;CHI;8;2025;40;1;33;4;12;1;2,0;8,0;3;0;0;1;0;0;0;30;0;0;2,0;0;0;-1
2022_02_NYJ_CLE;NYJ;2;2022;40;7;29;2;8;0;1,0;8,0;5;1;14;3;0;0;0;30;2;0;1,0;0;0;-1
2022_12_LA_KC;KC;12;2022;31;2;24;5;28;0;3,0;24,0;5;2;41;8;0;0;0;10;4;0;3,0;0;0;7
2025_15_LAC_KC;KC;15;2025;40;1;31;6;13;0;4,0;9,0;12;1;14;3;0;0;0;16;2;0;4,0;0;0;4
2023_16_WAS_NYJ;NYJ;16;2023;28;7;17;2;6;0;1,0;13,0;4;2;16;9;0;0;1;28;4;0;1,0;0;2;-1
2023_09_NYG_LV;NYG;9;2023;35;3;27;3;9;0;0,0;0,0;1;0;0;2;0;0;0;30;0;0;0,0;0;0;-1
2024_17_CAR_TB;CAR;17;2024;42;2;42;4;14;0;2,0;10,0;4;0;0;1;0;0;0;48;0;0;2,0;0;0;-4
2025_17_DEN_KC;DEN;17;2025;27;0;20;2;7;0;1,0;9,0;7;0;0;1;0;0;0;13;0;0;1,0;0;0;7
2022_15_LA_GB;GB;15;2022;34;4;8;6;23;1;5,0;27,0;9;1;0;5;0;0;0;12;2;0;5,0;0;0;7
2025_07_PHI_MIN;PHI;7;2025;40;2;20;6;23;0;2,0;15,0;8;2;42;3;1;0;0;22;4;6;2,0;0;0;1
2022_10_WAS_PHI;WAS;10;2022;27;1;21;1;5;2;1,0;5,0;1;1;0;3;0;0;3;21;2;0;1,0;0;6;1
2024_16_JAX_LV;LV;16;2024;32;3;27;3;16;2;1,0;11,0;4;0;0;6;0;0;2;14;0;0;1,0;0;4;4
2025_08_SF_HOU;HOU;8;2025;25;1;19;4;24;1;2,0;18,0;6;1;0;5;0;0;0;15;2;0;2,0;0;0;4
2025_13_ATL_NYJ;NYJ;13;2025;39;0;40;7;24;0;2,0;12,0;7;0;0;7;0;0;1;24;0;0;2,0;0;2;1
2024_03_NE_NYJ;NE;3;2024;48;5;27;5;24;1;2,0;14,0;4;0;0;1;0;0;0;24;0;0;2,0;0;0;1
2022_19_DAL_TB;TB;19;2022;43;3;23;3;10;0;1,0;8,0;5;0;0;2;0;0;0;31;0;0;1,0;0;0;-1
2023_12_MIA_NYJ;NYJ;12;2023;42;5;33;2;7;0;2,0;15,0;3;2;30;5;1;0;1;34;4;6;2,0;0;2;-1
2023_14_TB_ATL;TB;14;2023;37;5;31;2;9;2;3,0;9,0;3;1;0;8;0;1;0;25;2;0;3,0;2;0;1
2023_11_SEA_LA;LA;11;2023;34;5;23;4;18;0;2,0;13,0;8;1;0;7;0;0;0;16;2;0;2,0;0;0;4
2022_07_CHI_NE;CHI;7;2022;34;1;13;2;9;0;1,0;8,0;3;3;52;7;0;0;1;14;6;0;1,0;0;2;4
2024_02_LA_ARI;ARI;2;2024;30;6;24;12;33;1;5,0;24,0;9;0;0;2;0;0;1;10;0;0;5,0;0;2;7
2022_11_TEN_GB;GB;11;2022;33;11;37;2;9;0;3,0;17,0;5;1;22;1;0;0;0;27;2;0;3,0;0;0;1
2024_09_LA_SEA;LA;9;2024;42;3;31;8;67;0;7,0;46,0;11;3;103;8;1;0;0;20;6;6;7,0;0;0;4
2025_09_BAL_MIA;BAL;9;2025;40;1;25;3;5;2;2,0;16,0;5;1;9;4;0;0;2;6;2;0;2,0;0;4;10
2022_17_LA_LAC;LA;17;2022;40;7;19;1;3;0;0,0;0,0;2;0;0;1;0;0;0;31;0;0;0,0;0;0;-1
2024_09_WAS_NYG;WAS;9;2024;34;4;42;4;23;1;2,0;12,0;4;0;0;3;0;0;1;22;0;0;2,0;0;2;1
2023_14_TEN_MIA;TEN;14;2023;48;4;16;6;36;1;5,0;32,0;7;0;0;3;0;0;1;27;0;0;5,0;0;2;1
2024_11_JAX_DET;JAX;11;2024;44;11;31;3;7;0;0,0;0,0;2;0;0;1;0;0;0;52;0;0;0,0;0;0;-4
2023_13_DEN_HOU;DEN;13;2023;33;11;27;5;25;1;5,0;28,0;6;0;0;1;0;0;0;22;0;0;5,0;0;0;1
2023_17_CAR_JAX;CAR;17;2023;33;8;30;3;16;0;3,0;16,0;6;0;0;2;0;0;0;26;0;0;3,0;0;0;1
2025_04_CLE_DET;DET;4;2025;35;2;28;4;17;1;3,0;14,0;9;2;34;10;0;0;1;10;4;0;3,0;0;2;7
2024_19_MIN_LA;LA;19;2024;37;3;33;10;67;1;9,0;82,0;12;1;0;4;0;0;1;9;2;0;9,0;0;2;7
2025_01_CIN_CLE;CLE;1;2025;31;4;22;8;30;0;3,0;18,0;7;0;0;5;0;0;0;17;0;0;3,0;0;0;4
2025_14_CHI_GB;GB;14;2025;36;0;38;2;13;1;1,0;9,0;6;1;0;3;0;0;0;21;2;0;1,0;0;0;1
2022_01_BAL_NYJ;NYJ;1;2022;26;8;16;2;2;1;2,0;2,0;4;1;0;4;0;0;0;24;2;0;2,0;0;0;1
2022_16_HOU_TEN;HOU;16;2022;39;11;21;5;17;2;4,0;11,0;6;2;26;5;0;0;1;14;4;0;4,0;0;2;4
2023_06_NYG_BUF;NYG;6;2023;36;4;18;1;2;1;0,0;0,0;1;1;5;3;0;0;1;14;2;0;0,0;0;2;4
2024_08_NYJ_NE;NE;8;2024;29;4;30;2;10;1;1,0;9,0;5;0;0;3;0;0;0;22;0;0;1,0;0;0;1
2025_11_WAS_MIA;WAS;11;2025;35;1;29;6;36;0;3,0;29,0;3;0;0;1;0;0;0;16;0;0;3,0;0;0;4
2026_01_NYJ_TEN;TEN;1;2026;31;1;45;2;9;0;0,0;0,0;1;0;0;2;0;0;0;23;0;0;0,0;0;0;1
2024_18_WAS_DAL;DAL;18;2024;34;4;14;6;29;0;6,0;43,0;8;0;0;3;0;0;1;23;0;0;6,0;0;2;1
2024_03_WAS_CIN;CIN;3;2024;34;5;25;1;5;1;2,0;6,0;4;0;0;0;0;0;0;38;0;0;2,0;0;0;-4
2022_06_DEN_LAC;DEN;6;2022;48;13;23;4;18;0;2,0;14,0;8;1;-6;9;0;0;0;19;2;0;2,0;0;0;4
2025_16_TB_CAR;TB;16;2025;31;1;23;4;21;0;2,0;17,0;9;0;0;5;0;0;0;23;0;0;2,0;0;0;1
2025_09_SF_NYG;SF;9;2025;34;1;35;3;14;0;2,0;12,0;3;0;0;4;0;0;0;24;0;0;2,0;0;0;1
2024_13_IND_NE;NE;13;2024;29;8;28;4;6;1;0,0;0,0;2;2;6;8;0;0;0;25;4;0;0,0;0;0;1
2025_12_PHI_DAL;PHI;12;2025;36;0;34;2;10;1;1,0;6,0;6;1;0;4;0;0;1;24;2;0;1,0;0;2;1
2023_05_NO_NE;NE;5;2023;38;10;32;2;15;0;2,0;15,0;2;0;0;1;0;0;0;34;0;0;2,0;0;0;-1
2025_19_GB_CHI;GB;19;2025;44;0;22;3;18;1;1,0;9,0;9;2;8;9;0;0;0;31;4;0;1,0;0;0;-1
2023_04_CIN_TEN;TEN;4;2023;25;11;25;4;16;2;3,0;26,0;10;0;0;5;0;0;1;3;0;0;3,0;0;2;10
2025_02_NYG_DAL;DAL;2;2025;37;1;43;4;21;0;2,0;14,0;6;1;0;2;0;0;0;37;2;0;2,0;0;0;-4
2024_16_PIT_BAL;PIT;16;2024;34;0;30;3;13;2;1,0;9,0;0;1;25;3;0;0;0;34;2;0;1,0;0;0;-1
2025_10_CLE_NYJ;CLE;10;2025;28;3;33;10;41;0;3,0;12,0;8;1;15;5;0;0;0;27;2;0;3,0;0;0;1
2024_18_CHI_GB;GB;18;2024;34;1;29;7;27;1;1,0;7,0;2;1;17;1;0;0;1;24;2;0;1,0;0;2;1
2025_07_PIT_CIN;CIN;7;2025;33;0;28;2;11;0;0,0;0,0;2;2;0;6;0;0;0;31;4;0;0,0;0;0;-1
2025_01_LV_NE;LV;1;2025;40;2;34;6;18;1;4,0;11,0;9;1;0;4;0;0;0;13;2;0;4,0;0;0;7
2024_13_SF_BUF;SF;13;2024;30;7;29;3;6;0;0,0;0,0;1;0;0;2;0;0;0;35;0;0;0,0;0;0;-4
2024_02_BUF_MIA;MIA;2;2024;23;8;18;4;6;0;0,0;0,0;0;0;0;3;0;0;0;31;0;0;0,0;0;0;-1
2022_11_LV_DEN;DEN;11;2022;35;5;29;2;10;0;1,0;9,0;4;0;0;4;0;0;0;22;0;0;1,0;0;0;1
2022_08_NYG_SEA;SEA;8;2022;48;4;16;7;36;3;5,0;29,0;8;0;0;6;0;0;2;13;0;0;5,0;0;4;7
2025_17_SEA_CAR;CAR;17;2025;35;1;41;5;30;1;3,0;22,0;4;1;0;4;0;0;1;27;2;0;3,0;0;2;1
2023_04_DEN_CHI;DEN;4;2023;39;10;28;2;10;1;4,0;35,0;10;1;5;4;0;0;1;28;2;0;4,0;0;2;-1
2025_15_BUF_NE;BUF;15;2025;34;1;19;5;23;1;3,0;16,0;5;1;0;3;0;0;0;31;2;0;3,0;0;0;-1
2026_01_ATL_PIT;PIT;1;2026;37;0;34;7;34;2;4,0;25,0;5;2;45;6;1;0;0;13;4;6;4,0;0;0;7
2023_04_ARI_SF;ARI;4;2023;33;4;26;3;16;0;1,0;12,0;1;0;0;0;0;0;0;35;0;0;1,0;0;0;-4
2023_18_DAL_WAS;WAS;18;2023;52;2;18;4;5;0;0,0;0,0;0;1;7;2;0;0;0;38;2;0;0,0;0;0;-4
2025_01_SF_SEA;SF;1;2025;36;1;19;7;21;2;1,0;4,0;2;0;0;3;0;0;2;13;0;0;1,0;0;4;7
2022_12_TB_CLE;TB;12;2022;47;9;27;7;23;0;4,0;32,0;11;1;0;4;0;0;0;23;2;0;4,0;0;0;1
2024_04_DEN_NYJ;DEN;4;2024;39;12;30;8;41;1;5,0;41,0;14;0;0;4;0;0;1;9;0;0;5,0;0;2;7
2025_12_PIT_CHI;CHI;12;2025;38;2;48;5;16;2;2,0;12,0;4;1;0;4;0;0;1;28;2;0;2,0;0;2;-1
2025_09_ATL_NE;ATL;9;2025;47;0;20;7;46;2;6,0;38,0;6;1;17;3;0;0;1;24;2;0;6,0;0;2;1
2025_08_TB_NO;TB;8;2025;41;0;32;5;32;2;5,0;37,0;8;2;3;7;1;0;2;3;4;6;5,0;0;4;10
2022_03_ATL_SEA;SEA;3;2022;29;7;19;2;15;1;3,0;22,0;6;1;7;2;0;0;1;27;2;0;3,0;0;2;1
2023_13_DET_NO;NO;13;2023;31;4;28;5;17;0;1,0;8,0;4;0;0;2;0;0;0;33;0;0;1,0;0;0;-1
2025_12_IND_KC;IND;12;2025;58;0;42;5;8;1;4,0;6,0;10;1;3;5;0;0;1;23;2;0;4,0;0;2;1
2023_06_DAL_LAC;DAL;6;2023;34;8;12;2;12;0;1,0;8,0;8;1;0;6;0;0;0;17;2;0;1,0;0;0;4
2022_18_TEN_JAX;JAX;18;2022;47;5;35;7;17;2;4,0;14,0;11;1;29;5;0;0;1;16;2;0;4,0;0;2;4
2022_21_CIN_KC;KC;21;2022;42;2;12;5;29;0;5,0;32,0;12;2;6;7;0;0;0;20;4;0;5,0;0;0;4
2023_20_GB_SF;GB;20;2023;34;3;25;0;0;0;1,0;7,0;6;0;0;2;0;0;0;24;0;0;1,0;0;0;1
2022_13_JAX_DET;DET;13;2022;29;6;16;3;14;1;2,0;14,0;4;0;0;4;0;0;1;14;0;0;2,0;0;2;4
2024_05_DAL_PIT;PIT;5;2024;48;4;22;3;14;2;2,0;16,0;6;2;18;6;0;0;1;20;4;0;2,0;0;2;4
2025_02_DEN_IND;DEN;2;2025;43;0;36;3;17;0;1,0;10,0;6;0;0;5;0;0;0;29;0;0;1,0;0;0;-1
2025_17_DAL_WAS;WAS;17;2025;45;0;50;4;21;0;6,0;38,0;11;0;0;8;0;0;0;30;0;0;6,0;0;0;-1
2024_15_NYJ_JAX;JAX;15;2024;29;0;14;3;20;0;1,0;14,0;3;0;0;7;0;0;0;32;0;0;1,0;0;0;-1
2024_16_MIN_SEA;SEA;16;2024;33;2;20;3;29;1;3,0;29,0;7;0;0;7;0;0;0;27;0;0;3,0;0;0;1
2025_01_CAR_JAX;CAR;1;2025;42;0;20;1;2;0;0,0;0,0;1;1;10;4;0;0;0;26;2;0;0,0;0;0;1
2023_18_SEA_ARI;ARI;18;2023;27;10;16;2;4;0;0,0;0,0;0;0;0;6;0;0;0;21;0;0;0,0;0;0;1
2025_02_CAR_ARI;ARI;2;2025;44;2;30;6;33;1;3,0;25,0;10;1;4;9;0;0;1;22;2;0;3,0;0;2;1
2025_02_SEA_PIT;SEA;2;2025;35;5;23;2;14;0;3,0;20,0;8;2;28;5;0;0;0;17;4;0;3,0;0;0;4
2022_08_GB_BUF;BUF;8;2022;36;17;23;4;16;0;2,0;13,0;4;1;0;6;0;0;0;17;2;0;2,0;0;0;4
2024_04_PHI_TB;TB;4;2024;31;4;18;7;46;2;6,0;44,0;6;0;0;4;0;0;2;16;0;0;6,0;0;4;4
2024_10_NYG_CAR;NYG;10;2024;33;2;36;4;12;1;1,0;8,0;4;0;0;1;0;0;1;20;0;0;1,0;0;2;4
2025_16_LV_HOU;LV;16;2025;33;1;33;6;17;0;0,0;0,0;4;0;0;3;0;0;0;23;0;0;0,0;0;0;1
2024_15_PIT_PHI;PHI;15;2024;27;2;10;4;23;1;2,0;21,0;4;0;0;3;0;0;1;13;0;0;2,0;0;2;7
2023_07_ATL_TB;TB;7;2023;39;10;28;1;1;2;1,0;5,0;1;0;0;3;0;0;2;16;0;0;1,0;0;4;4
2022_08_CAR_ATL;CAR;8;2022;42;8;28;5;22;1;2,0;14,0;8;2;54;6;0;0;0;37;4;0;2,0;0;0;-4
2025_16_JAX_DEN;DEN;16;2025;38;0;40;6;25;0;5,0;14,0;14;0;0;5;0;0;0;34;0;0;5,0;0;0;-1
2022_12_GB_PHI;GB;12;2022;49;4;32;3;8;1;2,0;16,0;3;0;0;3;0;0;1;40;0;0;2,0;0;2;-4
2023_15_NYG_NO;NYG;15;2023;39;5;17;2;10;0;1,0;9,0;2;0;0;0;0;0;0;24;0;0;1,0;0;0;1
2025_01_MIA_IND;MIA;1;2025;44;3;35;4;17;0;1,0;10,0;2;0;0;4;0;0;0;33;0;0;1,0;0;0;-1
2024_06_ATL_CAR;CAR;6;2024;36;6;26;0;0;1;0,0;0,0;3;0;0;6;0;0;1;38;0;0;0,0;0;2;-4
2023_02_GB_ATL;ATL;2;2023;25;5;13;2;16;0;1,0;11,0;3;0;0;5;0;0;0;24;0;0;1,0;0;0;1
2024_07_PHI_NYG;NYG;7;2024;38;9;31;8;50;0;5,0;44,0;7;0;0;2;0;0;0;28;0;0;5,0;0;0;-1
2024_10_ATL_NO;NO;10;2024;43;2;36;6;33;2;3,0;19,0;9;1;6;9;0;0;0;17;2;0;3,0;0;0;4
2025_09_SEA_WAS;WAS;9;2025;26;2;34;2;5;1;0,0;0,0;1;1;0;3;0;0;0;38;2;0;0,0;0;0;-4
2023_02_NYJ_DAL;NYJ;2;2023;56;8;24;3;15;1;1,0;7,0;4;0;0;3;0;0;0;30;0;0;1,0;0;0;-1
2025_03_DAL_CHI;DAL;3;2025;36;1;23;4;20;0;0,0;0,0;1;0;0;3;0;0;0;31;0;0;0,0;0;0;-1
2023_16_JAX_TB;TB;16;2023;43;0;12;5;42;2;4,0;37,0;5;2;10;5;0;0;2;12;4;0;4,0;0;4;7
2024_07_CIN_CLE;CIN;7;2024;37;14;28;5;19;1;4,0;18,0;11;2;49;8;0;0;0;14;4;0;4,0;0;0;4
2025_15_DET_LA;LA;15;2025;30;2;30;3;16;0;1,0;12,0;8;0;0;2;0;0;0;34;0;0;1,0;0;0;-1
2024_16_NO_GB;GB;16;2024;34;0;20;5;29;2;3,0;24,0;6;1;18;4;0;0;1;0;2;0;3,0;0;2;10
2022_09_GB_DET;DET;9;2022;23;16;38;1;8;2;1,0;8,0;5;3;9;9;0;0;0;9;6;0;1,0;0;0;7
2022_10_JAX_KC;JAX;10;2022;45;1;11;2;4;2;0,0;0,0;4;1;8;2;0;0;2;27;2;0;0,0;0;4;1
2023_04_LA_IND;LA;4;2023;21;12;30;4;16;1;2,0;4,0;3;0;0;4;0;0;1;23;0;0;2,0;0;2;1
2024_08_GB_JAX;JAX;8;2024;37;3;31;5;9;0;1,0;0,0;4;1;0;1;0;0;0;30;2;0;1,0;0;0;-1
2025_05_MIN_CLE;MIN;5;2025;34;1;45;5;16;0;2,0;8,0;3;0;0;5;0;0;0;17;0;0;2,0;0;0;4
2022_04_ARI_CAR;CAR;4;2022;43;2;36;5;12;1;1,0;1,0;1;1;33;3;1;0;0;26;2;6;1,0;0;0;1
2024_04_PIT_IND;PIT;4;2024;33;6;30;4;6;1;2,0;14,0;8;0;0;2;0;0;0;27;0;0;2,0;0;0;1
2023_05_CHI_WAS;CHI;5;2023;28;7;39;5;30;1;5,0;29,0;11;1;0;5;0;0;1;20;2;0;5,0;0;2;4
2022_12_HOU_MIA;MIA;12;2022;35;6;22;6;36;3;5,0;41,0;7;2;40;6;0;0;1;15;4;0;5,0;0;2;4
2024_01_ARI_BUF;BUF;1;2024;38;7;17;4;19;1;4,0;16,0;5;0;0;3;0;0;1;28;0;0;4,0;0;2;-1
2025_09_IND_PIT;IND;9;2025;37;0;34;6;25;1;3,0;16,0;4;0;0;3;0;0;1;27;0;0;3,0;0;2;1
2022_18_CAR_NO;NO;18;2022;33;4;32;3;13;2;2,0;11,0;2;2;55;4;0;0;0;10;4;0;2,0;0;0;7
2022_05_LAC_CLE;LAC;5;2022;36;9;21;1;4;0;0,0;0,0;3;1;18;2;0;0;0;28;2;0;0,0;0;0;-1
2025_01_HOU_LA;LA;1;2025;38;2;26;3;37;1;3,0;37,0;7;1;0;4;0;0;1;9;2;0;3,0;0;2;7
2025_01_NYG_WAS;NYG;1;2025;31;1;39;3;14;0;3,0;21,0;5;0;0;3;0;0;0;21;0;0;3,0;0;0;1
2025_16_ATL_ARI;ARI;16;2025;32;1;41;5;19;0;1,0;7,0;4;1;16;6;0;0;1;26;2;0;1,0;0;2;1
2025_17_DAL_WAS;DAL;17;2025;20;3;29;6;20;0;2,0;8,0;6;0;0;3;0;0;0;23;0;0;2,0;0;0;1
2022_10_ATL_CAR;ATL;10;2022;36;2;38;6;10;0;1,0;7,0;3;0;0;4;0;0;0;25;0;0;1,0;0;0;1
2024_07_MIA_IND;IND;7;2024;28;17;45;5;16;2;2,0;12,0;5;0;0;2;0;0;2;10;0;0;2,0;0;4;7
2024_04_MIN_GB;GB;4;2024;35;12;24;5;29;1;2,0;21,0;3;1;0;2;0;0;2;31;2;0;2,0;0;4;-1
2023_11_LV_MIA;LV;11;2023;33;18;34;1;2;2;1,0;2,0;3;1;0;4;0;0;2;20;2;0;1,0;0;4;4
2024_17_IND_NYG;IND;17;2024;16;4;42;6;13;1;0,0;0,0;1;0;0;0;0;0;0;45;0;0;0,0;0;0;-4
2024_04_KC_LAC;LAC;4;2024;29;7;27;2;8;1;3,0;17,0;5;1;29;5;0;0;1;17;2;0;3,0;0;2;4
2022_02_SEA_SF;SF;2;2022;30;4;18;6;24;0;2,0;17,0;9;2;23;5;0;0;1;7;4;0;2,0;0;2;7
2024_18_CLE_BAL;BAL;18;2024;28;2;24;3;10;0;2,0;9,0;3;2;32;6;1;0;0;10;4;6;2,0;0;0;7
2023_18_HOU_IND;IND;18;2023;31;5;31;4;44;0;2,0;18,0;4;0;0;1;0;1;0;23;0;0;2,0;2;0;1
2022_03_BUF_MIA;MIA;3;2022;52;8;28;2;3;2;4,0;18,0;11;0;0;9;0;0;1;19;0;0;4,0;0;2;4
2024_06_WAS_BAL;BAL;6;2024;35;4;16;4;17;0;3,0;16,0;8;0;0;5;0;0;0;23;0;0;3,0;0;0;1
2023_02_CLE_PIT;PIT;2;2023;43;15;23;7;23;4;6,0;25,0;11;1;30;8;1;0;3;22;2;6;6,0;0;6;1
2025_05_KC_JAX;KC;5;2025;31;1;33;5;13;1;3,0;11,0;8;1;2;5;0;0;1;31;2;0;3,0;0;2;-1
2022_01_PIT_CIN;CIN;1;2022;36;5;17;2;3;1;1,0;2,0;5;0;0;4;0;0;0;23;0;0;1,0;0;0;1
2025_02_WAS_GB;WAS;2;2025;35;0;30;2;14;0;2,0;23,0;4;0;0;3;0;0;0;27;0;0;2,0;0;0;1
2023_17_SF_WAS;WAS;17;2023;41;9;33;5;17;0;0,0;0,0;1;0;0;2;0;0;0;27;0;0;0,0;0;0;1
2022_01_GB_MIN;GB;1;2022;40;8;20;1;8;0;1,0;8,0;8;0;0;1;0;0;0;23;0;0;1,0;0;0;1
2025_08_WAS_KC;WAS;8;2025;47;1;23;4;9;2;3,0;15,0;7;2;1;3;0;0;0;28;4;0;3,0;0;0;-1
2025_17_JAX_IND;JAX;17;2025;27;0;28;4;15;0;2,0;12,0;5;2;13;8;0;0;0;17;4;0;2,0;0;0;4
2026_02_CIN_HOU;HOU;2;2026;33;2;32;8;35;0;5,0;25,0;10;0;0;3;0;0;0;20;0;0;5,0;0;0;4
2023_07_BUF_NE;BUF;7;2023;36;9;19;4;12;1;1,0;4,0;4;0;0;2;0;0;1;29;0;0;1,0;0;2;-1
2026_01_ARI_LAC;ARI;1;2026;33;1;19;5;22;1;3,0;22,0;5;1;0;6;0;0;1;14;2;0;3,0;0;2;4
2023_02_SEA_DET;SEA;2;2023;40;9;21;3;10;2;2,0;7,0;6;1;40;3;1;0;2;31;2;6;2,0;0;4;-1
2024_11_JAX_DET;DET;11;2024;21;4;26;3;5;0;1,0;9,0;3;1;0;2;0;0;0;6;2;0;1,0;0;0;10
2025_17_NYG_LV;NYG;17;2025;34;2;28;9;40;0;4,0;24,0;9;2;55;5;0;0;0;10;4;0;4,0;0;0;7
2023_17_NO_TB;NO;17;2023;28;5;13;5;22;1;2,0;17,0;3;2;0;6;0;0;2;13;4;0;2,0;0;4;7
2025_14_HOU_KC;HOU;14;2025;29;0;38;2;19;0;2,0;12,0;8;3;-2;7;0;0;0;10;6;0;2,0;0;0;7
2023_04_SEA_NYG;NYG;4;2023;32;5;15;6;22;0;2,0;13,0;3;0;0;4;0;0;0;24;0;0;2,0;0;0;1
2025_11_LAC_JAX;LAC;11;2025;42;1;33;2;4;0;0,0;0,0;2;1;0;3;0;0;0;35;2;0;0,0;0;0;-4
2024_13_PIT_CIN;CIN;13;2024;32;5;43;4;8;1;2,0;4,0;9;1;51;2;1;0;0;44;2;6;2,0;0;0;-4
2022_13_IND_DAL;IND;13;2022;39;6;24;2;10;0;1,0;5,0;1;1;31;4;0;0;0;54;2;0;1,0;0;0;-4
2023_01_PHI_NE;PHI;1;2023;42;4;32;4;10;2;2,0;10,0;7;1;70;10;1;0;1;20;2;6;2,0;0;2;4
2025_08_NYJ_CIN;NYJ;8;2025;30;0;30;3;13;0;1,0;6,0;2;0;0;7;0;0;0;38;0;0;1,0;0;0;-4
2024_06_BUF_NYJ;NYJ;6;2024;33;7;27;2;6;1;2,0;5,0;2;0;0;2;0;0;0;23;0;0;2,0;0;0;1
2023_14_CAR_NO;NO;14;2023;46;7;21;4;18;3;4,0;38,0;8;0;0;8;0;0;2;6;0;0;4,0;0;4;10
2024_16_NYG_ATL;ATL;16;2024;24;1;31;3;21;1;3,0;21,0;6;2;82;9;2;0;1;7;4;12;3,0;0;2;7
2023_02_CLE_PIT;CLE;2;2023;24;8;14;2;14;1;2,0;22,0;9;1;0;7;0;0;1;26;2;0;2,0;0;2;1
2024_17_KC_PIT;PIT;17;2024;43;0;16;2;3;1;0,0;0,0;2;0;0;5;0;0;0;29;0;0;0,0;0;0;-1
2025_08_CHI_BAL;BAL;8;2025;42;2;24;6;16;1;1,0;9,0;4;1;9;2;0;0;0;16;2;0;1,0;0;0;4
2023_13_DET_NO;DET;13;2023;37;4;36;6;34;0;2,0;18,0;7;1;13;4;0;0;1;28;2;0;2,0;0;2;-1
2025_02_LA_TEN;TEN;2;2025;34;2;26;2;9;0;1,0;8,0;6;1;0;4;0;0;0;33;2;0;1,0;0;0;-1
2023_20_HOU_BAL;HOU;20;2023;48;2;20;8;39;0;3,0;29,0;5;0;0;1;0;0;0;34;0;0;3,0;0;0;-1
2024_15_LA_SF;SF;15;2024;36;2;40;1;2;0;0,0;0,0;5;0;0;5;0;0;0;12;0;0;0,0;0;0;7
2022_14_NYJ_BUF;BUF;14;2022;41;12;20;6;28;3;4,0;36,0;8;0;0;7;0;0;2;12;0;0;4,0;0;4;7
2024_04_CIN_CAR;CAR;4;2024;40;3;29;3;12;0;0,0;0,0;2;1;33;4;0;0;0;34;2;0;0,0;0;0;-1
2023_09_BUF_CIN;CIN;9;2023;29;5;19;2;10;1;1,0;9,0;5;1;0;2;0;0;1;18;2;0;1,0;0;2;4
2024_01_GB_PHI;PHI;1;2024;24;7;25;4;7;1;2,0;9,0;5;1;1;4;0;0;0;29;2;0;2,0;0;0;-1
2022_13_DEN_BAL;BAL;13;2022;35;11;23;4;9;0;2,0;5,0;4;0;0;1;0;0;0;9;0;0;2,0;0;0;7
2023_18_CLE_CIN;CIN;18;2023;27;7;19;4;23;0;3,0;26,0;9;2;26;8;0;0;0;14;4;0;3,0;0;0;4
2024_19_WAS_TB;TB;19;2024;38;5;35;4;6;0;1,0;0,0;4;0;0;3;0;0;0;23;0;0;1,0;0;0;1
2025_10_CLE_NYJ;NYJ;10;2025;47;1;25;10;63;0;6,0;47,0;7;0;0;3;0;0;0;20;0;0;6,0;0;0;4
2024_01_DAL_CLE;CLE;1;2024;35;12;20;6;20;1;3,0;16,0;4;0;0;6;0;0;0;33;0;0;3,0;0;0;-1
2022_16_WAS_SF;SF;16;2022;41;11;37;4;16;1;2,0;19,0;7;1;0;4;0;0;1;20;2;0;2,0;0;2;4
2022_13_WAS_NYG;WAS;13;2022;48;7;21;5;23;2;4,0;18,0;4;0;0;2;0;0;1;20;0;0;4,0;0;2;4
2024_05_MIA_NE;NE;5;2024;41;8;36;5;19;1;3,0;15,0;5;1;2;5;0;0;1;15;2;0;3,0;0;2;4
2023_07_SF_MIN;SF;7;2023;44;9;19;4;7;0;0,0;0,0;6;1;0;4;0;0;0;22;2;0;0,0;0;0;1
2025_19_LA_CAR;LA;19;2025;34;1;23;3;16;0;2,0;14,0;8;1;11;6;0;0;1;31;2;0;2,0;0;2;-1
2022_09_SEA_ARI;ARI;9;2022;40;12;26;4;14;0;2,0;12,0;8;1;30;4;1;0;0;31;2;6;2,0;0;0;-1
2024_18_CAR_ATL;CAR;18;2024;30;1;55;3;6;0;1,0;2,0;5;1;19;8;0;0;0;38;2;0;1,0;0;0;-4
2022_18_TB_ATL;ATL;18;2022;29;4;22;2;12;1;0,0;0,0;5;0;0;5;0;0;1;17;0;0;0,0;0;2;4
2025_05_SF_LA;LA;5;2025;47;4;38;3;5;0;1,0;9,0;10;0;0;5;0;0;0;26;0;0;1,0;0;0;1
2023_18_LA_SF;SF;18;2023;38;9;21;5;22;0;2,0;14,0;3;1;0;2;0;0;0;21;2;0;2,0;0;0;1
2023_02_WAS_DEN;DEN;2;2023;39;3;23;5;21;1;4,0;33,0;8;0;0;4;0;0;0;35;0;0;4,0;0;0;-4
2024_14_LV_TB;TB;14;2024;40;2;22;2;13;0;2,0;10,0;6;1;0;3;0;0;1;13;2;0;2,0;0;2;7
2025_04_JAX_SF;SF;4;2025;38;2;26;6;8;1;0,0;0,0;0;0;0;2;0;0;0;26;0;0;0,0;0;0;1
2024_11_ATL_DEN;ATL;11;2024;37;4;28;5;23;1;1,0;12,0;3;0;0;2;0;0;0;38;0;0;1,0;0;0;-4
2024_01_TEN_CHI;TEN;1;2024;31;6;18;8;43;1;2,0;29,0;4;0;0;5;0;0;1;24;0;0;2,0;0;2;1
2024_17_MIA_CLE;CLE;17;2024;35;6;30;12;50;0;4,0;19,0;8;0;0;0;0;0;0;20;0;0;4,0;0;0;4
2023_03_TEN_CLE;TEN;3;2023;40;9;35;5;35;2;3,0;26,0;5;0;0;0;0;0;1;27;0;0;3,0;0;2;1
2024_17_SEA_CHI;CHI;17;2024;34;3;21;5;19;3;3,0;17,0;7;0;0;3;0;0;1;6;0;0;3,0;0;2;10
2025_09_LAC_TEN;TEN;9;2025;41;1;29;6;40;1;6,0;38,0;11;1;24;4;1;0;0;27;2;6;6,0;0;0;1
2023_01_SF_PIT;PIT;1;2023;37;10;26;4;12;3;3,0;17,0;7;0;0;5;0;0;1;30;0;0;3,0;0;2;-1
2025_01_BAL_BUF;BAL;1;2025;51;2;22;3;8;1;1,0;5,0;3;0;0;4;0;0;0;41;0;0;1,0;0;0;-4
2025_01_HOU_LA;HOU;1;2025;35;3;23;5;42;1;3,0;21,0;6;0;0;1;0;0;1;14;0;0;3,0;0;2;4
2022_08_PIT_PHI;PHI;8;2022;42;9;23;7;42;2;6,0;38,0;11;1;14;7;0;0;1;13;2;0;6,0;0;2;7
2025_13_JAX_TEN;JAX;13;2025;34;1;29;4;24;3;3,0;20,0;5;0;0;3;0;0;2;3;0;0;3,0;0;4;10
2022_04_KC_TB;TB;4;2022;45;4;32;4;23;0;3,0;21,0;6;1;33;4;0;0;0;41;2;0;3,0;0;0;-4
2024_01_BAL_KC;KC;1;2024;46;3;23;3;9;1;1,0;6,0;1;0;0;4;0;0;1;20;0;0;1,0;0;2;4
2023_16_IND_ATL;ATL;16;2023;34;7;23;6;31;1;6,0;31,0;11;1;0;6;0;0;0;10;2;0;6,0;0;0;7
2023_01_DET_KC;DET;1;2023;37;3;13;1;3;0;0,0;0,0;7;1;50;5;1;0;0;20;2;6;0,0;0;0;4
2024_06_DET_DAL;DET;6;2024;37;2;24;5;27;2;4,0;26,0;11;3;47;10;0;0;2;9;6;0;4,0;0;4;7
2025_06_SF_TB;TB;6;2025;46;0;30;5;34;1;6,0;51,0;10;2;19;5;0;0;0;19;4;0;6,0;0;0;4
2023_05_NYG_MIA;MIA;5;2023;46;7;23;6;22;1;7,0;22,0;14;0;0;4;0;0;0;16;0;0;7,0;0;0;4
2023_15_KC_NE;NE;15;2023;37;6;16;5;31;1;3,0;26,0;4;2;22;3;0;0;0;27;4;0;3,0;0;0;1
2025_03_LA_PHI;PHI;3;2025;40;2;32;2;3;0;1,0;0,0;7;1;0;4;0;0;0;26;2;0;1,0;0;0;1
2024_02_SF_MIN;MIN;2;2024;36;5;35;8;35;1;5,0;22,0;7;1;12;6;0;0;1;17;2;0;5,0;0;2;4
2024_18_LAC_LV;LV;18;2024;37;2;50;5;18;0;1,0;10,0;3;0;0;2;0;0;0;34;0;0;1,0;0;0;-1
2025_07_LV_KC;LV;7;2025;42;4;42;6;12;1;1,0;4,0;3;0;0;2;0;0;0;31;0;0;1,0;0;0;-1
2024_11_HOU_DAL;DAL;11;2024;35;1;27;2;8;0;1,0;7,0;1;1;21;5;0;0;0;34;2;0;1,0;0;0;-1
2024_10_ATL_NO;ATL;10;2024;27;1;29;2;3;0;0,0;0,0;1;0;0;1;0;0;0;20;0;0;0,0;0;0;4
2022_18_LAC_DEN;DEN;18;2022;39;2;18;2;6;2;1,0;5,0;2;0;0;1;0;0;2;28;0;0;1,0;0;4;-1
2023_09_IND_CAR;CAR;9;2023;27;7;33;2;9;0;1,0;7,0;4;0;0;3;0;0;1;27;0;0;1,0;0;2;1
2023_03_IND_BAL;IND;3;2023;50;6;24;6;21;3;4,0;24,0;4;0;0;1;0;0;2;19;0;0;4,0;0;4;4
2024_04_CLE_LV;LV;4;2024;38;7;23;4;23;0;3,0;27,0;11;1;16;5;0;0;0;16;2;0;3,0;0;0;4
2024_11_IND_NYJ;IND;11;2024;28;8;30;6;33;1;3,0;22,0;5;0;0;2;0;0;0;27;0;0;3,0;0;0;1
2024_01_DAL_CLE;DAL;1;2024;39;7;27;6;34;1;6,0;32,0;17;2;9;8;0;0;0;17;4;0;6,0;0;0;4
2024_13_LAC_ATL;ATL;13;2024;26;1;21;5;23;2;5,0;19,0;8;0;0;6;0;0;1;17;0;0;5,0;0;2;4
2022_13_NO_TB;NO;13;2022;43;0;28;2;3;1;1,0;7,0;6;1;4;7;0;0;1;17;2;0;1,0;0;2;4
2024_13_IND_NE;IND;13;2024;53;2;20;5;22;2;4,0;16,0;3;1;17;3;0;0;0;24;2;0;4,0;0;0;1
2023_13_CAR_TB;TB;13;2023;40;4;24;4;24;1;3,0;18,0;4;1;0;3;0;0;0;18;2;0;3,0;0;0;4
2023_05_NO_NE;NO;5;2023;24;5;19;3;22;0;2,0;21,0;4;2;27;8;1;0;1;0;4;6;2,0;0;2;10
2024_05_MIA_NE;MIA;5;2024;26;7;23;5;17;0;2,0;12,0;9;0;0;6;0;0;0;10;0;0;2,0;0;0;7
2022_14_CAR_SEA;SEA;14;2022;40;9;37;3;16;0;2,0;15,0;4;0;0;4;0;0;0;30;0;0;2,0;0;0;-1
2023_17_SF_WAS;SF;17;2023;20;4;20;2;7;0;1,0;6,0;6;2;3;4;0;0;0;10;4;0;1,0;0;0;7
2024_08_ARI_MIA;MIA;8;2024;35;5;21;2;13;1;0,0;0,0;1;0;0;5;0;0;0;28;0;0;0,0;0;0;-1
2024_09_IND_MIN;IND;9;2024;48;8;22;8;45;1;4,0;30,0;7;2;20;2;0;0;1;21;4;0;4,0;0;2;1
2023_17_GB_MIN;GB;17;2023;29;2;26;2;11;1;4,0;36,0;14;1;0;7;0;0;1;10;2;0;4,0;0;2;7
2025_06_CHI_WAS;CHI;6;2025;32;2;40;3;6;1;3,0;6,0;3;1;32;3;0;0;2;24;2;0;3,0;0;4;1
2025_02_PHI_KC;KC;2;2025;37;0;30;5;11;0;1,0;4,0;3;0;0;4;0;0;0;20;0;0;1,0;0;0;4
2024_12_NE_MIA;MIA;12;2024;37;3;19;6;42;1;4,0;39,0;8;1;0;6;0;0;1;15;2;0;4,0;0;2;4
2025_16_GB_CHI;CHI;16;2025;40;0;42;1;6;1;2,0;6,0;5;0;0;2;0;0;1;16;0;0;2,0;0;2;4
2023_12_NE_NYG;NE;12;2023;33;2;14;7;29;1;6,0;29,0;7;0;0;4;0;0;1;10;0;0;6,0;0;2;7
2025_04_TEN_HOU;TEN;4;2025;40;7;33;6;17;0;2,0;9,0;5;0;0;1;0;0;0;26;0;0;2,0;0;0;1
2026_02_WAS_DAL;WAS;2;2026;39;0;22;3;14;0;2,0;13,0;6;0;0;2;0;0;0;37;0;0;2,0;0;0;-4
2023_14_DET_CHI;DET;14;2023;35;4;30;5;32;1;3,0;29,0;8;0;0;4;0;0;0;28;0;0;3,0;0;0;-1
2022_19_BAL_CIN;BAL;19;2022;35;3;21;3;24;2;4,0;26,0;8;0;0;2;0;0;1;24;0;0;4,0;0;2;1
2022_18_TB_ATL;TB;18;2022;32;9;31;6;24;0;1,0;8,0;5;0;0;2;0;0;1;30;0;0;1,0;0;2;-1
2025_04_WAS_ATL;WAS;4;2025;31;4;42;7;27;2;1,0;6,0;2;1;23;1;0;0;0;34;2;0;1,0;0;0;-1
2022_16_PHI_DAL;PHI;16;2022;49;2;22;5;25;1;6,0;43,0;9;1;42;3;1;0;0;40;2;6;6,0;0;0;-4
2025_15_WAS_NYG;WAS;15;2025;46;1;17;4;14;1;1,0;8,0;8;1;55;6;0;0;0;21;2;0;1,0;0;0;1
2022_07_DET_DAL;DAL;7;2022;42;2;18;5;22;4;5,0;33,0;5;2;3;4;0;0;3;6;4;0;5,0;0;6;10
2025_07_IND_LAC;IND;7;2025;43;0;30;4;31;0;3,0;29,0;15;2;3;6;0;0;0;24;4;0;3,0;0;0;1
2022_05_SEA_NO;SEA;5;2022;44;5;33;1;6;2;1,0;6,0;5;1;0;4;0;0;1;39;2;0;1,0;0;2;-4
2022_09_LV_JAX;JAX;9;2022;31;5;21;6;19;1;2,0;11,0;3;0;0;6;0;0;1;20;0;0;2,0;0;2;4
2023_21_DET_SF;SF;21;2023;37;6;26;4;20;1;2,0;13,0;5;0;0;2;0;0;1;31;0;0;2,0;0;2;-1
2024_21_BUF_KC;BUF;21;2024;40;1;23;3;13;0;2,0;12,0;7;0;0;1;0;0;1;32;0;0;2,0;0;2;-1
2025_07_TB_DET;TB;7;2025;35;3;39;7;33;1;4,0;26,0;9;1;13;2;0;0;1;24;2;0;4,0;0;2;1
2022_08_LV_NO;NO;8;2022;28;3;21;6;30;0;4,0;28,0;10;1;0;7;0;0;0;0;2;0;4,0;0;0;10
2022_10_DEN_TEN;DEN;10;2022;26;10;28;2;14;1;1,0;11,0;4;0;0;8;0;0;1;17;0;0;1,0;0;2;4
2024_15_GB_SEA;GB;15;2024;43;2;12;10;49;0;7,0;45,0;12;2;42;6;0;0;0;13;4;0;7,0;0;0;7
2024_14_CHI_SF;SF;14;2024;37;2;16;7;41;0;6,0;38,0;7;0;0;3;0;0;1;13;0;0;6,0;0;2;7
2025_09_SEA_WAS;SEA;9;2025;30;2;56;5;12;1;4,0;20,0;7;1;0;3;0;0;1;14;2;0;4,0;0;2;4
2023_01_ARI_WAS;WAS;1;2023;37;5;27;8;24;2;3,0;18,0;6;0;0;3;0;0;2;16;0;0;3,0;0;4;4
2022_02_ATL_LA;LA;2;2022;30;8;28;4;21;1;3,0;25,0;6;2;76;3;0;0;1;27;4;0;3,0;0;2;1
2022_16_BUF_CHI;BUF;16;2022;42;9;17;9;38;1;2,0;15,0;4;1;0;5;0;0;1;13;2;0;2,0;0;2;7
2024_04_TEN_MIA;MIA;4;2024;32;6;38;8;23;0;1,0;8,0;3;1;0;4;0;0;0;31;2;0;1,0;0;0;-1
2023_03_NO_GB;GB;3;2023;41;4;14;5;30;0;4,0;29,0;6;0;0;6;0;0;0;17;0;0;4,0;0;0;4
2026_01_TB_CIN;TB;1;2026;46;0;20;5;19;0;1,0;9,0;6;1;38;6;1;0;0;33;2;6;1,0;0;0;-1
2022_05_DAL_LA;LA;5;2022;28;5;27;3;13;2;3,0;26,0;6;0;0;3;0;0;0;22;0;0;3,0;0;0;1
2025_15_MIN_DAL;DAL;15;2025;30;1;27;5;11;0;0,0;0,0;1;1;0;3;0;0;0;34;2;0;0,0;0;0;-1
2023_15_BAL_JAX;BAL;15;2023;36;2;16;3;5;1;1,0;6,0;4;0;0;2;0;0;2;7;0;0;1,0;0;4;7
2022_14_NYJ_BUF;NYJ;14;2022;35;4;14;4;19;0;3,0;17,0;6;0;0;3;0;1;0;20;0;0;3,0;2;0;4
2024_02_CIN_KC;KC;2;2024;35;5;25;4;15;2;3,0;12,0;6;0;0;4;0;0;1;25;0;0;3,0;0;2;1
2025_11_HOU_TEN;HOU;11;2025;29;1;29;5;28;1;3,0;23,0;6;0;0;5;0;0;1;13;0;0;3,0;0;2;7
2024_15_CHI_MIN;MIN;15;2024;40;3;19;2;25;1;2,0;25,0;3;0;0;4;0;0;1;12;0;0;2,0;0;2;7
2024_02_NO_DAL;NO;2;2024;41;4;26;4;22;1;3,0;14,0;3;2;47;9;0;0;0;19;4;0;3,0;0;0;4
2024_09_DEN_BAL;DEN;9;2024;29;7;31;4;22;1;1,0;11,0;1;0;0;1;0;0;0;41;0;0;1,0;0;0;-4
2024_13_CLE_DEN;CLE;13;2024;27;2;26;4;5;0;0,0;0,0;2;2;-2;6;0;0;0;41;4;0;0,0;0;0;-4
2025_04_CHI_LV;LV;4;2025;39;0;28;8;33;1;1,0;10,0;2;1;19;6;0;0;0;25;2;0;1,0;0;0;1
2022_18_KC_LV;KC;18;2022;40;4;26;6;28;2;6,0;39,0;14;1;0;6;0;0;1;13;2;0;6,0;0;2;7
2024_06_IND_TEN;TEN;6;2024;38;8;22;6;17;0;0,0;0,0;2;1;30;3;0;0;0;20;2;0;0,0;0;0;4
2025_03_GB_CLE;CLE;3;2025;35;6;36;6;26;1;5,0;34,0;7;1;25;2;0;0;0;10;2;0;5,0;0;0;7
2024_04_SEA_DET;SEA;4;2024;33;2;24;4;28;0;3,0;26,0;4;0;0;0;0;1;0;42;0;0;3,0;2;0;-4
2025_05_WAS_LAC;WAS;5;2025;44;0;30;6;33;1;5,0;29,0;9;1;0;4;0;0;1;10;2;0;5,0;0;2;7
2023_11_NYJ_BUF;BUF;11;2023;31;7;19;5;37;2;6,0;40,0;8;2;8;5;0;0;2;6;4;0;6,0;0;4;10
2023_18_LA_SF;LA;18;2023;27;7;29;2;14;1;3,0;14,0;5;0;0;3;0;0;1;20;0;0;3,0;0;2;4
2023_14_SEA_SF;SF;14;2023;35;5;21;5;20;0;4,0;15,0;5;2;13;7;0;0;0;16;4;0;4,0;0;0;4
2022_11_LA_NO;LA;11;2022;35;2;26;5;43;0;4,0;39,0;6;0;0;1;0;0;0;27;0;0;4,0;0;0;1
2025_13_LA_CAR;LA;13;2025;39;1;35;3;13;0;2,0;12,0;2;0;0;0;0;0;0;31;0;0;2,0;0;0;-1
2024_09_DAL_ATL;DAL;9;2024;32;2;30;7;22;2;2,0;12,0;4;0;0;3;0;0;1;27;0;0;2,0;0;2;1
2022_02_SEA_SF;SEA;2;2022;49;9;19;7;15;1;1,0;0,0;4;0;0;2;0;0;0;27;0;0;1,0;0;0;1
2022_18_DAL_WAS;DAL;18;2022;39;9;33;4;14;0;3,0;11,0;4;1;0;2;0;0;0;26;2;0;3,0;0;0;1
2024_08_DAL_SF;SF;8;2024;34;2;22;3;9;2;2,0;7,0;8;2;0;4;0;0;0;24;4;0;2,0;0;0;1
2025_11_CHI_MIN;MIN;11;2025;37;2;46;10;31;0;2,0;13,0;5;0;0;3;0;0;0;19;0;0;2,0;0;0;4
2023_16_CLE_HOU;HOU;16;2023;35;16;26;5;18;0;1,0;10,0;8;2;0;7;0;0;0;36;4;0;1,0;0;0;-4
2022_01_PHI_DET;DET;1;2022;44;8;22;2;6;0;1,0;4,0;5;0;0;5;0;0;0;38;0;0;1,0;0;0;-4
2022_09_PHI_HOU;HOU;9;2022;42;7;19;5;24;2;4,0;26,0;5;0;0;1;0;0;1;29;0;0;4,0;0;2;-1
2024_17_DET_SF;DET;17;2024;36;1;21;2;12;2;2,0;12,0;6;2;39;3;0;0;0;34;4;0;2,0;0;0;-1
2023_03_ATL_DET;DET;3;2023;40;8;20;10;59;1;7,0;62,0;8;0;0;7;0;0;1;6;0;0;7,0;0;2;10
2025_01_BAL_BUF;BUF;1;2025;44;0;8;5;45;2;2,0;15,0;4;0;0;1;0;0;1;40;0;0;2,0;0;2;-4
2023_08_JAX_PIT;JAX;8;2023;36;4;14;4;21;1;3,0;20,0;9;2;23;7;0;0;0;10;4;0;3,0;0;0;7
2025_02_PHI_KC;PHI;2;2025;35;3;23;4;7;1;2,0;14,0;10;1;41;4;0;0;0;17;2;0;2,0;0;0;4
2023_01_LA_SEA;LA;1;2023;24;4;26;3;8;0;2,0;17,0;7;0;0;1;0;0;0;13;0;0;2,0;0;0;7
2022_12_CHI_NYJ;CHI;12;2022;28;10;38;4;12;0;1,0;7,0;3;0;0;3;0;0;0;31;0;0;1,0;0;0;-1
2022_02_MIA_BAL;MIA;2;2022;31;5;21;2;2;0;0,0;0,0;0;0;0;2;0;0;0;38;0;0;0,0;0;0;-4
2023_15_CHI_CLE;CHI;15;2023;39;6;22;4;15;1;4,0;31,0;8;3;106;9;1;0;0;20;6;6;4,0;0;0;4
2022_03_PHI_WAS;WAS;3;2022;42;4;24;5;16;0;3,0;12,0;6;0;0;7;0;1;0;24;0;0;3,0;2;0;1
2025_20_LA_CHI;LA;20;2025;41;1;47;4;8;0;0,0;0,0;4;3;14;9;0;0;0;17;6;0;0,0;0;0;4
2022_06_WAS_CHI;CHI;6;2022;32;5;25;3;15;1;3,0;13,0;3;0;0;4;0;0;0;12;0;0;3,0;0;0;7
2024_01_NYJ_SF;NYJ;1;2024;45;6;20;3;12;0;3,0;10,0;4;0;0;4;0;0;0;32;0;0;3,0;0;0;-1
2023_06_IND_JAX;JAX;6;2023;36;9;27;3;9;1;3,0;19,0;8;3;45;9;0;0;1;20;6;0;3,0;0;2;4
2022_14_MIN_DET;MIN;14;2022;42;10;20;3;5;0;0,0;0,0;3;0;0;1;0;0;0;34;0;0;0,0;0;0;-1
2023_08_CIN_SF;SF;8;2023;34;12;32;4;24;2;3,0;17,0;8;0;0;3;0;0;1;31;0;0;3,0;0;2;-1
2025_11_HOU_TEN;TEN;11;2025;41;2;30;8;33;0;4,0;34,0;8;0;0;9;0;0;0;16;0;0;4,0;0;0;4
2023_16_DAL_MIA;MIA;16;2023;33;7;19;3;8;0;4,0;11,0;12;0;0;3;0;0;1;20;0;0;4,0;0;2;4
2022_05_SF_CAR;CAR;5;2022;33;3;23;4;11;1;2,0;9,0;5;0;0;5;0;0;1;37;0;0;2,0;0;2;-4
2022_13_WAS_NYG;NYG;13;2022;45;6;46;4;24;3;5,0;29,0;10;0;0;5;0;0;1;20;0;0;5,0;0;2;4
2024_12_DEN_LV;DEN;12;2024;42;1;19;4;23;1;5,0;28,0;10;1;37;7;0;0;1;19;2;0;5,0;0;2;4
2025_05_DET_CIN;DET;5;2025;32;2;28;5;21;2;2,0;14,0;9;3;17;11;0;1;0;24;6;0;2,0;2;0;1
2022_12_PIT_IND;PIT;12;2022;31;7;35;2;12;2;3,0;19,0;8;1;0;5;0;0;1;17;2;0;3,0;0;2;4
2025_15_BUF_NE;NE;15;2025;34;3;41;5;15;0;2,0;12,0;4;0;0;4;0;0;0;35;0;0;2,0;0;0;-4
2024_19_WAS_TB;WAS;19;2024;28;1;23;3;6;0;1,0;2,0;2;0;0;0;0;0;1;20;0;0;1,0;0;2;4
2025_15_NYJ_JAX;JAX;15;2025;39;0;34;7;39;0;3,0;22,0;7;3;5;6;0;0;0;20;6;0;3,0;0;0;4
2022_11_PHI_IND;PHI;11;2022;40;4;22;7;35;1;4,0;28,0;8;0;0;3;0;0;1;16;0;0;4,0;0;2;4
2024_15_ATL_LV;LV;15;2024;34;2;36;7;30;0;3,0;19,0;3;1;0;4;0;0;0;15;2;0;3,0;0;0;4
2022_09_BAL_NO;NO;9;2022;45;2;16;5;17;0;3,0;2,0;2;0;0;1;0;0;0;27;0;0;3,0;0;0;1
2022_12_NYG_DAL;DAL;12;2022;37;2;12;3;18;1;3,0;18,0;7;0;0;1;0;0;0;20;0;0;3,0;0;0;4
2022_03_BAL_NE;NE;3;2022;32;6;18;4;16;1;4,0;12,0;5;1;15;2;0;0;1;37;2;0;4,0;0;2;-4
2024_05_NYG_SEA;NYG;5;2024;33;8;24;6;44;1;7,0;53,0;10;0;0;7;0;0;1;20;0;0;7,0;0;2;4
2023_07_ATL_TB;ATL;7;2023;34;7;27;2;14;2;3,0;19,0;6;1;4;7;0;0;1;13;2;0;3,0;0;2;7
2023_18_HOU_IND;HOU;18;2023;35;3;35;5;15;1;1,0;8,0;3;0;0;4;0;0;1;19;0;0;1,0;0;2;4
2024_08_TEN_DET;TEN;8;2024;28;5;27;7;37;2;4,0;33,0;5;0;0;1;0;0;0;52;0;0;4,0;0;0;-4
2023_02_MIN_PHI;PHI;2;2023;35;2;10;3;14;4;2,0;18,0;10;0;0;2;0;0;3;28;0;0;2,0;0;6;-1
2023_18_DEN_LV;DEN;18;2023;32;6;30;3;15;0;3,0;14,0;5;0;0;2;0;0;0;27;0;0;3,0;0;0;1
2022_03_LA_ARI;LA;3;2022;52;6;16;4;21;0;2,0;19,0;5;0;0;3;0;0;0;12;0;0;2,0;0;0;7
2023_14_NE_PIT;NE;14;2023;32;10;36;5;16;0;2,0;8,0;6;1;32;4;0;0;0;18;2;0;2,0;0;0;4
2022_04_LAC_HOU;HOU;4;2022;32;15;25;3;7;1;1,0;2,0;2;0;0;2;0;0;1;34;0;0;1,0;0;2;-1
2025_12_MIN_GB;GB;12;2025;31;0;20;7;32;0;5,0;35,0;10;2;0;4;0;0;1;6;4;0;5,0;0;2;10
2022_05_HOU_JAX;JAX;5;2022;33;11;23;1;8;0;1,0;8,0;5;0;0;2;0;0;0;13;0;0;1,0;0;0;7
2024_06_PIT_LV;LV;6;2024;21;15;41;8;39;0;3,0;35,0;6;0;0;4;0;0;0;32;0;0;3,0;0;0;-1
2024_16_CLE_CIN;CLE;16;2024;40;4;18;6;45;1;4,0;42,0;8;0;0;2;0;0;1;24;0;0;4,0;0;2;1
2024_13_MIA_GB;GB;13;2024;47;4;20;9;55;1;5,0;29,0;6;0;0;3;0;0;1;17;0;0;5,0;0;2;4
2023_01_TB_MIN;MIN;1;2023;33;13;31;1;4;0;1,0;4,0;2;0;0;5;0;0;0;20;0;0;1,0;0;0;4
2025_21_NE_DEN;DEN;21;2025;29;3;45;8;25;0;5,0;21,0;7;0;0;3;0;0;0;10;0;0;5,0;0;0;7
2022_04_WAS_DAL;DAL;4;2022;46;2;18;6;21;1;2,0;15,0;11;2;4;4;0;0;0;10;4;0;2,0;0;0;7
2023_17_DET_DAL;DET;17;2023;39;7;13;6;21;2;3,0;22,0;7;1;24;4;0;0;0;20;2;0;3,0;0;0;4
2023_16_ARI_CHI;ARI;16;2023;37;3;29;2;2;0;1,0;0,0;1;1;0;6;0;0;0;27;2;0;1,0;0;0;1
2023_13_SF_PHI;SF;13;2023;39;1;21;4;29;0;3,0;27,0;9;0;0;11;0;0;0;19;0;0;3,0;0;0;4
2024_07_SEA_ATL;ATL;7;2024;35;4;20;3;12;0;1,0;6,0;6;0;0;5;0;0;0;34;0;0;1,0;0;0;-1
2023_08_TB_BUF;TB;8;2023;43;9;25;3;13;0;2,0;12,0;3;1;0;6;0;0;0;24;2;0;2,0;0;0;1
2022_14_BAL_PIT;PIT;14;2022;35;9;33;2;6;1;2,0;10,0;4;0;0;1;0;0;0;16;0;0;2,0;0;0;4
2022_11_SF_ARI;ARI;11;2022;28;10;22;0;0;0;0,0;0,0;4;0;0;4;0;0;0;38;0;0;0,0;0;0;-4
2022_12_BUF_DET;BUF;12;2022;39;11;23;6;24;2;2,0;10,0;9;0;0;3;0;1;2;25;0;0;2,0;2;4;1
2025_05_DAL_NYJ;DAL;5;2025;46;1;37;6;50;1;5,0;49,0;14;0;0;3;0;0;1;22;0;0;5,0;0;2;1
2025_04_GB_DAL;GB;4;2025;39;1;35;1;1;0;1,0;0,0;5;0;0;4;0;0;0;40;0;0;1,0;0;0;-4
2025_04_CHI_LV;CHI;4;2025;35;3;29;5;17;1;0,0;0,0;1;3;50;4;0;0;1;24;6;0;0,0;0;2;1
2024_04_NO_ATL;ATL;4;2024;49;5;29;4;11;0;1,0;4,0;3;1;47;3;1;0;1;24;2;6;1,0;0;2;1
2023_11_PHI_KC;PHI;11;2023;52;4;12;2;11;1;1,0;9,0;9;1;0;5;0;0;1;17;2;0;1,0;0;2;4
2024_06_HOU_NE;NE;6;2024;31;8;28;4;11;0;2,0;16,0;5;1;35;4;0;0;0;41;2;0;2,0;0;0;-4
2022_13_CLE_HOU;CLE;13;2022;24;10;38;1;4;2;0,0;0,0;2;2;16;7;1;0;2;14;4;6;0,0;0;4;4
2023_09_DAL_PHI;PHI;9;2023;40;6;24;3;29;1;5,0;41,0;10;0;0;6;0;0;1;23;0;0;5,0;0;2;1
2024_08_CAR_DEN;CAR;8;2024;40;8;30;5;21;2;2,0;17,0;2;0;0;2;0;0;2;28;0;0;2,0;0;4;-1
2025_11_SEA_LA;SEA;11;2025;30;1;23;3;9;1;0,0;0,0;3;0;0;4;0;0;1;21;0;0;0,0;0;2;1
2024_09_DET_GB;DET;9;2024;32;6;22;1;1;0;0,0;0,0;2;1;27;3;1;0;0;14;2;6;0,0;0;0;4
2025_17_DEN_KC;KC;17;2025;40;1;35;4;17;0;1,0;7,0;6;1;0;5;0;0;0;20;2;0;1,0;0;0;4
2026_01_GB_MIN;GB;1;2026;45;1;13;4;16;0;3,0;19,0;6;1;11;2;0;0;0;39;2;0;3,0;0;0;-4
2025_16_GB_CHI;GB;16;2025;26;1;37;2;3;0;0,0;0,0;4;0;0;3;0;0;0;22;0;0;0,0;0;0;1
2024_17_ARI_LA;LA;17;2024;40;5;31;4;38;0;4,0;38,0;6;2;11;6;0;0;0;9;4;0;4,0;0;0;7
2023_15_TB_GB;GB;15;2023;36;5;21;3;23;1;5,0;28,0;4;0;0;3;0;0;1;34;0;0;5,0;0;2;-1
2025_12_ATL_NO;NO;12;2025;35;0;30;6;24;1;3,0;18,0;2;1;49;4;1;0;0;24;2;6;3,0;0;0;1
2025_13_CHI_PHI;PHI;13;2025;44;1;39;2;13;0;2,0;10,0;6;1;11;7;0;0;0;24;2;0;2,0;0;0;1
2025_17_BAL_GB;GB;17;2025;49;0;40;2;7;0;1,0;0,0;4;0;0;2;0;0;0;41;0;0;1,0;0;0;-4
2023_04_MIN_CAR;CAR;4;2023;28;4;20;3;10;0;2,0;9,0;4;2;130;3;1;0;0;21;4;6;2,0;0;0;1
2022_03_LV_TEN;TEN;3;2022;32;8;22;3;12;1;1,0;7,0;5;1;24;6;0;0;0;22;2;0;1,0;0;0;1
2022_05_CIN_BAL;CIN;5;2022;34;7;21;1;4;0;1,0;4,0;4;1;0;3;0;0;0;19;2;0;1,0;0;0;4
2023_15_DEN_DET;DEN;15;2023;38;8;18;5;24;0;2,0;15,0;7;0;0;3;0;0;0;42;0;0;2,0;0;0;-4
2025_11_KC_DEN;KC;11;2025;40;1;23;6;20;1;2,0;12,0;5;0;0;3;0;0;0;22;0;0;2,0;0;0;1
2023_09_CHI_NO;NO;9;2023;36;8;20;3;10;2;2,0;8,0;4;3;5;7;0;0;2;17;6;0;2,0;0;4;4
2023_16_DET_MIN;MIN;16;2023;49;3;27;4;17;2;1,0;11,0;3;0;0;3;0;0;1;30;0;0;1,0;0;2;-1
2025_17_DET_MIN;DET;17;2025;29;0;30;6;48;0;6,0;44,0;8;0;0;2;0;0;0;23;0;0;6,0;0;0;1
2024_08_ARI_MIA;ARI;8;2024;33;4;32;5;14;2;1,0;7,0;3;0;0;4;0;1;0;27;0;0;1,0;2;0;1
2023_14_SEA_SF;SEA;14;2023;34;7;17;3;17;1;3,0;14,0;7;1;7;5;0;0;1;28;2;0;3,0;0;2;-1
2025_20_HOU_NE;NE;20;2025;37;1;29;6;25;1;3,0;19,0;9;4;26;14;1;0;1;16;8;6;3,0;0;2;4
2022_15_PIT_CAR;PIT;15;2022;24;2;20;6;22;1;4,0;37,0;6;0;0;2;0;0;0;16;0;0;4,0;0;0;4
2025_10_LA_SF;LA;10;2025;34;2;34;2;3;1;0,0;0,0;1;1;5;5;0;0;1;26;2;0;0,0;0;2;1
2023_05_NYG_MIA;NYG;5;2023;33;4;14;1;6;2;1,0;6,0;2;2;109;6;1;0;1;31;4;6;1,0;0;2;-1
2023_12_BAL_LAC;LAC;12;2023;39;6;22;2;10;1;2,0;13,0;3;0;0;5;0;0;0;20;0;0;2,0;0;0;4
2022_15_DAL_JAX;DAL;15;2022;41;2;20;1;7;1;1,0;7,0;5;1;15;3;0;0;2;40;2;0;1,0;0;4;-4
2025_06_CIN_GB;GB;6;2025;29;2;36;5;15;0;1,0;6,0;5;0;0;3;0;0;0;18;0;0;1,0;0;0;4
2023_06_BAL_TEN;TEN;6;2023;50;9;19;4;10;0;1,0;2,0;1;1;10;2;0;0;0;24;2;0;1,0;0;0;1
2024_04_MIN_GB;MIN;4;2024;31;11;23;3;13;1;1,0;10,0;10;3;28;12;0;0;1;29;6;0;1,0;0;2;-1
2025_14_TEN_CLE;CLE;14;2025;32;3;35;7;23;0;1,0;9,0;5;1;44;5;0;0;0;31;2;0;1,0;0;0;-1
2023_17_DET_DAL;DAL;17;2023;37;12;22;6;23;0;1,0;7,0;7;2;0;5;0;0;0;19;4;0;1,0;0;0;4
2022_03_NO_CAR;NO;3;2022;34;4;30;3;15;0;3,0;22,0;6;0;0;4;0;0;0;22;0;0;3,0;0;0;1
2025_13_CIN_BAL;BAL;13;2025;43;1;37;4;14;1;1,0;7,0;7;0;0;6;0;0;1;32;0;0;1,0;0;2;-1
2022_09_MIN_WAS;MIN;9;2022;36;6;26;5;28;0;3,0;23,0;7;1;35;7;0;0;0;17;2;0;3,0;0;0;4
2025_22_SEA_NE;SEA;22;2025;47;0;16;8;48;1;6,0;43,0;11;2;80;6;1;0;1;13;4;6;6,0;0;2;7
2024_13_LV_KC;LV;13;2024;37;1;17;5;26;0;4,0;20,0;12;0;0;3;0;0;0;19;0;0;4,0;0;0;4
2022_02_TEN_BUF;BUF;2;2022;30;7;13;8;28;0;2,0;16,0;3;2;43;7;1;0;2;7;4;6;2,0;0;4;7
2022_14_LV_LA;LV;14;2022;38;5;21;5;19;1;4,0;19,0;6;0;0;3;0;0;1;17;0;0;4,0;0;2;4
2022_20_CIN_BUF;CIN;20;2022;38;5;15;1;3;0;1,0;3,0;8;1;0;8;0;0;0;10;2;0;1,0;0;0;7
2022_01_PHI_DET;PHI;1;2022;37;2;18;3;5;0;1,0;10,0;6;1;27;4;1;0;0;35;2;6;1,0;0;0;-4
2025_18_LAC_DEN;LAC;18;2025;35;0;28;7;22;0;4,0;17,0;7;0;0;3;0;0;0;19;0;0;4,0;0;0;4
2024_09_MIA_BUF;MIA;9;2024;30;6;20;4;15;0;1,0;4,0;3;1;0;2;0;0;0;30;2;0;1,0;0;0;-1
2024_15_NE_ARI;ARI;15;2024;29;6;30;6;17;1;2,0;7,0;2;1;2;1;0;0;0;17;2;0;2,0;0;0;4
2022_09_GB_DET;GB;9;2022;29;8;26;2;4;0;0,0;0,0;3;1;29;4;0;0;0;15;2;0;0,0;0;0;4
2025_18_GB_MIN;MIN;18;2025;33;2;28;8;65;1;4,0;41,0;5;0;0;3;0;0;0;3;0;0;4,0;0;0;10
2025_02_CHI_DET;DET;2;2025;45;1;25;5;30;1;4,0;29,0;4;1;0;5;0;0;1;21;2;0;4,0;0;2;1
2025_06_DET_KC;DET;6;2025;33;0;34;2;14;1;3,0;14,0;3;0;0;1;0;0;0;30;0;0;3,0;0;0;-1
2022_01_NE_MIA;NE;1;2022;37;3;17;6;31;2;3,0;28,0;7;0;0;0;0;0;0;20;0;0;3,0;0;0;4
2022_11_CLE_BUF;CLE;11;2022;35;10;28;5;24;0;2,0;11,0;4;0;0;0;0;0;0;31;0;0;2,0;0;0;-1
2025_02_SF_NO;SF;2;2025;43;3;31;7;35;2;3,0;21,0;5;0;0;3;0;0;1;21;0;0;3,0;0;2;1
2024_12_PIT_CLE;PIT;12;2024;26;2;36;1;1;3;1,0;0,0;6;1;2;6;0;0;2;24;2;0;1,0;0;4;1
2024_09_NO_CAR;NO;9;2024;27;3;23;5;19;0;1,0;5,0;4;1;0;4;0;0;0;23;2;0;1,0;0;0;1
2022_09_IND_NE;NE;9;2022;32;12;28;8;45;0;9,0;60,0;12;1;17;8;1;0;0;3;2;6;9,0;0;0;10
2022_04_ARI_CAR;ARI;4;2022;28;4;22;3;19;1;2,0;17,0;3;2;24;8;0;0;1;16;4;0;2,0;0;2;4
2024_15_NE_ARI;NE;15;2024;37;4;34;2;2;1;0,0;0,0;0;0;0;3;0;0;0;30;0;0;0,0;0;0;-1
2023_06_MIN_CHI;MIN;6;2023;42;12;24;5;22;2;5,0;28,0;8;2;46;7;0;0;1;13;4;0;5,0;0;2;7
2024_03_KC_ATL;ATL;3;2024;38;8;30;2;5;0;0,0;0,0;7;1;0;3;0;0;0;22;2;0;0,0;0;0;1
2023_09_NYG_LV;LV;9;2023;45;4;24;8;40;1;8,0;46,0;9;2;50;5;0;0;0;6;4;0;8,0;0;0;10
2023_02_KC_JAX;JAX;2;2023;33;8;28;2;9;2;1,0;7,0;4;1;0;8;0;0;2;17;2;0;1,0;0;4;4
2024_12_DEN_LV;LV;12;2024;36;2;20;8;34;0;1,0;11,0;2;0;0;7;0;0;0;29;0;0;1,0;0;0;-1
2023_13_ARI_PIT;ARI;13;2023;25;11;29;3;11;0;0,0;0,0;5;0;0;4;0;0;1;10;0;0;0,0;0;2;7
2023_04_KC_NYJ;KC;4;2023;37;6;12;4;21;1;2,0;17,0;10;0;0;3;0;0;1;20;0;0;2,0;0;2;4
2022_11_LV_DEN;LV;11;2022;39;4;28;6;27;2;3,0;21,0;10;0;0;0;0;0;0;16;0;0;3,0;0;0;4
2024_06_IND_TEN;IND;6;2024;34;8;16;2;6;1;0,0;0,0;4;1;0;7;0;0;0;17;2;0;0,0;0;0;4
2023_12_CLE_DEN;DEN;12;2023;28;6;24;3;9;2;4,0;28,0;7;0;0;4;0;1;3;12;0;0;4,0;2;6;7
2025_16_SF_IND;SF;16;2025;31;0;36;3;24;2;2,0;23,0;4;1;74;7;1;0;1;27;2;6;2,0;0;2;1
2022_12_LV_SEA;LV;12;2022;34;5;27;3;11;0;3,0;21,0;10;1;24;4;0;0;1;34;2;0;3,0;0;2;-1
2024_13_NYG_DAL;NYG;13;2024;34;2;30;3;7;1;0,0;0,0;3;0;0;9;0;0;0;27;0;0;0,0;0;0;1
2024_09_NO_CAR;CAR;9;2024;39;3;45;5;10;0;1,0;6,0;5;0;0;2;0;0;0;22;0;0;1,0;0;0;1
2025_11_GB_NYG;GB;11;2025;39;2;42;1;1;1;2,0;7,0;5;1;0;5;0;0;1;20;2;0;2,0;0;2;4
2025_10_NE_TB;TB;10;2025;33;1;19;3;7;0;1,0;1,0;6;1;0;5;0;0;0;28;2;0;1,0;0;0;-1
2023_07_CLE_IND;IND;7;2023;37;9;25;7;35;0;2,0;17,0;8;2;0;7;0;0;0;39;4;0;2,0;0;0;-4
2026_02_SEA_ARI;SEA;2;2026;28;1;19;5;20;0;2,0;14,0;7;1;0;4;0;0;0;7;2;0;2,0;0;0;7
2022_17_DEN_KC;DEN;17;2022;33;1;15;0;0;1;0,0;0,0;3;1;0;5;0;0;1;27;2;0;0,0;0;2;1
2022_01_KC_ARI;ARI;1;2022;44;7;21;2;7;3;0,0;0,0;6;0;0;2;0;0;1;44;0;0;0,0;0;2;-4
2025_05_DEN_PHI;PHI;5;2025;45;2;30;5;22;0;2,0;14,0;8;0;0;2;0;0;0;21;0;0;2,0;0;0;1
2025_04_LAC_NYG;LAC;4;2025;44;3;43;8;30;1;6,0;30,0;9;0;0;2;0;0;0;21;0;0;6,0;0;0;1
2024_01_TEN_CHI;CHI;1;2024;40;8;22;8;34;1;3,0;23,0;10;2;52;4;1;0;1;17;4;6;3,0;0;2;4
2023_11_LAC_GB;LAC;11;2023;49;5;17;7;33;1;3,0;27,0;7;0;0;5;0;0;0;23;0;0;3,0;0;0;1
2024_06_CIN_NYG;CIN;6;2024;39;3;27;3;16;0;2,0;15,0;6;1;24;8;0;0;0;7;2;0;2,0;0;0;7
2022_15_CIN_TB;CIN;15;2022;33;4;44;1;10;1;1,0;8,0;7;2;0;8;0;0;2;23;4;0;1,0;0;4;1
2023_13_MIA_WAS;WAS;13;2023;37;7;19;6;31;0;0,0;0,0;2;0;0;2;0;0;0;45;0;0;0,0;0;0;-4
2025_03_DEN_LAC;DEN;3;2025;45;1;43;7;37;2;5,0;30,0;14;1;0;7;0;0;1;23;2;0;5,0;0;2;1
2025_14_DAL_DET;DET;14;2025;53;0;24;6;55;3;5,0;50,0;11;2;23;11;0;0;1;30;4;0;5,0;0;2;-1
2025_04_PHI_TB;PHI;4;2025;46;1;23;4;19;2;2,0;17,0;1;1;0;13;0;0;1;25;2;0;2,0;0;2;1
2023_10_ATL_ARI;ARI;10;2023;34;8;32;3;24;0;3,0;24,0;5;0;0;2;0;0;0;23;0;0;3,0;0;0;1
2026_02_SEA_ARI;ARI;2;2026;39;1;45;6;33;2;1,0;16,0;3;0;0;3;0;0;1;31;0;0;1,0;0;2;-1
2024_08_TEN_DET;DET;8;2024;43;3;23;3;14;3;1,0;8,0;5;2;41;5;0;0;2;14;4;0;1,0;0;4;4
2026_02_MIN_CHI;MIN;2;2026;41;0;36;5;33;1;4,0;29,0;10;1;-1;7;0;0;1;3;2;0;4,0;0;2;10
2023_15_PHI_SEA;PHI;15;2023;35;3;19;5;22;0;2,0;11,0;3;0;0;2;0;0;0;20;0;0;2,0;0;0;4
2023_03_HOU_JAX;JAX;3;2023;25;14;26;4;10;0;0,0;0,0;4;0;0;2;0;0;0;37;0;0;0,0;0;0;-4
2023_12_NE_NYG;NYG;12;2023;41;4;26;5;20;2;2,0;7,0;3;3;73;7;0;0;0;7;6;0;2,0;0;0;7
2022_05_LAC_CLE;CLE;5;2022;39;10;24;1;1;0;1,0;1,0;2;0;0;4;0;0;0;30;0;0;1,0;0;0;-1
2025_11_DAL_LV;DAL;11;2025;33;2;30;8;32;0;4,0;29,0;11;1;24;8;0;1;0;16;2;0;4,0;2;0;4
2024_06_LAC_DEN;LAC;6;2024;27;5;17;2;12;1;2,0;10,0;5;1;25;6;0;0;1;16;2;0;2,0;0;2;4
2022_08_NE_NYJ;NE;8;2022;24;8;20;2;19;0;2,0;19,0;2;3;43;6;0;0;0;17;6;0;2,0;0;0;4
2024_09_DEN_BAL;BAL;9;2024;43;3;25;5;30;0;4,0;28,0;5;1;1;7;0;0;0;10;2;0;4,0;0;0;7
2024_13_NYG_DAL;DAL;13;2024;33;0;30;5;42;2;6,0;47,0;14;1;23;5;1;0;1;20;2;6;6,0;0;2;4
2022_14_NE_ARI;NE;14;2022;41;9;35;6;42;1;6,0;45,0;9;1;18;4;0;0;1;13;2;0;6,0;0;2;7
2024_08_CHI_WAS;CHI;8;2024;37;10;32;6;24;1;2,0;13,0;7;0;0;2;0;0;0;18;0;0;2,0;0;0;4
2025_04_NO_BUF;BUF;4;2025;47;1;21;5;22;1;3,0;17,0;4;1;4;2;0;0;0;19;2;0;3,0;0;0;4
2025_13_CIN_BAL;CIN;13;2025;32;0;24;2;18;3;2,0;18,0;5;1;39;6;0;0;3;14;2;0;2,0;0;6;4
2022_06_MIN_MIA;MIA;6;2022;27;4;22;4;22;1;3,0;19,0;7;0;0;5;0;0;0;24;0;0;3,0;0;0;1
2024_12_KC_CAR;CAR;12;2024;48;1;23;8;44;1;5,0;43,0;8;0;0;3;0;0;0;30;0;0;5,0;0;0;-1
2022_14_CLE_CIN;CLE;14;2022;28;6;22;2;12;0;2,0;12,0;4;1;5;8;0;0;0;23;2;0;2,0;0;0;1
2024_07_DEN_NO;NO;7;2024;37;4;24;3;5;1;0,0;0,0;0;0;0;2;0;0;1;33;0;0;0,0;0;2;-1
2025_15_ARI_HOU;HOU;15;2025;38;0;34;4;21;1;2,0;14,0;3;1;0;6;0;0;1;20;2;0;2,0;0;2;4
2022_21_CIN_KC;CIN;21;2022;41;0;30;4;7;0;2,0;2,0;5;0;0;2;0;0;1;23;0;0;2,0;0;2;1
2024_07_NYJ_PIT;PIT;7;2024;32;6;18;5;16;1;1,0;7,0;8;2;41;6;0;0;0;15;4;0;1,0;0;0;4
2024_17_LAC_NE;LAC;17;2024;32;1;15;7;37;0;4,0;30,0;5;0;0;3;0;0;1;7;0;0;4,0;0;2;7
2023_04_BAL_CLE;BAL;4;2023;41;1;11;10;64;0;3,0;30,0;8;3;88;11;0;0;0;3;6;0;3,0;0;0;10
2025_20_LA_CHI;CHI;20;2025;42;0;32;6;33;2;4,0;29,0;4;0;0;7;0;0;0;20;0;0;4,0;0;0;4
2023_11_TB_SF;SF;11;2023;39;5;19;3;19;1;4,0;25,0;8;1;0;11;0;0;1;14;2;0;4,0;0;2;4
2024_01_JAX_MIA;JAX;1;2024;38;4;22;9;32;0;3,0;19,0;4;0;0;5;0;0;0;20;0;0;3,0;0;0;4
2022_19_LAC_JAX;LAC;19;2022;40;4;22;2;11;0;2,0;15,0;5;4;35;13;0;0;1;31;8;0;2,0;0;2;-1
2023_05_DAL_SF;DAL;5;2023;36;12;36;4;12;1;1,0;2,0;2;0;0;5;0;0;1;42;0;0;1,0;0;2;-4
2025_09_ARI_DAL;ARI;9;2025;42;1;27;6;42;4;5,0;40,0;9;1;0;6;0;0;2;17;2;0;5,0;0;4;4
2025_10_NYG_CHI;NYG;10;2025;30;2;32;2;5;0;0,0;0,0;3;0;0;2;0;0;0;24;0;0;0,0;0;0;1
2024_10_PIT_WAS;WAS;10;2024;32;10;48;5;25;1;3,0;23,0;6;1;0;2;0;0;1;28;2;0;3,0;0;2;-1
2022_14_MIA_LAC;MIA;14;2022;44;8;22;9;26;0;4,0;17,0;7;0;0;0;0;0;0;23;0;0;4,0;0;0;1
2023_04_BAL_CLE;CLE;4;2023;39;3;25;9;37;0;3,0;21,0;7;0;0;3;0;0;1;28;0;0;3,0;0;2;-1
2023_04_TB_NO;NO;4;2023;32;7;37;3;12;0;1,0;7,0;3;1;0;3;0;0;0;26;2;0;1,0;0;0;1
2024_11_HOU_DAL;HOU;11;2024;43;3;21;6;31;2;5,0;34,0;6;1;7;10;0;0;1;10;2;0;5,0;0;2;7
2025_18_CLE_CIN;CIN;18;2025;33;0;26;4;29;1;6,0;29,0;9;0;0;5;0;0;1;20;0;0;6,0;0;2;4
2024_03_WAS_CIN;WAS;3;2024;35;7;25;3;8;0;2,0;12,0;5;0;0;3;0;0;0;33;0;0;2,0;0;0;-1
2024_07_DET_MIN;MIN;7;2024;30;4;34;5;38;3;4,0;33,0;7;0;0;2;0;0;1;31;0;0;4,0;0;2;-1
2022_17_MIN_GB;MIN;17;2022;35;3;31;2;19;0;1,0;16,0;3;0;0;3;0;0;0;41;0;0;1,0;0;0;-4
2023_06_NO_HOU;NO;6;2023;31;6;22;5;28;0;2,0;22,0;3;1;10;3;0;0;0;20;2;0;2,0;0;0;4
2022_08_WAS_IND;WAS;8;2022;36;6;18;5;15;1;2,0;12,0;7;0;0;2;0;0;2;16;0;0;2,0;0;4;4
2023_18_MIN_DET;DET;18;2023;47;9;11;6;51;0;4,0;37,0;15;2;23;8;0;0;0;20;4;0;4,0;0;0;4
2022_03_KC_IND;KC;3;2022;34;11;41;4;25;2;5,0;45,0;10;0;0;1;0;0;1;20;0;0;5,0;0;2;4
2024_05_BAL_CIN;CIN;5;2024;39;7;25;3;7;0;1,0;3,0;7;0;0;3;0;1;1;41;0;0;1,0;2;2;-4
2025_18_DAL_NYG;DAL;18;2025;36;1;47;7;22;2;4,0;11,0;9;0;0;2;0;0;1;34;0;0;4,0;0;2;-1
2024_01_PIT_ATL;PIT;1;2024;30;5;19;3;21;0;2,0;18,0;7;2;49;5;0;0;1;10;4;0;2,0;0;2;7
2023_11_NYG_WAS;NYG;11;2023;47;7;31;6;30;4;4,0;26,0;6;3;56;8;1;0;3;19;6;6;4,0;0;6;4
2022_01_NYG_TEN;TEN;1;2022;39;11;27;5;24;2;5,0;32,0;8;1;0;2;0;0;1;21;2;0;5,0;0;2;1
2024_16_LA_NYJ;LA;16;2024;33;3;33;1;10;1;1,0;10,0;2;0;0;4;0;0;2;9;0;0;1,0;0;4;7
2024_12_MIN_CHI;CHI;12;2024;37;9;31;5;25;1;3,0;16,0;9;0;0;5;0;0;1;30;0;0;3,0;0;2;-1
2022_04_MIA_CIN;CIN;4;2022;38;2;16;4;15;0;1,0;10,0;9;2;46;5;0;0;0;15;4;0;1,0;0;0;4
2022_05_HOU_JAX;HOU;5;2022;43;6;20;2;5;0;0,0;0,0;1;2;38;8;0;0;0;6;4;0;0,0;0;0;10
2022_11_LA_NO;NO;11;2022;34;6;26;3;20;0;4,0;35,0;7;0;0;5;0;0;0;20;0;0;4,0;0;0;4
2025_03_DAL_CHI;CHI;3;2025;43;5;29;2;17;1;2,0;17,0;7;3;0;6;0;0;1;14;6;0;2,0;0;2;4
2022_16_CIN_NE;CIN;16;2022;33;5;21;4;18;2;4,0;16,0;7;0;0;4;0;0;1;18;0;0;4,0;0;2;4
2023_04_CIN_TEN;CIN;4;2023;35;12;26;3;9;1;3,0;15,0;8;1;0;1;0;0;0;27;2;0;3,0;0;0;1
2026_01_TB_CIN;CIN;1;2026;41;0;22;5;24;4;4,0;23,0;6;0;0;1;0;0;4;27;0;0;4,0;0;8;1
2023_08_LV_DET;LV;8;2023;47;7;41;4;17;2;1,0;8,0;5;1;75;3;1;0;2;26;2;6;1,0;0;4;1
2022_08_NYG_SEA;NYG;8;2022;39;5;17;5;27;1;3,0;22,0;10;0;0;4;0;0;1;27;0;0;3,0;0;2;1
2024_10_PIT_WAS;PIT;10;2024;36;6;8;9;41;0;3,0;20,0;6;0;0;5;0;0;1;27;0;0;3,0;0;2;1
2024_17_NYJ_BUF;NYJ;17;2024;36;4;26;5;11;0;0,0;0,0;3;0;0;5;0;0;0;40;0;0;0,0;0;0;-4
2025_15_ATL_TB;TB;15;2025;36;0;28;2;11;3;1,0;8,0;4;0;0;1;0;0;1;29;0;0;1,0;0;2;-1
2022_15_CIN_TB;TB;15;2022;29;3;33;0;0;1;2,0;16,0;7;1;0;9;0;0;0;34;2;0;2,0;0;0;-1
2022_07_HOU_LV;HOU;7;2022;41;1;9;3;7;0;1,0;5,0;3;0;0;1;0;0;0;38;0;0;1,0;0;0;-4
2023_07_WAS_NYG;WAS;7;2023;36;5;27;8;36;1;4,0;29,0;4;0;0;5;0;0;2;14;0;0;4,0;0;4;4
2023_11_TEN_JAX;JAX;11;2023;14;9;31;0;0;1;2,0;15,0;5;0;0;3;0;0;2;14;0;0;2,0;0;4;4
2024_10_DET_HOU;HOU;10;2024;31;5;29;3;14;1;0,0;0,0;5;5;2;9;0;0;0;26;10;0;0,0;0;0;1
2022_02_ARI_LV;ARI;2;2022;32;4;22;3;18;2;1,0;8,0;7;0;0;4;0;0;1;23;0;0;1,0;0;2;1
2024_04_CIN_CAR;CIN;4;2024;36;5;29;0;0;0;0,0;0,0;2;1;32;8;0;0;0;24;2;0;0,0;0;0;1
2023_13_DEN_HOU;HOU;13;2023;30;8;28;5;25;0;3,0;22,0;8;3;3;7;0;0;0;17;6;0;3,0;0;0;4
2022_02_WAS_DET;WAS;2;2022;32;3;23;3;22;0;3,0;22,0;10;0;0;5;0;0;0;36;0;0;3,0;0;0;-4
2023_07_WAS_NYG;NYG;7;2023;33;6;28;4;37;0;6,0;52,0;12;1;6;6;0;0;0;7;2;0;6,0;0;0;7
2025_07_PHI_MIN;MIN;7;2025;35;1;27;8;28;0;3,0;10,0;4;0;0;1;0;0;0;28;0;0;3,0;0;0;-1
2023_01_JAX_IND;JAX;1;2023;39;9;21;5;14;2;4,0;8,0;6;1;0;5;0;0;2;21;2;0;4,0;0;4;1
2022_04_DEN_LV;DEN;4;2022;45;7;25;6;26;0;2,0;15,0;5;0;0;4;0;0;0;32;0;0;2,0;0;0;-1
2024_18_HOU_TEN;TEN;18;2024;30;4;34;3;15;2;1,0;11,0;2;0;0;2;0;0;1;23;0;0;1,0;0;2;1
2023_03_LA_CIN;CIN;3;2023;32;4;10;7;51;0;6,0;48,0;10;2;0;5;0;0;0;16;4;0;6,0;0;0;4
2024_16_DEN_LAC;LAC;16;2024;43;1;13;6;25;0;2,0;18,0;4;0;0;4;0;0;0;27;0;0;2,0;0;0;1
2024_01_MIN_NYG;NYG;1;2024;37;3;9;4;14;1;1,0;7,0;2;1;1;4;0;0;1;28;2;0;1,0;0;2;-1
2022_06_DAL_PHI;PHI;6;2022;33;6;24;0;0;0;0,0;0,0;4;3;13;12;0;0;0;17;6;0;0,0;0;0;4
2025_14_MIA_NYJ;NYJ;14;2025;31;2;44;7;20;0;1,0;8,0;3;0;0;6;0;0;0;34;0;0;1,0;0;0;-1
2023_15_TB_GB;TB;15;2023;32;6;22;5;8;2;2,0;23,0;6;0;0;2;0;0;1;20;0;0;2,0;0;2;4
2025_13_DEN_WAS;WAS;13;2025;35;0;44;2;10;1;1,0;6,0;4;1;6;5;0;0;0;27;2;0;1,0;0;0;1
2024_06_PIT_LV;PIT;6;2024;36;8;18;7;20;2;1,0;9,0;3;1;24;5;0;0;2;13;2;0;1,0;0;4;7
2023_07_BUF_NE;NE;7;2023;37;8;26;3;14;1;1,0;7,0;6;1;1;3;0;0;1;25;2;0;1,0;0;2;1
2024_10_MIN_JAX;JAX;10;2024;51;3;33;4;21;0;1,0;8,0;3;3;16;6;0;0;0;12;6;0;1,0;0;0;7
2023_20_GB_SF;SF;20;2023;40;5;13;3;14;1;0,0;0,0;6;2;25;3;0;0;0;21;4;0;0,0;0;0;1
2023_18_BUF_MIA;MIA;18;2023;47;5;31;4;14;1;3,0;14,0;9;2;8;3;0;0;1;21;4;0;3,0;0;2;1
2023_17_LV_IND;LV;17;2023;25;9;25;2;11;1;1,0;9,0;2;0;0;0;0;0;0;23;0;0;1,0;0;0;1
2023_07_LAC_KC;LAC;7;2023;41;4;12;4;17;1;1,0;9,0;4;1;0;2;0;0;1;31;2;0;1,0;0;2;-1
2024_10_TEN_LAC;TEN;10;2024;36;7;23;4;7;0;0,0;0,0;2;0;0;3;0;0;0;27;0;0;0,0;0;0;1
2024_07_PHI_NYG;PHI;7;2024;39;1;17;10;64;1;8,0;62,0;11;0;0;4;0;0;0;3;0;0;8,0;0;0;10
2022_20_JAX_KC;JAX;20;2022;33;5;39;2;5;0;0,0;0,0;6;0;0;3;0;0;0;27;0;0;0,0;0;0;1
2023_17_PIT_SEA;SEA;17;2023;30;9;55;5;16;1;1,0;8,0;2;0;0;3;0;0;0;30;0;0;1,0;0;0;-1
2023_08_MIN_GB;GB;8;2023;41;8;28;5;24;1;3,0;13,0;8;0;0;5;0;0;1;24;0;0;3,0;0;2;1
2022_07_CLE_BAL;CLE;7;2022;43;5;17;7;34;1;3,0;26,0;5;0;0;4;0;0;1;23;0;0;3,0;0;2;1
2024_15_WAS_NO;WAS;15;2024;27;1;25;7;41;0;3,0;29,0;7;1;0;5;0;0;0;19;2;0;3,0;0;0;4
2022_10_JAX_KC;KC;10;2022;32;8;32;5;13;0;5,0;19,0;6;0;0;5;0;0;0;17;0;0;5,0;0;0;4
2022_18_NE_BUF;NE;18;2022;29;9;25;3;19;1;2,0;17,0;3;1;30;4;0;0;2;35;2;0;2,0;0;4;-4
2025_08_NYG_PHI;PHI;8;2025;35;0;14;7;19;0;5,0;15,0;6;0;0;4;0;0;0;20;0;0;5,0;0;0;4
2024_07_TEN_BUF;TEN;7;2024;32;9;17;6;20;1;1,0;8,0;4;0;0;6;0;0;0;34;0;0;1,0;0;0;-1
2022_15_NE_LV;LV;15;2022;30;4;28;2;7;0;0,0;0,0;5;0;0;6;0;0;1;24;0;0;0,0;0;2;1
2023_07_MIA_PHI;MIA;7;2023;43;4;22;4;18;1;3,0;23,0;5;1;22;5;1;0;1;31;2;6;3,0;0;2;-1
2023_18_DEN_LV;LV;18;2023;32;4;24;6;37;0;5,0;34,0;11;1;0;3;0;0;0;14;2;0;5,0;0;0;4
2024_02_NYG_WAS;WAS;2;2024;28;7;21;2;5;1;1,0;3,0;4;0;0;4;0;0;1;18;0;0;1,0;0;2;4
2023_04_TB_NO;TB;4;2023;38;3;19;4;20;2;3,0;13,0;5;1;4;4;0;0;2;9;2;0;3,0;0;4;7
2023_20_KC_BUF;BUF;20;2023;24;3;19;0;0;2;0,0;0,0;2;0;0;1;0;0;0;27;0;0;0,0;0;0;1
2024_03_MIA_SEA;SEA;3;2024;36;4;22;8;52;2;6,0;46,0;12;0;0;3;0;0;0;3;0;0;6,0;0;0;10
2023_11_TEN_JAX;TEN;11;2023;42;10;22;5;9;0;1,0;1,0;2;0;0;2;0;0;0;34;0;0;1,0;0;0;-1
2023_15_NYG_NO;NO;15;2023;38;5;13;9;60;0;7,0;57,0;8;0;0;5;0;0;0;6;0;0;7,0;0;0;10
2026_02_MIA_SF;MIA;2;2026;28;0;32;1;1;0;0,0;0,0;2;0;0;0;0;0;0;35;0;0;0,0;0;0;-4
2024_13_TEN_WAS;TEN;13;2024;42;7;51;3;10;1;2,0;10,0;2;1;0;2;0;0;0;42;2;0;2,0;0;0;-4
2025_18_BAL_PIT;PIT;18;2025;32;0;18;3;17;0;3,0;16,0;5;1;0;4;0;0;0;24;2;0;3,0;0;0;1
2025_18_MIA_NE;MIA;18;2025;24;1;43;1;1;0;0,0;0,0;3;0;0;1;0;0;0;38;0;0;0,0;0;0;-4
2023_13_ATL_NYJ;NYJ;13;2023;31;8;30;5;18;1;3,0;17,0;8;0;0;3;0;1;0;13;0;0;3,0;2;0;7
2022_02_MIA_BAL;BAL;2;2022;37;3;23;3;15;0;1,0;8,0;2;2;0;7;0;0;0;42;4;0;1,0;0;0;-4
2023_14_LA_BAL;BAL;14;2023;36;8;28;7;28;0;2,0;12,0;10;0;0;3;0;0;0;31;0;0;2,0;0;0;-1
2025_11_DET_PHI;PHI;11;2025;30;0;22;3;13;0;2,0;12,0;7;1;21;10;0;0;0;9;2;0;2,0;0;0;7
2022_11_PHI_IND;IND;11;2022;37;5;23;2;9;3;3,0;17,0;4;0;0;3;0;0;2;17;0;0;3,0;0;4;4
2022_03_BUF_MIA;BUF;3;2022;22;3;19;2;9;0;2,0;15,0;3;0;0;3;0;1;0;21;0;0;2,0;2;0;1
2022_08_CHI_DAL;DAL;8;2022;47;2;28;7;38;1;4,0;25,0;5;0;0;3;0;0;1;29;0;0;4,0;0;2;-1
2023_05_TEN_IND;TEN;5;2023;30;14;36;0;0;1;1,0;17,0;2;0;0;1;0;0;0;23;0;0;1,0;0;0;1
2024_05_LV_DEN;DEN;5;2024;33;8;22;5;19;0;3,0;16,0;6;3;100;6;1;0;0;18;6;6;3,0;0;0;4
2022_15_NE_LV;NE;15;2022;32;5;35;1;8;1;3,0;20,0;5;1;16;3;1;0;0;30;2;6;3,0;0;0;-1
2023_14_HOU_NYJ;NYJ;14;2023;22;4;20;6;36;0;4,0;32,0;6;0;0;10;0;0;0;6;0;0;4,0;0;0;10
2024_11_MIN_TEN;TEN;11;2024;42;3;21;6;17;1;2,0;10,0;4;0;0;2;0;0;1;23;0;0;2,0;0;2;1
2024_17_BAL_HOU;HOU;17;2024;33;7;37;6;19;0;1,0;3,0;5;0;0;2;0;1;0;31;0;0;1,0;2;0;-1
2025_02_LAC_LV;LV;2;2025;33;5;25;8;20;0;2,0;6,0;3;0;0;6;0;0;1;20;0;0;2,0;0;2;4
2025_06_NE_NO;NO;6;2025;39;1;19;7;16;1;1,0;1,0;4;0;0;2;0;0;0;25;0;0;1,0;0;0;1
2023_03_DEN_MIA;MIA;3;2023;27;5;25;4;20;3;1,0;12,0;13;1;5;8;0;0;2;20;2;0;1,0;0;4;4
2025_06_SF_TB;SF;6;2025;34;1;23;4;14;0;1,0;8,0;1;0;0;2;0;0;0;30;0;0;1,0;0;0;-1
2022_03_PHI_WAS;PHI;3;2022;42;6;20;6;34;2;9,0;58,0;17;0;0;4;0;0;1;8;0;0;9,0;0;2;7
2024_01_CAR_NO;CAR;1;2024;40;6;30;6;17;0;1,0;1,0;1;0;0;3;0;0;1;47;0;0;1,0;0;2;-4
2025_02_SF_NO;NO;2;2025;39;3;19;7;24;1;3,0;12,0;6;0;0;6;0;0;1;26;0;0;3,0;0;2;1
2023_03_DAL_ARI;ARI;3;2023;46;5;23;5;23;0;2,0;18,0;4;1;0;9;0;0;0;16;2;0;2,0;0;0;4
2022_14_PHI_NYG;NYG;14;2022;45;9;15;5;34;0;4,0;33,0;5;0;0;2;0;0;0;48;0;0;4,0;0;0;-4
2024_02_LV_BAL;BAL;2;2024;38;9;23;9;41;1;5,0;43,0;10;1;0;3;0;0;0;26;2;0;5,0;0;0;1
2025_03_CIN_MIN;MIN;3;2025;40;5;17;7;29;5;4,0;22,0;9;2;87;5;1;0;3;10;4;6;4,0;0;6;7
2024_17_DET_SF;SF;17;2024;45;0;26;7;27;0;2,0;16,0;4;0;0;1;0;0;0;40;0;0;2,0;0;0;-4
2024_10_DET_HOU;DET;10;2024;47;2;18;9;63;0;4,0;40,0;7;2;0;7;0;0;0;23;4;0;4,0;0;0;1
2024_20_WAS_DET;DET;20;2024;50;2;18;6;10;1;0,0;0,0;2;0;0;2;0;0;0;45;0;0;0,0;0;0;-4
2024_10_BUF_IND;IND;10;2024;38;5;33;2;2;1;2,0;0,0;5;2;24;5;0;0;0;30;4;0;2,0;0;0;-1
2022_18_LA_SEA;LA;18;2022;49;4;16;9;24;0;3,0;8,0;5;2;28;6;0;0;0;19;4;0;3,0;0;0;4
2022_01_SF_CHI;SF;1;2022;36;2;14;6;23;0;2,0;16,0;3;1;1;2;0;0;0;19;2;0;2,0;0;0;4
2022_19_MIA_BUF;BUF;19;2022;31;7;19;6;36;0;4,0;31,0;11;2;10;10;0;0;0;31;4;0;4,0;0;0;-1
2023_05_NYJ_DEN;NYJ;5;2023;29;6;22;5;29;2;4,0;27,0;7;0;0;4;0;1;3;21;0;0;4,0;2;6;1
2025_15_MIA_PIT;MIA;15;2025;44;0;32;5;26;0;3,0;23,0;3;0;0;2;0;0;0;28;0;0;3,0;0;0;-1
2025_09_KC_BUF;BUF;9;2025;27;0;28;5;20;0;3,0;24,0;15;1;0;5;0;0;0;21;2;0;3,0;0;0;1
2025_13_GB_DET;GB;13;2025;34;3;35;7;31;0;3,0;23,0;7;0;0;2;0;0;0;24;0;0;3,0;0;0;1
2023_17_MIA_BAL;BAL;17;2023;34;9;25;3;16;0;3,0;16,0;4;2;34;6;0;0;1;19;4;0;3,0;0;2;4
2025_17_PHI_BUF;PHI;17;2025;47;1;29;7;53;1;5,0;51,0;6;0;0;3;0;0;1;12;0;0;5,0;0;2;7
2025_02_NYG_DAL;NYG;2;2025;63;0;24;9;26;0;3,0;18,0;7;1;0;9;0;0;0;40;2;0;3,0;0;0;-4
2025_14_CHI_GB;CHI;14;2025;34;1;17;2;15;0;1,0;14,0;1;1;28;3;0;0;0;28;2;0;1,0;0;0;-1
2024_19_GB_PHI;GB;19;2024;29;1;41;2;9;0;2,0;10,0;5;0;0;1;0;0;0;22;0;0;2,0;0;0;1
2023_09_IND_CAR;IND;9;2023;47;6;16;4;30;1;4,0;36,0;7;3;115;8;2;0;0;13;6;12;4,0;0;0;7
2024_04_NE_SF;NE;4;2024;32;5;25;3;14;1;1,0;5,0;4;1;0;5;0;0;1;30;2;0;1,0;0;2;-1
2025_05_TB_SEA;SEA;5;2025;39;3;29;6;22;0;1,0;9,0;2;0;0;2;0;0;0;38;0;0;1,0;0;0;-4
2022_16_LV_PIT;LV;16;2022;38;10;28;5;12;0;0,0;0,0;4;1;24;3;0;0;0;13;2;0;0,0;0;0;7
2026_02_NYG_LA;NYG;2;2026;37;0;26;1;9;2;1,0;9,0;2;1;0;4;0;0;1;28;2;0;1,0;0;2;-1
2022_08_PIT_PHI;PIT;8;2022;33;5;17;4;28;0;3,0;18,0;4;0;0;5;0;0;0;35;0;0;3,0;0;0;-4
2024_16_NE_BUF;NE;16;2024;30;4;26;2;3;2;1,0;2,0;2;1;6;5;0;0;0;24;2;0;1,0;0;0;1
2023_12_WAS_DAL;WAS;12;2023;29;3;11;4;10;1;0,0;0,0;2;0;0;3;0;0;0;45;0;0;0,0;0;0;-4
2025_06_DET_KC;KC;6;2025;37;0;26;3;10;1;1,0;4,0;4;0;0;0;0;0;0;17;0;0;1,0;0;0;4
2023_06_PHI_NYJ;NYJ;6;2023;40;5;15;4;19;1;2,0;12,0;4;3;57;12;0;0;1;14;6;0;2,0;0;2;4
2024_08_NYG_PIT;PIT;8;2024;35;6;34;6;31;1;4,0;27,0;12;1;5;4;0;0;1;18;2;0;4,0;0;2;4
2022_09_LA_TB;TB;9;2022;31;4;18;6;32;0;4,0;27,0;8;0;0;2;0;0;0;13;0;0;4,0;0;0;7
2025_20_BUF_DEN;DEN;20;2025;53;1;27;4;18;4;3,0;17,0;10;2;30;2;0;0;3;30;4;0;3,0;0;6;-1
2024_04_DAL_NYG;DAL;4;2024;48;3;19;6;20;1;1,0;4,0;3;1;0;6;0;0;0;15;2;0;1,0;0;0;4
2022_16_DEN_LA;LA;16;2022;31;6;20;6;39;0;6,0;40,0;12;4;113;6;1;0;0;14;8;6;6,0;0;0;4
2024_16_SF_MIA;SF;16;2024;37;3;27;3;5;0;0,0;0,0;1;0;0;5;0;0;0;29;0;0;0,0;0;0;-1
2022_14_CAR_SEA;CAR;14;2022;26;5;15;3;19;0;3,0;23,0;5;2;51;6;0;0;0;24;4;0;3,0;0;0;1
2023_12_TB_IND;IND;12;2023;31;3;19;3;12;1;6,0;26,0;9;1;9;5;0;0;1;20;2;0;6,0;0;2;4
2022_06_ARI_SEA;SEA;6;2022;46;10;22;8;51;3;6,0;51,0;7;1;0;4;0;0;1;9;2;0;6,0;0;2;7
2024_06_TB_NO;TB;6;2024;37;2;24;5;15;2;5,0;21,0;10;2;0;6;0;0;1;27;4;0;5,0;0;2;1
2025_05_WAS_LAC;LAC;5;2025;31;1;27;6;18;1;1,0;5,0;1;0;0;2;0;0;1;27;0;0;1,0;0;2;1
2023_14_IND_CIN;IND;14;2023;32;13;23;3;13;0;0,0;0,0;3;1;36;4;1;0;0;34;2;6;0,0;0;0;-1
2023_06_NE_LV;LV;6;2023;33;6;20;3;20;0;4,0;24,0;5;1;25;3;0;1;0;17;2;0;4,0;2;0;4
2025_03_IND_TEN;TEN;3;2025;32;1;19;0;0;0;0,0;0,0;2;0;0;3;0;0;0;41;0;0;0,0;0;0;-4
2025_08_WAS_KC;KC;8;2025;28;0;36;3;15;1;2,0;13,0;4;2;10;3;0;0;0;7;4;0;2,0;0;0;7
2025_20_SF_SEA;SF;20;2025;30;3;27;6;27;0;2,0;18,0;3;0;0;0;0;0;0;41;0;0;2,0;0;0;-4
2022_16_NYG_MIN;MIN;16;2022;42;5;19;1;1;2;3,0;15,0;11;1;11;4;0;0;1;24;2;0;3,0;0;2;1
2023_04_MIN_CAR;MIN;4;2023;41;8;42;5;35;2;5,0;55,0;6;0;0;3;0;0;1;13;0;0;5,0;0;2;7
2025_06_CIN_GB;CIN;6;2025;42;0;28;4;10;0;1,0;3,0;4;1;25;6;0;0;0;27;2;0;1,0;0;0;1
2023_06_CAR_MIA;MIA;6;2023;37;6;28;4;36;1;4,0;36,0;9;0;0;3;0;0;0;21;0;0;4,0;0;0;1
2022_16_PHI_DAL;DAL;16;2022;37;5;19;2;3;1;0,0;0,0;0;2;2;5;0;0;2;34;4;0;0,0;0;4;-1
2022_16_LV_PIT;PIT;16;2022;26;10;22;5;37;0;3,0;31,0;5;3;12;7;0;0;0;10;6;0;3,0;0;0;7
2022_13_MIA_SF;MIA;13;2022;45;8;32;5;29;1;4,0;36,0;10;1;0;4;0;0;0;33;2;0;4,0;0;0;-1
2024_03_LAC_PIT;LAC;3;2024;34;14;30;8;30;0;2,0;13,0;5;1;0;4;0;0;0;20;2;0;2,0;0;0;4
2023_14_JAX_CLE;CLE;14;2023;51;3;9;6;27;1;4,0;22,0;12;3;11;10;0;0;1;27;6;0;4,0;0;2;1
2023_17_LA_NYG;LA;17;2023;37;8;30;8;31;0;6,0;35,0;10;1;0;4;0;0;0;25;2;0;6,0;0;0;1
2025_06_CHI_WAS;WAS;6;2025;30;1;39;4;16;0;3,0;16,0;5;0;0;5;0;0;0;25;0;0;3,0;0;0;1
2022_04_MIA_CIN;MIA;4;2022;33;3;27;2;8;0;1,0;6,0;3;0;0;2;0;0;0;27;0;0;1,0;0;0;1
2025_11_BAL_CLE;CLE;11;2025;40;1;23;10;34;0;5,0;26,0;7;2;32;3;1;0;1;23;4;6;5,0;0;2;1
2022_08_NE_NYJ;NYJ;8;2022;50;5;23;10;34;1;6,0;33,0;8;1;0;4;0;0;0;22;2;0;6,0;0;0;1
2025_11_SF_ARI;ARI;11;2025;27;1;31;3;23;0;1,0;14,0;3;0;0;4;0;0;0;41;0;0;1,0;0;0;-4
2025_06_NE_NO;NE;6;2025;29;2;40;4;7;1;2,0;4,0;4;0;0;5;0;0;1;19;0;0;2,0;0;2;4
2022_05_PIT_BUF;PIT;5;2022;26;4;12;2;5;1;0,0;0,0;1;1;0;7;0;0;1;38;2;0;0,0;0;2;-4
2022_18_NYJ_MIA;NYJ;18;2022;33;10;28;5;39;0;1,0;12,0;9;0;0;4;0;0;0;11;0;0;1,0;0;0;7
2023_18_JAX_TEN;JAX;18;2023;25;8;18;4;24;0;2,0;16,0;7;1;29;2;0;0;0;28;2;0;2,0;0;0;-1
2022_11_SF_ARI;SF;11;2022;47;4;12;8;40;1;3,0;30,0;9;2;0;6;0;0;0;10;4;0;3,0;0;0;7
2026_01_NO_DET;NO;1;2026;42;0;42;5;15;1;1,0;2,0;8;0;0;5;0;0;1;31;0;0;1,0;0;2;-1
2022_11_CIN_PIT;CIN;11;2022;41;6;30;4;19;0;2,0;16,0;7;0;0;3;0;0;0;30;0;0;2,0;0;0;-1
2024_12_TEN_HOU;HOU;12;2024;48;1;19;13;57;0;8,0;41,0;9;1;65;2;1;0;2;32;2;6;8,0;0;4;-1
2024_10_MIA_LA;MIA;10;2024;35;6;30;7;61;2;4,0;36,0;6;1;5;6;0;0;1;15;2;0;4,0;0;2;4
2025_15_CAR_NO;NO;15;2025;35;2;24;5;13;0;1,0;9,0;3;0;0;2;0;0;1;17;0;0;1,0;0;2;4
2025_18_NO_ATL;NO;18;2025;35;2;30;9;34;0;4,0;21,0;9;1;0;8;0;0;0;19;2;0;4,0;0;0;4
2024_15_CHI_MIN;CHI;15;2024;40;10;18;8;24;0;2,0;16,0;8;1;0;4;0;0;0;30;2;0;2,0;0;0;-1
2023_22_SF_KC;SF;22;2023;47;6;40;5;23;2;3,0;8,0;7;1;0;2;0;0;1;25;2;0;3,0;0;2;1
2023_12_CLE_DEN;CLE;12;2023;30;11;19;3;13;1;1,0;9,0;4;0;0;2;0;0;1;29;0;0;1,0;0;2;-1
2026_01_SF_LA;LA;1;2026;36;0;42;1;1;0;0,0;0,0;2;1;0;7;0;0;0;27;2;0;0,0;0;0;1
2023_21_KC_BAL;KC;21;2023;35;2;8;3;14;2;4,0;17,0;7;1;0;5;0;0;2;10;2;0;4,0;0;4;7
2022_03_CIN_NYJ;CIN;3;2022;39;6;24;5;11;3;4,0;33,0;10;2;42;8;0;0;2;12;4;0;4,0;0;4;7
2023_21_DET_SF;DET;21;2023;34;5;23;4;7;0;2,0;9,0;6;1;9;5;0;0;0;34;2;0;2,0;0;0;-1
2022_02_TB_NO;NO;2;2022;31;2;34;3;3;0;1,0;2,0;3;0;0;6;0;0;1;20;0;0;1,0;0;2;4
2025_03_KC_NYG;KC;3;2025;34;3;35;6;14;0;2,0;9,0;9;2;23;6;0;0;0;9;4;0;2,0;0;0;7
2024_02_IND_GB;GB;2;2024;25;5;11;4;14;1;1,0;6,0;3;3;19;7;0;0;0;10;6;0;1,0;0;0;7
2023_07_GB_DEN;GB;7;2023;35;4;18;1;11;0;1,0;0,0;3;0;0;0;0;0;0;19;0;0;1,0;0;0;4
2025_05_NE_BUF;BUF;5;2025;44;1;13;6;9;2;4,0;6,0;8;0;0;1;0;0;1;23;0;0;4,0;0;2;1
2024_04_NO_ATL;NO;4;2024;26;7;19;2;17;1;1,0;11,0;4;1;1;7;0;0;0;26;2;0;1,0;0;0;1
2022_07_IND_TEN;TEN;7;2022;40;10;26;4;18;1;3,0;16,0;10;2;80;5;1;0;1;10;4;6;3,0;0;2;7
2025_13_NYG_NE;NE;13;2025;33;0;32;5;29;1;2,0;11,0;7;0;0;7;0;0;1;15;0;0;2,0;0;2;4
2024_11_GB_CHI;GB;11;2024;47;1;27;4;22;0;3,0;19,0;6;0;0;1;0;0;0;19;0;0;3,0;0;0;4
2022_08_ARI_MIN;MIN;8;2022;51;4;6;8;38;0;4,0;29,0;6;2;27;9;0;0;1;26;4;0;4,0;0;2;1
2025_07_MIA_CLE;CLE;7;2025;35;2;24;11;48;2;4,0;33,0;6;3;59;6;1;0;1;6;6;6;4,0;0;2;10
2023_13_MIA_WAS;MIA;13;2023;21;9;27;2;13;1;3,0;20,0;9;1;33;4;1;0;0;15;2;6;3,0;0;0;4
2025_11_WAS_MIA;MIA;11;2025;35;3;43;5;12;0;1,0;6,0;5;1;7;2;0;0;1;13;2;0;1,0;0;2;7
2023_03_PHI_TB;PHI;3;2023;26;3;13;4;6;2;2,0;13,0;5;1;0;2;0;1;1;11;2;0;2,0;2;2;7
2022_15_MIA_BUF;BUF;15;2022;35;1;17;3;15;1;2,0;17,0;4;0;0;6;0;0;0;29;0;0;2,0;0;0;-1
2025_11_GB_NYG;NYG;11;2025;31;1;15;2;12;1;2,0;12,0;8;0;0;5;0;0;0;27;0;0;2,0;0;0;1
2023_13_CLE_LA;CLE;13;2023;31;5;23;1;2;0;0,0;0,0;2;0;0;2;0;0;0;36;0;0;0,0;0;0;-4
2022_10_NO_PIT;PIT;10;2022;24;7;19;1;8;1;2,0;17,0;2;2;2;5;0;0;0;10;4;0;2,0;0;0;7
2022_11_CAR_BAL;CAR;11;2022;50;2;16;10;31;0;3,0;16,0;3;1;3;1;0;0;0;13;2;0;3,0;0;0;7
2022_10_ARI_LA;LA;10;2022;36;12;24;2;18;1;2,0;18,0;7;0;0;1;0;0;0;27;0;0;2,0;0;0;1
2023_08_KC_DEN;KC;8;2023;45;7;25;7;30;2;6,0;27,0;10;0;0;2;0;0;1;24;0;0;6,0;0;2;1
2024_02_BUF_MIA;BUF;2;2024;46;6;20;10;31;0;2,0;13,0;5;3;62;4;1;0;0;10;6;6;2,0;0;0;7
2023_14_NE_PIT;PIT;14;2023;31;6;22;5;21;0;2,0;18,0;2;1;30;3;0;0;0;21;2;0;2,0;0;0;1
2026_01_BUF_HOU;BUF;1;2026;38;2;52;8;27;2;3,0;17,0;9;0;0;2;0;0;2;31;0;0;3,0;0;4;-1
2024_05_CAR_CHI;CAR;5;2024;37;5;35;2;9;0;1,0;8,0;2;0;0;2;0;0;0;36;0;0;1,0;0;0;-4
2023_16_SEA_TEN;TEN;16;2023;30;6;22;5;17;1;3,0;12,0;4;0;0;2;0;0;0;20;0;0;3,0;0;0;4
2024_14_LAC_KC;LAC;14;2024;46;0;16;1;6;0;3,0;8,0;13;0;0;5;0;0;0;19;0;0;3,0;0;0;4
2023_09_WAS_NE;WAS;9;2023;34;3;15;0;0;0;0,0;0,0;1;1;0;10;0;0;0;17;2;0;0,0;0;0;4
2023_10_GB_PIT;GB;10;2023;35;12;30;2;8;0;1,0;7,0;4;0;0;5;0;0;0;23;0;0;1,0;0;0;1
2023_13_IND_TEN;IND;13;2023;50;8;26;5;16;4;6,0;20,0;9;0;0;5;0;0;2;28;0;0;6,0;0;4;-1
2023_05_KC_MIN;MIN;5;2023;32;11;29;2;15;0;2,0;15,0;9;0;0;4;0;0;0;27;0;0;2,0;0;0;1
2022_17_SF_LV;SF;17;2022;32;3;35;1;1;0;0,0;0,0;9;2;56;4;0;0;0;34;4;0;0,0;0;0;-1
2025_03_NYJ_TB;TB;3;2025;43;0;20;9;43;1;4,0;29,0;10;1;55;4;1;0;1;27;2;6;4,0;0;2;1
2022_16_TB_ARI;TB;16;2022;41;11;21;3;3;1;1,0;17,0;7;1;0;5;0;0;2;16;2;0;1,0;0;4;4
2022_05_ATL_TB;ATL;5;2022;42;5;21;1;2;0;0,0;0,0;4;0;0;3;0;0;0;21;0;0;0,0;0;0;1
2022_16_DEN_LA;DEN;16;2022;33;19;29;1;2;0;0,0;0,0;1;0;0;0;0;0;0;51;0;0;0,0;0;0;-4
2023_01_TEN_NO;TEN;1;2023;41;5;29;6;24;2;4,0;23,0;8;1;10;4;0;0;1;16;2;0;4,0;0;2;4
2024_14_CLE_PIT;CLE;14;2024;26;3;43;6;24;1;1,0;11,0;7;0;0;1;0;0;1;27;0;0;1,0;0;2;1
2023_07_CLE_IND;CLE;7;2023;38;16;30;3;12;4;4,0;17,0;5;1;20;3;0;0;3;38;2;0;4,0;0;6;-4
2023_13_CIN_JAX;JAX;13;2023;43;12;34;4;18;0;2,0;12,0;6;1;8;2;0;0;0;34;2;0;2,0;0;0;-1
2022_10_WAS_PHI;PHI;10;2022;45;11;39;3;15;1;3,0;33,0;4;1;0;5;0;0;1;32;2;0;3,0;0;2;-1
2023_12_GB_DET;GB;12;2023;48;8;24;2;4;3;3,0;8,0;12;0;0;2;0;0;3;22;0;0;3,0;0;6;1
2024_05_NYG_SEA;SEA;5;2024;40;11;33;2;17;2;3,0;12,0;5;0;0;1;0;0;1;29;0;0;3,0;0;2;-1
2022_09_LV_JAX;LV;9;2022;42;6;30;2;6;0;0,0;0,0;4;0;0;2;0;0;1;27;0;0;0,0;0;2;1
2024_17_MIA_CLE;MIA;17;2024;36;3;29;4;14;1;1,0;8,0;6;1;0;5;0;0;1;3;2;0;1,0;0;2;10
2022_03_HOU_CHI;CHI;3;2022;25;9;33;4;18;3;1,0;8,0;3;2;18;6;0;0;0;20;4;0;1,0;0;0;4
2025_10_LA_SF;SF;10;2025;31;2;42;3;7;0;1,0;5,0;8;0;0;3;0;0;0;42;0;0;1,0;0;0;-4
2022_05_TEN_WAS;WAS;5;2022;36;4;24;7;42;0;5,0;45,0;13;0;0;1;0;0;0;21;0;0;5,0;0;0;1
2022_15_ARI_DEN;ARI;15;2022;40;7;37;8;43;1;7,0;41,0;9;1;1;4;0;0;1;24;2;0;7,0;0;2;1
2025_17_TB_MIA;MIA;17;2025;40;1;29;6;24;1;3,0;19,0;4;2;45;6;0;0;1;17;4;0;3,0;0;2;4
2022_16_HOU_TEN;TEN;16;2022;37;11;25;3;8;1;1,0;3,0;6;1;7;5;0;0;0;19;2;0;1,0;0;0;4
2023_14_DEN_LAC;DEN;14;2023;32;16;20;6;55;2;6,0;68,0;9;1;4;9;0;0;1;7;2;0;6,0;0;2;7
2025_13_JAX_TEN;TEN;13;2025;31;1;23;5;29;0;3,0;27,0;5;0;0;2;0;0;0;25;0;0;3,0;0;0;1
2025_16_TB_CAR;CAR;16;2025;42;0;28;5;24;0;2,0;18,0;2;1;5;4;0;0;0;20;2;0;2,0;0;0;4
2025_17_TB_MIA;TB;17;2025;30;1;27;6;38;0;2,0;19,0;3;0;0;3;0;0;0;20;0;0;2,0;0;0;4
2022_10_SEA_TB;SEA;10;2022;49;6;18;1;4;0;0,0;0,0;1;2;1;4;0;0;0;21;4;0;0,0;0;0;1
2025_17_ARI_CIN;ARI;17;2025;37;0;48;3;13;0;3,0;20,0;5;0;0;4;0;0;0;37;0;0;3,0;0;0;-4
2024_06_HOU_NE;HOU;6;2024;38;8;28;8;40;3;4,0;34,0;8;2;28;6;0;0;2;21;4;0;4,0;0;4;1
2024_14_CIN_DAL;CIN;14;2024;32;1;21;4;33;0;3,0;17,0;7;1;0;6;0;0;1;20;2;0;3,0;0;2;4
2025_07_IND_LAC;LAC;7;2025;32;0;26;3;11;0;1,0;7,0;5;0;0;4;0;0;0;38;0;0;1,0;0;0;-4
2024_20_WAS_DET;WAS;20;2024;36;1;27;5;23;1;2,0;16,0;7;4;69;5;1;0;1;31;8;6;2,0;0;2;-1
2025_10_BAL_MIN;MIN;10;2025;45;1;27;3;11;2;1,0;7,0;4;0;0;4;0;0;0;27;0;0;1,0;0;0;1
2023_10_GB_PIT;PIT;10;2023;34;10;20;4;18;0;1,0;6,0;5;2;62;7;0;0;0;19;4;0;1,0;0;0;4
2023_12_CHI_MIN;CHI;12;2023;37;2;10;4;12;2;2,0;16,0;9;4;19;8;0;0;0;10;8;0;2,0;0;0;7
2025_04_NO_BUF;NO;4;2025;41;3;15;5;20;0;3,0;18,0;7;1;0;4;0;0;0;31;2;0;3,0;0;0;-1
2022_04_DEN_LV;LV;4;2022;28;1;21;7;30;1;3,0;23,0;4;0;0;1;0;0;1;23;0;0;3,0;0;2;1
2026_01_NE_SEA;SEA;1;2026;44;0;30;9;23;0;3,0;10,0;5;3;30;6;0;0;0;10;6;0;3,0;0;0;7
2024_02_ATL_PHI;PHI;2;2024;35;6;18;3;11;0;1,0;8,0;2;0;0;4;0;0;0;22;0;0;1,0;0;0;1
2024_04_KC_LAC;KC;4;2024;29;7;17;5;19;1;2,0;10,0;10;0;0;4;0;0;0;10;0;0;2,0;0;0;7
2022_01_CLE_CAR;CAR;1;2022;41;2;42;4;13;0;1,0;9,0;5;0;0;4;0;0;0;26;0;0;1,0;0;0;1
2022_17_NO_PHI;NO;17;2022;33;4;14;4;19;2;6,0;28,0;8;1;12;5;1;0;0;10;2;6;6,0;0;0;7
2022_15_LA_GB;LA;15;2022;43;8;24;3;22;1;3,0;22,0;5;1;18;2;0;0;1;24;2;0;3,0;0;2;1
2024_19_LAC_HOU;HOU;19;2024;29;1;21;5;27;1;4,0;31,0;9;4;108;11;1;0;0;12;8;6;4,0;0;0;7
2025_01_ARI_NO;NO;1;2025;42;1;27;7;36;0;5,0;33,0;5;0;0;5;0;0;0;20;0;0;5,0;0;0;4
2023_14_LA_BAL;LA;14;2023;41;4;14;2;7;0;2,0;6,0;5;1;17;3;0;1;0;37;2;0;2,0;2;0;-4
2024_04_LA_CHI;CHI;4;2024;35;6;20;7;25;1;3,0;21,0;6;1;0;3;0;0;1;18;2;0;3,0;0;2;4
2024_14_NO_NYG;NYG;14;2024;36;7;29;13;44;2;2,0;19,0;4;1;0;3;0;0;0;14;2;0;2,0;0;0;4
2024_01_LV_LAC;LV;1;2024;29;5;21;2;5;0;1,0;4,0;5;0;0;2;0;0;0;22;0;0;1,0;0;0;1
2025_09_NO_LA;LA;9;2025;19;1;21;2;10;1;1,0;9,0;2;1;7;5;0;0;1;10;2;0;1,0;0;2;7
2024_03_NYG_CLE;CLE;3;2024;36;10;28;4;17;2;2,0;8,0;9;0;0;4;0;0;2;21;0;0;2,0;0;4;1
2023_20_TB_DET;TB;20;2023;39;8;22;3;14;0;2,0;10,0;5;0;0;4;0;0;0;31;0;0;2,0;0;0;-1
2022_01_LV_LAC;LAC;1;2022;31;8;12;5;28;3;6,0;39,0;9;3;22;6;0;0;0;19;6;0;6,0;0;0;4
2022_05_ATL_TB;TB;5;2022;35;8;24;7;34;1;5,0;37,0;10;0;0;2;0;0;0;15;0;0;5,0;0;0;4
2023_06_ARI_LA;LA;6;2023;40;5;21;6;26;1;2,0;20,0;9;1;0;6;0;0;1;9;2;0;2,0;0;2;7
2023_10_WAS_SEA;WAS;10;2023;40;10;26;3;7;0;1,0;0,0;5;0;0;5;0;0;0;29;0;0;1,0;0;0;-1
2023_07_GB_DEN;DEN;7;2023;34;7;27;3;5;0;0,0;0,0;3;1;14;5;0;0;0;17;2;0;0,0;0;0;4
2025_04_GB_DAL;DAL;4;2025;51;1;31;7;30;1;1,0;12,0;4;0;0;1;0;0;1;40;0;0;1,0;0;2;-4
2023_15_MIN_CIN;MIN;15;2023;46;5;13;6;28;1;5,0;26,0;7;1;1;6;0;0;0;27;2;0;5,0;0;0;1
2025_18_CAR_TB;CAR;18;2025;41;1;39;5;15;1;2,0;5,0;4;1;20;3;0;0;0;16;2;0;2,0;0;0;4
2024_11_WAS_PHI;PHI;11;2024;38;7;27;8;32;1;3,0;20,0;3;1;0;4;0;0;0;18;2;0;3,0;0;0;4
2026_01_ARI_LAC;LAC;1;2026;43;0;36;1;1;0;1,0;0,0;6;0;0;4;0;0;0;26;0;0;1,0;0;0;1
2022_02_MIN_PHI;PHI;2;2022;31;2;22;3;9;1;2,0;19,0;7;3;21;11;0;0;0;7;6;0;2,0;0;0;7
2022_05_PIT_BUF;BUF;5;2022;38;12;20;4;19;0;3,0;17,0;7;1;0;10;0;0;1;3;2;0;3,0;0;2;10
2026_01_CHI_CAR;CHI;1;2026;31;0;34;2;8;1;2,0;8,0;5;1;0;3;0;0;2;37;2;0;2,0;0;4;-4
2024_14_BUF_LA;BUF;14;2024;42;6;38;4;8;0;0,0;0,0;3;0;0;2;0;0;0;44;0;0;0,0;0;0;-4
2023_04_LV_LAC;LV;4;2023;40;5;13;5;25;0;2,0;17,0;4;1;16;7;0;0;0;24;2;0;2,0;0;0;1
2023_09_SEA_BAL;SEA;9;2023;48;7;23;4;11;2;1,0;8,0;0;0;0;2;0;0;2;37;0;0;1,0;0;4;-4
2025_07_NYG_DEN;DEN;7;2025;32;1;37;4;17;0;4,0;15,0;10;1;21;8;0;0;0;32;2;0;4,0;0;0;-1
2025_19_GB_CHI;CHI;19;2025;37;1;25;2;3;3;1,0;1,0;8;0;0;7;0;0;0;27;0;0;1,0;0;0;1
2024_01_DEN_SEA;DEN;1;2024;29;14;28;9;29;0;2,0;13,0;7;1;21;2;0;2;1;26;2;0;2,0;4;2;1
2022_01_NYG_TEN;NYG;1;2022;34;11;21;1;2;0;1,0;0,0;5;0;0;2;0;0;1;20;0;0;1,0;0;2;4
2023_15_DEN_DET;DET;15;2023;32;3;27;3;16;1;2,0;19,0;8;0;0;8;0;0;1;17;0;0;2,0;0;2;4
2025_01_TB_ATL;ATL;1;2025;27;1;25;2;3;0;1,0;8,0;3;0;0;7;0;0;0;23;0;0;1,0;0;0;1
2022_16_DET_CAR;DET;16;2022;39;3;33;2;4;0;0,0;0,0;0;0;0;1;0;0;0;37;0;0;0,0;0;0;-4
2025_06_ARI_IND;ARI;6;2025;36;1;29;3;12;0;1,0;7,0;6;1;9;4;0;0;0;31;2;0;1,0;0;0;-1
2024_06_JAX_CHI;CHI;6;2024;34;13;23;4;30;2;4,0;30,0;8;1;10;6;0;0;1;16;2;0;4,0;0;2;4
2023_12_LA_ARI;LA;12;2023;35;6;14;6;42;0;4,0;37,0;6;0;0;10;0;0;0;14;0;0;4,0;0;0;4
2022_20_JAX_KC;KC;20;2022;39;1;15;3;16;0;2,0;12,0;7;1;1;5;0;0;1;20;2;0;2,0;0;2;4
2024_06_TB_NO;NO;6;2024;42;9;37;4;18;1;1,0;8,0;2;3;50;11;0;0;0;51;6;0;1,0;0;0;-4
2023_02_BAL_CIN;CIN;2;2023;44;6;24;2;5;0;0,0;0,0;1;0;0;3;0;0;0;27;0;0;0,0;0;0;1
2025_02_NE_MIA;NE;2;2025;39;3;19;6;22;0;5,0;18,0;5;1;20;2;0;0;0;27;2;0;5,0;0;0;1
2025_13_GB_DET;DET;13;2025;32;0;28;1;2;1;0,0;0,0;2;0;0;5;0;0;0;31;0;0;0,0;0;0;-1
2023_05_GB_LV;LV;5;2023;28;4;28;4;17;0;2,0;7,0;2;3;28;4;0;0;0;13;6;0;2,0;0;0;7
2023_09_MIN_ATL;MIN;9;2023;34;9;25;3;13;1;1,0;8,0;3;1;18;4;0;0;1;28;2;0;1,0;0;2;-1
2023_19_PHI_TB;PHI;19;2023;40;5;25;4;24;0;4,0;30,0;6;0;0;2;0;0;0;32;0;0;4,0;0;0;-1
2024_07_NYJ_PIT;NYJ;7;2024;36;5;29;4;12;0;1,0;4,0;5;0;0;3;0;0;0;37;0;0;1,0;0;0;-4
2025_02_DEN_IND;IND;2;2025;34;2;22;5;8;0;0,0;0,0;0;1;0;4;0;0;0;28;2;0;0,0;0;0;-1
2025_07_HOU_SEA;SEA;7;2025;41;4;20;10;45;0;3,0;31,0;7;1;23;12;0;0;0;19;2;0;3,0;0;0;4
2024_15_KC_CLE;CLE;15;2024;37;7;29;5;6;0;0,0;0,0;12;0;0;4;0;0;0;21;0;0;0,0;0;0;1
2025_03_HOU_JAX;HOU;3;2025;40;0;20;3;16;0;2,0;17,0;5;1;0;7;0;0;0;17;2;0;2,0;0;0;4
2022_11_WAS_HOU;HOU;11;2022;38;7;33;2;5;0;0,0;0,0;6;0;0;0;0;0;0;23;0;0;0,0;0;0;1
2022_07_KC_SF;SF;7;2022;33;6;18;1;6;0;1,0;6,0;3;1;2;4;0;0;1;44;2;0;1,0;0;2;-4
2022_10_CLE_MIA;MIA;10;2022;29;8;30;2;2;1;3,0;27,0;14;0;0;8;0;0;1;17;0;0;3,0;0;2;4
2024_10_SF_TB;SF;10;2024;31;3;21;5;19;0;2,0;11,0;2;0;0;5;0;0;0;20;0;0;2,0;0;0;4
2025_11_NYJ_NE;NYJ;11;2025;36;1;29;4;18;0;1,0;10,0;4;0;0;3;0;0;0;27;0;0;1,0;0;0;1
2023_08_LV_DET;DET;8;2023;27;1;15;7;50;1;6,0;49,0;9;1;15;3;0;0;0;14;2;0;6,0;0;0;4
2022_18_NYG_PHI;PHI;18;2022;36;4;14;5;18;0;2,0;13,0;9;0;0;9;0;0;0;16;0;0;2,0;0;0;4
2026_01_NO_DET;DET;1;2026;54;0;28;7;35;1;5,0;32,0;9;2;4;8;0;0;1;30;4;0;5,0;0;2;-1
2025_02_ATL_MIN;ATL;2;2025;29;0;28;5;29;1;6,0;38,0;11;2;0;4;0;0;2;6;4;0;6,0;0;4;10
2025_18_DAL_NYG;NYG;18;2025;32;1;27;5;15;0;0,0;0,0;2;1;7;4;0;0;1;17;2;0;0,0;0;2;4
2023_18_NYJ_NE;NE;18;2023;37;6;34;4;20;1;1,0;1,0;6;0;0;3;0;0;1;17;0;0;1,0;0;2;4
2022_17_IND_NYG;NYG;17;2022;28;11;31;4;22;0;2,0;17,0;4;1;52;4;1;0;0;10;2;6;2,0;0;0;7
2022_04_NYJ_PIT;PIT;4;2022;33;6;28;4;10;0;1,0;4,0;6;2;60;4;0;0;0;24;4;0;1,0;0;0;1
2025_06_DAL_CAR;CAR;6;2025;37;2;16;5;17;0;0,0;0,0;2;0;0;4;0;0;0;27;0;0;0,0;0;0;1
2025_06_LAC_MIA;MIA;6;2025;47;1;25;1;1;2;1,0;1,0;7;0;0;2;0;0;1;29;0;0;1,0;0;2;-1
2024_07_BAL_TB;BAL;7;2024;43;6;30;5;17;1;3,0;14,0;4;2;0;5;0;0;0;31;4;0;3,0;0;0;-1
2024_01_WAS_TB;WAS;1;2024;37;4;20;8;31;0;1,0;9,0;4;0;0;2;0;0;0;37;0;0;1,0;0;0;-4
2022_06_TB_PIT;PIT;6;2022;43;6;22;2;7;1;2,0;14,0;5;0;0;4;0;0;0;18;0;0;2,0;0;0;4
2022_16_CIN_NE;NE;16;2022;55;7;21;4;8;1;2,0;6,0;2;2;69;3;1;0;1;22;4;6;2,0;0;2;1
2024_05_TB_ATL;TB;5;2024;48;7;17;6;36;1;4,0;32,0;11;1;7;8;0;0;0;36;2;0;4,0;0;0;-4
2024_13_CHI_DET;CHI;13;2024;41;1;31;2;10;1;2,0;10,0;3;0;0;5;0;0;1;23;0;0;2,0;0;2;1
2024_16_PIT_BAL;BAL;16;2024;35;2;28;5;19;2;3,0;19,0;6;1;37;2;1;0;1;17;2;6;3,0;0;2;4
2022_09_CAR_CIN;CIN;9;2022;21;4;26;1;4;1;0,0;0,0;1;2;19;4;0;0;1;21;4;0;0,0;0;2;1
2025_12_CLE_LV;LV;12;2025;29;1;25;12;36;1;1,0;3,0;5;1;18;1;0;0;1;24;2;0;1,0;0;2;1
2024_08_DAL_SF;DAL;8;2024;36;4;38;1;7;0;1,0;7,0;2;0;0;1;0;0;0;30;0;0;1,0;0;0;-1
2025_01_TEN_DEN;TEN;1;2025;43;3;29;4;15;1;1,0;10,0;5;2;16;5;0;0;2;20;4;0;1,0;0;4;4
2023_12_CHI_MIN;MIN;12;2023;48;3;23;5;13;3;3,0;18,0;7;0;0;3;0;0;2;12;0;0;3,0;0;4;7
2023_03_DAL_ARI;DAL;3;2023;31;6;26;6;20;0;2,0;11,0;4;0;0;1;0;0;0;28;0;0;2,0;0;0;-1
2022_18_DET_GB;GB;18;2022;39;7;17;1;4;1;1,0;5,0;3;0;0;2;0;0;0;20;0;0;1,0;0;0;4
2025_15_CLE_CHI;CHI;15;2025;31;0;24;8;43;0;5,0;35,0;15;3;32;6;0;0;0;3;6;0;5,0;0;0;10
2025_13_SF_CLE;CLE;13;2025;27;1;45;4;13;0;1,0;7,0;7;0;0;3;0;0;0;26;0;0;1,0;0;0;1
2022_04_BUF_BAL;BUF;4;2022;42;2;24;5;13;0;2,0;10,0;5;2;0;4;0;0;0;20;4;0;2,0;0;0;4
2025_04_MIN_PIT;PIT;4;2025;47;0;28;10;43;2;6,0;48,0;14;2;9;8;0;0;0;21;4;0;6,0;0;0;1
2023_08_MIN_GB;MIN;8;2023;34;8;22;1;12;2;4,0;33,0;8;1;43;7;0;0;0;10;2;0;4,0;0;0;7
2025_17_DET_MIN;MIN;17;2025;39;1;39;8;37;2;5,0;34,0;8;2;1;5;0;0;4;10;4;0;5,0;0;8;7
2022_15_TEN_LAC;LAC;15;2022;33;9;23;7;32;1;4,0;28,0;5;1;0;5;0;0;0;14;2;0;4,0;0;0;4
2025_09_DEN_HOU;HOU;9;2025;28;0;36;4;16;0;1,0;2,0;4;1;0;7;0;0;1;18;2;0;1,0;0;2;4
2023_01_MIA_LAC;LAC;1;2023;33;4;8;3;10;0;0,0;0,0;2;1;9;10;0;0;1;36;2;0;0,0;0;2;-4
2022_12_NYG_DAL;NYG;12;2022;42;3;23;6;14;0;0,0;0,0;9;2;18;5;0;0;0;28;4;0;0,0;0;0;-1
2023_12_GB_DET;DET;12;2023;27;5;21;1;1;0;0,0;0,0;4;0;0;1;0;0;0;29;0;0;0,0;0;0;-1
2024_20_BAL_BUF;BAL;20;2024;33;1;33;3;3;0;1,0;1,0;4;0;0;0;0;0;0;27;0;0;1,0;0;0;1
2022_07_SEA_LAC;LAC;7;2022;41;11;15;3;23;0;2,0;19,0;4;1;16;5;0;1;1;37;2;0;2,0;2;2;-4
2023_06_NO_HOU;HOU;6;2023;43;10;24;3;18;1;2,0;16,0;8;1;0;3;0;0;1;13;2;0;2,0;0;2;7
2025_15_DET_LA;DET;15;2025;38;0;34;1;8;0;2,0;8,0;8;1;58;7;0;0;0;41;2;0;2,0;0;0;-4
2024_06_SF_SEA;SF;6;2024;35;9;27;3;10;2;1,0;6,0;5;2;21;8;0;0;1;24;4;0;1,0;0;2;1
2022_17_CLE_WAS;CLE;17;2022;36;9;37;5;23;0;3,0;19,0;6;3;0;5;0;0;0;10;6;0;3,0;0;0;7
2023_18_PHI_NYG;PHI;18;2023;41;7;27;4;12;0;2,0;5,0;3;1;0;3;0;0;0;27;2;0;2,0;0;0;1
2023_05_BAL_PIT;PIT;5;2023;38;6;20;6;25;3;4,0;26,0;6;1;0;6;0;1;2;10;2;0;4,0;2;4;7
2022_03_DET_MIN;MIN;3;2022;43;15;23;4;9;0;0,0;0,0;2;1;0;7;0;0;0;24;2;0;0,0;0;0;1
2022_02_TEN_BUF;TEN;2;2022;41;6;12;2;9;0;1,0;4,0;3;0;0;4;0;0;0;41;0;0;1,0;0;0;-4
2024_13_SF_BUF;BUF;13;2024;29;7;27;5;18;2;1,0;5,0;1;0;0;1;0;0;3;10;0;0;1,0;0;6;7
2024_14_CHI_SF;CHI;14;2024;39;3;23;4;10;0;1,0;4,0;3;1;0;4;0;0;0;38;2;0;1,0;0;0;-4
2024_09_JAX_PHI;PHI;9;2024;27;1;21;3;16;1;2,0;14,0;3;2;0;9;0;0;1;23;4;0;2,0;0;2;1
2024_10_BUF_IND;BUF;10;2024;37;6;22;6;37;2;4,0;32,0;6;3;27;5;1;0;1;20;6;6;4,0;0;2;4
2024_13_HOU_JAX;JAX;13;2024;38;1;17;5;31;0;2,0;24,0;3;0;0;6;0;0;0;23;0;0;2,0;0;0;1
2026_01_CLE_JAX;JAX;1;2026;35;0;28;6;16;2;5,0;20,0;8;1;22;2;0;0;1;10;2;0;5,0;0;2;7
2022_07_NO_ARI;NO;7;2022;34;7;21;7;30;1;2,0;15,0;2;0;0;2;0;0;0;42;0;0;2,0;0;0;-4
2025_11_CHI_MIN;CHI;11;2025;26;0;32;1;3;1;0,0;0,0;5;2;23;5;0;0;0;17;4;0;0,0;0;0;4
2022_17_ARI_ATL;ATL;17;2022;30;6;40;2;9;0;2,0;9,0;7;0;0;4;0;0;0;19;0;0;2,0;0;0;4
2023_05_NYJ_DEN;DEN;5;2023;40;7;23;4;12;3;4,0;26,0;5;1;0;2;0;0;1;31;2;0;4,0;0;2;-1
2026_01_DEN_KC;KC;1;2026;26;0;28;3;9;1;3,0;9,0;5;1;5;4;0;0;1;10;2;0;3,0;0;2;7
2022_08_SF_LA;LA;8;2022;29;8;32;5;18;1;3,0;12,0;4;0;0;4;0;0;0;31;0;0;3,0;0;0;-1
2025_03_DEN_LAC;LAC;3;2025;33;1;17;5;17;0;2,0;6,0;4;0;0;3;0;0;0;20;0;0;2,0;0;0;4
2022_01_GB_MIN;MIN;1;2022;32;6;26;3;22;1;4,0;33,0;5;1;0;3;0;0;1;7;2;0;4,0;0;2;7
2022_08_WAS_IND;IND;8;2022;39;6;28;5;16;0;2,0;13,0;8;1;15;4;0;0;0;17;2;0;2,0;0;0;4
2024_06_ATL_CAR;ATL;6;2024;36;3;25;4;11;2;0,0;0,0;3;2;46;5;0;0;0;20;4;0;0,0;0;0;4
2024_08_BAL_CLE;CLE;8;2024;32;9;29;7;40;0;3,0;26,0;7;0;0;6;0;0;0;24;0;0;3,0;0;0;1
2023_03_LA_CIN;LA;3;2023;35;7;21;3;11;0;2,0;17,0;6;1;0;6;0;0;0;19;2;0;2,0;0;0;4
2022_13_TEN_PHI;PHI;13;2022;38;2;20;5;19;0;6,0;35,0;9;0;0;6;0;0;0;10;0;0;6,0;0;0;7
2024_11_MIN_TEN;MIN;11;2024;31;5;17;10;43;0;5,0;34,0;9;1;0;2;0;0;0;13;2;0;5,0;0;0;7
2024_14_LAC_KC;KC;14;2024;39;0;22;6;30;0;3,0;19,0;7;0;0;2;0;0;0;17;0;0;3,0;0;0;4
2023_09_ARI_CLE;CLE;9;2023;35;6;14;8;41;1;7,0;41,0;10;2;0;8;0;0;1;0;4;0;7,0;0;2;10
2025_18_WAS_PHI;PHI;18;2025;30;3;43;2;3;1;0,0;0,0;4;1;0;5;0;0;1;24;2;0;0,0;0;2;1
2022_11_DET_NYG;NYG;11;2022;32;12;24;3;6;1;0,0;0,0;3;0;0;3;0;0;0;31;0;0;0,0;0;0;-1
2023_18_TB_CAR;CAR;18;2023;38;2;20;5;31;1;3,0;22,0;6;0;0;7;0;0;0;9;0;0;3,0;0;0;7
2022_12_PIT_IND;IND;12;2022;41;9;29;4;24;0;3,0;23,0;3;0;0;3;0;0;0;24;0;0;3,0;0;0;1
2024_05_BUF_HOU;BUF;5;2024;46;8;18;7;13;1;1,0;0,0;6;1;1;1;0;0;1;23;2;0;1,0;0;2;1
2024_16_TEN_IND;IND;16;2024;35;1;23;3;14;0;1,0;10,0;4;3;20;5;0;0;0;30;6;0;1,0;0;0;-1
2023_19_LA_DET;DET;19;2023;30;4;22;3;11;1;2,0;10,0;7;0;0;3;0;0;0;23;0;0;2,0;0;0;1
2023_15_ATL_CAR;CAR;15;2023;26;8;30;2;4;1;0,0;0,0;1;1;2;2;0;0;1;7;2;0;0,0;0;2;7
2023_15_SF_ARI;ARI;15;2023;23;7;25;2;8;0;0,0;0,0;1;0;0;5;0;0;0;45;0;0;0,0;0;0;-4
2022_06_CIN_NO;NO;6;2022;38;2;10;3;27;1;3,0;27,0;6;0;0;3;0;0;1;30;0;0;3,0;0;2;-1
2023_09_CHI_NO;CHI;9;2023;35;8;34;0;0;0;0,0;0,0;2;0;0;2;0;0;0;24;0;0;0,0;0;0;1
2024_16_CLE_CIN;CIN;16;2024;40;4;14;8;49;2;5,0;32,0;10;2;0;5;0;0;1;6;4;0;5,0;0;2;10
2024_08_NYG_PIT;NYG;8;2024;36;5;33;5;25;1;4,0;19,0;8;0;0;2;0;0;1;26;0;0;4,0;0;2;1
2024_15_PIT_PHI;PIT;15;2024;46;1;45;5;29;2;3,0;20,0;5;0;0;2;0;0;2;27;0;0;3,0;0;4;1
2025_12_SEA_TEN;SEA;12;2025;41;0;30;6;33;0;4,0;24,0;11;0;0;6;0;0;0;24;0;0;4,0;0;0;1
2022_09_BUF_NYJ;NYJ;9;2022;33;3;21;3;12;2;5,0;22,0;8;2;21;6;0;0;0;17;4;0;5,0;0;0;4
2023_02_MIA_NE;NE;2;2023;39;4;18;4;10;0;1,0;5,0;2;1;0;3;0;0;0;24;2;0;1,0;0;0;1
2022_10_MIN_BUF;MIN;10;2022;46;12;22;5;25;1;2,0;19,0;4;2;46;8;0;0;2;30;4;0;2,0;0;4;-1
2022_09_MIA_CHI;CHI;9;2022;31;7;7;0;0;0;0,0;0,0;3;0;0;2;0;0;0;35;0;0;0,0;0;0;-4
2025_07_NE_TEN;NE;7;2025;35;1;17;6;22;0;4,0;20,0;5;1;32;2;0;0;1;13;2;0;4,0;0;2;7
2022_03_DAL_NYG;DAL;3;2022;45;2;8;6;29;0;5,0;27,0;12;1;7;5;0;0;0;16;2;0;5,0;0;0;4
2022_05_IND_DEN;IND;5;2022;41;4;26;4;13;2;4,0;24,0;8;2;35;8;0;0;0;9;4;0;4,0;0;0;7
2022_07_CHI_NE;NE;7;2022;46;2;42;3;27;2;4,0;32,0;4;1;11;4;0;0;0;33;2;0;4,0;0;0;-1
2025_12_MIN_GB;MIN;12;2025;39;2;36;5;12;0;1,0;4,0;5;0;0;4;0;0;0;23;0;0;1,0;0;0;1
2024_13_PHI_BAL;PHI;13;2024;45;1;25;5;25;2;3,0;31,0;6;0;0;4;0;0;0;19;0;0;3,0;0;0;4
2022_03_GB_TB;GB;3;2022;37;1;17;5;24;2;3,0;20,0;4;0;0;3;0;0;2;12;0;0;3,0;0;4;7
2024_07_LAC_ARI;ARI;7;2024;35;6;28;5;16;3;3,0;13,0;7;0;0;2;0;0;2;15;0;0;3,0;0;4;4
2022_04_CLE_ATL;ATL;4;2022;40;5;33;2;14;1;1,0;8,0;7;1;0;4;0;0;1;20;2;0;1,0;0;2;4
2023_15_SF_ARI;SF;15;2023;47;4;10;3;22;3;3,0;9,0;4;2;79;3;1;0;0;29;4;6;3,0;0;0;-1
2022_19_SEA_SF;SF;19;2022;47;3;17;5;17;1;3,0;25,0;2;1;6;1;0;0;1;23;2;0;3,0;0;2;1
2024_01_CAR_NO;NO;1;2024;30;3;23;4;28;1;4,0;26,0;5;2;2;6;0;0;1;10;4;0;4,0;0;2;7
2023_03_LAC_MIN;LAC;3;2023;47;5;13;5;23;1;4,0;22,0;14;1;0;8;0;0;1;24;2;0;4,0;0;2;1
2023_01_PHI_NE;NE;1;2023;32;5;29;3;17;1;3,0;16,0;4;0;0;4;0;0;1;25;0;0;3,0;0;2;1
2025_01_DET_GB;GB;1;2025;38;5;41;9;32;0;4,0;25,0;9;1;0;2;0;0;0;13;2;0;4,0;0;0;7
2022_06_WAS_CHI;WAS;6;2022;42;3;27;4;32;1;5,0;36,0;12;1;1;5;0;0;1;7;2;0;5,0;0;2;7
2024_12_MIN_CHI;MIN;12;2024;40;5;29;8;30;1;3,0;20,0;4;0;0;3;0;0;1;27;0;0;3,0;0;2;1
2022_10_HOU_NYG;NYG;10;2022;30;8;26;4;17;1;4,0;33,0;12;1;0;6;0;0;1;16;2;0;4,0;0;2;4
2023_17_ATL_CHI;CHI;17;2023;30;4;12;1;1;0;2,0;7,0;8;4;9;8;0;0;0;17;8;0;2,0;0;0;4
2022_15_IND_MIN;MIN;15;2022;43;10;44;2;12;2;3,0;12,0;7;0;0;3;0;0;1;36;0;0;3,0;0;2;-4
2024_08_NYJ_NE;NYJ;8;2024;31;10;30;5;17;1;2,0;19,0;4;0;0;3;0;0;0;25;0;0;2,0;0;0;1
2023_08_CHI_LAC;LAC;8;2023;32;9;21;2;12;0;1,0;10,0;2;2;14;7;0;0;0;13;4;0;1,0;0;0;7
2023_01_HOU_BAL;BAL;1;2023;38;8;34;4;41;1;5,0;46,0;10;0;0;4;0;0;1;9;0;0;5,0;0;2;7
2022_13_IND_DAL;DAL;13;2022;45;6;24;6;26;2;3,0;30,0;7;3;26;7;0;0;2;19;6;0;3,0;0;4;4
2025_17_SEA_CAR;SEA;17;2025;31;0;26;5;21;2;2,0;14,0;4;1;26;3;0;0;1;10;2;0;2,0;0;2;7
2024_16_DEN_LAC;DEN;16;2024;34;2;24;5;29;1;2,0;21,0;8;1;17;4;0;0;0;34;2;0;2,0;0;0;-1
2024_03_JAX_BUF;JAX;3;2024;31;4;34;4;5;0;0,0;0,0;1;0;0;3;0;0;0;47;0;0;0,0;0;0;-4
2025_06_LA_BAL;LA;6;2025;45;2;40;7;27;2;4,0;23,0;11;1;0;4;0;0;2;3;2;0;4,0;0;4;10
2022_18_BAL_CIN;BAL;18;2022;39;8;18;4;8;1;2,0;13,0;6;0;0;5;0;0;1;27;0;0;2,0;0;2;1
2025_09_BAL_MIA;MIA;9;2025;32;4;34;5;19;0;2,0;16,0;4;0;0;1;0;0;0;28;0;0;2,0;0;0;-1
2023_07_PIT_LA;LA;7;2023;25;10;30;3;21;1;2,0;16,0;7;0;0;2;0;0;0;24;0;0;2,0;0;0;1
2022_16_SEA_KC;KC;16;2022;41;5;37;6;21;0;2,0;15,0;7;1;0;5;0;0;0;10;2;0;2,0;0;0;7
2022_01_IND_HOU;IND;1;2022;42;7;11;5;19;1;3,0;18,0;5;0;0;2;0;0;1;20;0;0;3,0;0;2;4
2023_12_BAL_LAC;BAL;12;2023;37;6;20;5;18;3;3,0;24,0;9;1;0;7;0;0;3;10;2;0;3,0;0;6;7
2026_01_MIA_LV;LV;1;2026;25;3;35;7;25;2;5,0;35,0;11;1;0;6;0;0;1;13;2;0;5,0;0;2;7
2025_07_NYG_DEN;NYG;7;2025;41;2;26;5;19;0;2,0;14,0;5;0;0;8;0;0;0;33;0;0;2,0;0;0;-1
2025_10_NO_CAR;NO;10;2025;27;1;35;4;24;0;2,0;22,0;3;1;11;4;0;0;1;7;2;0;2,0;0;2;7
2025_14_NO_TB;TB;14;2025;37;1;21;6;28;0;3,0;23,0;4;1;19;4;0;0;0;24;2;0;3,0;0;0;1
2025_21_NE_DEN;NE;21;2025;35;0;24;4;34;1;3,0;31,0;7;1;0;3;0;0;1;7;2;0;3,0;0;2;7
2024_12_DET_IND;IND;12;2024;35;5;47;7;24;1;3,0;16,0;9;0;0;2;0;0;0;24;0;0;3,0;0;0;1
2023_03_PHI_TB;TB;3;2023;45;8;34;2;9;0;1,0;6,0;4;2;26;3;0;0;0;25;4;0;1,0;0;0;1
2024_21_WAS_PHI;PHI;21;2024;46;0;28;4;28;3;3,0;27,0;4;1;0;8;0;0;3;23;2;0;3,0;0;6;1
2023_08_CLE_SEA;SEA;8;2023;36;7;39;5;25;1;3,0;27,0;10;2;0;6;0;0;1;20;4;0;3,0;0;2;4
2024_03_DEN_TB;DEN;3;2024;31;6;28;5;31;1;7,0;31,0;9;1;37;3;0;0;1;7;2;0;7,0;0;2;7
2025_11_NYJ_NE;NE;11;2025;40;0;18;3;13;0;2,0;11,0;6;0;0;5;0;0;1;14;0;0;2,0;0;2;4
2024_01_JAX_MIA;MIA;1;2024;30;4;20;6;27;2;3,0;23,0;4;0;0;1;0;0;1;17;0;0;3,0;0;2;4
2022_03_LA_ARI;ARI;3;2022;29;4;18;3;13;1;1,0;10,0;5;0;0;0;0;0;1;20;0;0;1,0;0;2;4
2024_13_SEA_NYJ;NYJ;13;2024;39;0;14;7;45;2;3,0;31,0;6;0;0;3;0;0;2;26;0;0;3,0;0;4;1
2023_14_DET_CHI;CHI;14;2023;32;8;24;4;20;1;4,0;34,0;9;2;13;7;0;0;1;13;4;0;4,0;0;2;7
2023_16_NO_LA;NO;16;2023;30;13;37;3;7;0;1,0;3,0;3;0;0;3;0;0;0;30;0;0;1,0;0;0;-1
2023_13_KC_GB;KC;13;2023;37;10;20;2;14;0;2,0;14,0;4;0;0;0;0;0;0;27;0;0;2,0;0;0;1
2022_12_CIN_TEN;TEN;12;2022;35;5;19;4;15;0;1,0;4,0;4;0;0;6;0;0;0;20;0;0;1,0;0;0;4
2025_16_JAX_DEN;JAX;16;2025;40;0;16;3;13;0;1,0;8,0;5;1;0;7;0;0;1;20;2;0;1,0;0;2;4
2023_08_NE_MIA;MIA;8;2023;28;9;15;4;24;0;3,0;20,0;7;1;49;4;0;0;0;17;2;0;3,0;0;0;4
2025_08_SF_HOU;SF;8;2025;45;1;45;3;8;0;0,0;0,0;2;1;26;2;0;0;0;26;2;0;0,0;0;0;1
2025_02_TB_HOU;TB;2;2025;34;2;10;5;22;0;3,0;25,0;6;0;0;2;0;0;0;19;0;0;3,0;0;0;4
2022_12_LAC_ARI;ARI;12;2022;41;6;10;7;34;1;4,0;28,0;13;0;0;6;0;0;0;25;0;0;4,0;0;0;1
2022_06_JAX_IND;IND;6;2022;34;11;31;8;41;1;4,0;29,0;4;0;0;0;0;0;1;27;0;0;4,0;0;2;1
2022_18_NE_BUF;BUF;18;2022;41;9;13;1;9;1;1,0;9,0;4;3;45;7;0;0;0;23;6;0;1,0;0;0;1
2025_09_CHI_CIN;CHI;9;2025;38;1;27;4;23;1;3,0;21,0;5;2;6;7;0;0;1;42;4;0;3,0;0;2;-4
2024_09_LAC_CLE;LAC;9;2024;41;7;29;8;29;1;6,0;22,0;9;3;19;12;0;0;0;10;6;0;6,0;0;0;7
2025_12_CLE_LV;CLE;12;2025;41;4;44;13;72;2;10,0;77,0;20;0;0;5;0;0;1;10;0;0;10,0;0;2;7
2022_12_NE_MIN;NE;12;2022;39;11;29;5;20;0;1,0;9,0;4;1;55;4;0;0;0;33;2;0;1,0;0;0;-1
2023_05_PHI_LA;LA;5;2023;43;12;32;4;12;0;1,0;8,0;2;1;0;3;0;0;0;23;2;0;1,0;0;0;1
2023_15_MIN_CIN;CIN;15;2023;40;4;36;3;14;0;3,0;22,0;11;2;16;4;0;0;0;24;4;0;3,0;0;0;1
2025_17_HOU_LAC;LAC;17;2025;33;1;33;5;13;1;0,0;0,0;1;2;7;5;0;0;0;20;4;0;0,0;0;0;4
2023_10_CLE_BAL;CLE;10;2023;27;5;21;3;22;0;3,0;23,0;6;2;44;6;1;0;0;31;4;6;3,0;0;0;-1
2026_02_JAX_DEN;DEN;2;2026;36;1;23;5;22;0;2,0;16,0;7;1;3;7;0;0;0;13;2;0;2,0;0;0;7
2025_11_CIN_PIT;CIN;11;2025;33;2;36;3;13;0;1,0;11,0;4;0;0;3;0;0;0;34;0;0;1,0;0;0;-1
2023_01_TEN_NO;NO;1;2023;31;4;24;1;9;0;3,0;17,0;10;3;5;11;0;0;0;15;6;0;3,0;0;0;4
2024_15_TB_LAC;LAC;15;2024;46;1;31;4;10;1;1,0;5,0;2;1;18;3;0;0;1;40;2;0;1,0;0;2;-4
2024_18_BUF_NE;NE;18;2024;33;5;33;3;6;0;0,0;0,0;2;0;0;8;0;0;0;16;0;0;0,0;0;0;4
2023_08_BAL_ARI;ARI;8;2023;38;4;20;5;22;1;4,0;19,0;6;0;0;5;0;0;0;31;0;0;4,0;0;0;-1
2024_07_KC_SF;KC;7;2024;35;4;14;5;10;1;1,0;3,0;6;3;8;6;0;0;0;18;6;0;1,0;0;0;4
2024_13_TEN_WAS;WAS;13;2024;28;1;15;3;7;2;2,0;2,0;9;0;0;1;0;0;2;19;0;0;2,0;0;4;4
2025_07_LA_JAX;JAX;7;2025;35;2;18;1;1;0;0,0;0,0;4;0;0;4;0;0;0;35;0;0;0,0;0;0;-4
2022_04_LA_SF;LA;4;2022;24;8;22;2;3;1;0,0;0,0;1;0;0;3;0;0;0;24;0;0;0,0;0;0;1
2024_06_ARI_GB;ARI;6;2024;33;13;39;3;3;0;0,0;0,0;2;1;0;5;0;0;0;34;2;0;0,0;0;0;-1
2022_17_IND_NYG;IND;17;2022;41;6;16;3;7;1;0,0;0,0;2;0;0;2;0;0;1;38;0;0;0,0;0;2;-4
2022_11_CLE_BUF;BUF;11;2022;30;13;27;5;24;0;1,0;8,0;5;0;0;5;0;0;1;23;0;0;1,0;0;2;1
2025_15_MIA_PIT;PIT;15;2025;37;0;16;7;37;0;4,0;31,0;5;1;0;2;0;0;0;15;2;0;4,0;0;0;4
2022_04_JAX_PHI;PHI;4;2022;26;4;14;2;3;3;3,0;15,0;3;1;5;4;0;0;4;21;2;0;3,0;0;8;1
2023_10_SF_JAX;JAX;10;2023;34;5;29;3;11;0;2,0;9,0;7;0;0;4;0;0;0;34;0;0;2,0;0;0;-1
2025_10_NE_TB;NE;10;2025;30;1;43;6;23;0;2,0;15,0;5;0;0;5;0;0;0;23;0;0;2,0;0;0;1
2025_01_DAL_PHI;PHI;1;2025;32;2;26;3;8;1;0,0;0,0;1;0;0;6;0;0;1;20;0;0;0,0;0;2;4
2026_01_GB_MIN;MIN;1;2026;45;3;11;7;26;2;4,0;34,0;15;1;28;4;0;0;1;22;2;0;4,0;0;2;1
2023_19_LA_DET;LA;19;2023;31;2;28;4;27;1;3,0;22,0;6;0;0;0;0;0;0;24;0;0;3,0;0;0;1
