game_id;team;week;season;passing_2pt_conversions;rushing_2pt_conversions;player_id;fg_made;fg_missed;fg_att;fg_blocked;fg_made_0_19;fg_made_20_29;fg_made_30_39;fg_made_40_49;fg_made_50_59;fg_made_60_;fg_missed_0_19;fg_missed_20_29;fg_missed_30_39;fg_missed_40_49;fg_missed_50_59;fg_missed_60_;pat_att;pat_missed;pat_blocked;pat_pct;pat_made;gwfg_made;gwfg_att;ff_points_pat;ff_points_fg_0_39;ff_points_fg_40_49;ff_points_fg_50_;ff_points_total
2022_01_KC_ARI;ARI;1;2022;1;0;00-0023853;0;0;0;0;0;0;0;0;0;0;0;0;0;0;0;0;1;0;0;1,0;1;0;0;1;0;0;0;1
2022_01_NO_ATL;ATL;1;2022;0;0;00-0033702;4;0;5;1;0;1;0;1;2;0;0;0;0;0;0;0;2;0;0;1,0;2;0;1;2;3;4;10;19
2022_01_BAL_NYJ;BAL;1;2022;0;0;00-0029597;1;0;1;0;0;1;0;0;0;0;0;0;0;0;0;0;3;0;0;1,0;3;0;0;3;3;0;0;6
2022_01_BUF_LA;BUF;1;2022;0;0;00-0036162;1;0;1;0;0;0;0;1;0;0;0;0;0;0;0;0;4;0;0;1,0;4;0;0;4;0;4;0;8
2022_01_CLE_CAR;CAR;1;2022;0;0;00-0034173;1;0;1;0;0;0;1;0;0;0;0;0;0;0;0;0;3;0;0;1,0;3;0;0;3;3;0;0;6
2022_01_SF_CHI;CHI;1;2022;0;0;00-0031203;0;0;0;0;0;0;0;0;0;0;0;0;0;0;0;0;3;2;0;0,3333333333333333;1;0;0;1;0;0;0;1
2022_01_PIT_CIN;CIN;1;2022;1;0;00-0036854;2;1;3;0;0;1;0;0;1;0;0;1;0;0;0;0;1;0;1;0,0;0;0;0;0;3;0;5;8
2022_01_CLE_CAR;CLE;1;2022;0;0;00-0038097;4;0;4;0;0;1;2;0;1;0;0;0;0;0;0;0;2;0;0;1,0;2;1;1;2;9;0;5;16
2022_01_DEN_SEA;DEN;1;2022;0;0;00-0029822;3;1;4;0;0;1;1;1;0;0;0;0;0;0;0;1;1;0;0;1,0;1;0;1;1;6;4;0;11
2022_01_PHI_DET;DET;1;2022;0;0;00-0035145;0;0;0;0;0;0;0;0;0;0;0;0;0;0;0;0;5;0;0;1,0;5;0;0;5;0;0;0;5
2022_01_GB_MIN;GB;1;2022;0;0;00-0025580;0;0;0;0;0;0;0;0;0;0;0;0;0;0;0;0;1;0;0;1,0;1;0;0;1;0;0;0;1
2022_01_IND_HOU;HOU;1;2022;0;0;00-0032726;2;0;2;0;0;0;0;2;0;0;0;0;0;0;0;0;2;0;0;1,0;2;0;0;2;0;8;0;10
2022_01_IND_HOU;IND;1;2022;0;0;00-0035849;2;1;3;0;0;1;0;1;0;0;0;0;0;1;0;0;2;0;0;1,0;2;0;0;2;3;4;0;9
2022_01_JAX_WAS;JAX;1;2022;0;0;00-0036816;3;1;4;0;0;0;1;2;0;0;0;0;1;0;0;0;1;0;0;1,0;1;0;0;1;3;8;0;12
2022_01_KC_ARI;KC;1;2022;0;0;00-0033303;1;0;1;0;0;0;0;0;1;0;0;0;0;0;0;0;4;0;0;1,0;4;0;0;4;0;0;5;9
2022_01_KC_ARI;KC;1;2022;0;0;00-0034361;0;0;0;0;0;0;0;0;0;0;0;0;0;0;0;0;2;1;0;0,5;1;0;0;1;0;0;0;1
2022_01_BUF_LA;LA;1;2022;0;0;00-0035269;1;0;1;0;0;0;0;0;1;0;0;0;0;0;0;0;1;0;0;1,0;1;0;0;1;0;0;5;6
2022_01_LV_LAC;LAC;1;2022;0;0;00-0030098;1;1;2;0;0;0;0;1;0;0;0;0;0;1;0;0;3;0;0;1,0;3;0;0;3;0;4;0;7
2022_01_LV_LAC;LV;1;2022;0;0;00-0034161;2;0;2;0;0;1;0;0;1;0;0;0;0;0;0;0;1;0;0;1,0;1;0;0;1;3;0;5;9
2022_01_NE_MIA;MIA;1;2022;0;0;00-0034794;2;0;2;0;0;0;0;2;0;0;0;0;0;0;0;0;2;0;0;1,0;2;0;0;2;0;8;0;10
2022_01_GB_MIN;MIN;1;2022;0;0;00-0034450;3;0;3;0;0;2;0;0;1;0;0;0;0;0;0;0;2;0;0;1,0;2;0;0;2;6;0;5;13
2022_01_NE_MIA;NE;1;2022;0;0;00-0025565;0;0;0;0;0;0;0;0;0;0;0;0;0;0;0;0;1;0;0;1,0;1;0;0;1;0;0;0;1
2022_01_NO_ATL;NO;1;2022;1;0;00-0032569;2;1;3;0;0;0;0;1;1;0;0;0;0;1;0;0;1;0;0;1,0;1;1;1;1;0;4;5;10
2022_01_NYG_TEN;NYG;1;2022;1;0;00-0026858;0;0;0;0;0;0;0;0;0;0;0;0;0;0;0;0;1;0;0;1,0;1;0;0;1;0;0;0;1
2022_01_BAL_NYJ;NYJ;1;2022;0;0;00-0029621;1;1;2;0;0;0;0;1;0;0;0;0;0;1;0;0;1;1;0;0,0;0;0;0;0;0;4;0;4
2022_01_PHI_DET;PHI;1;2022;0;0;00-0033787;1;0;1;0;0;1;0;0;0;0;0;0;0;0;0;0;5;0;0;1,0;5;0;0;5;3;0;0;8
2022_01_PIT_CIN;PIT;1;2022;0;0;00-0031136;3;1;4;0;0;1;0;1;1;0;0;0;0;0;1;0;2;0;0;1,0;2;1;1;2;3;4;5;14
2022_01_DEN_SEA;SEA;1;2022;0;0;00-0031492;1;0;1;0;0;0;0;1;0;0;0;0;0;0;0;0;2;0;0;1,0;2;0;0;2;0;4;0;6
2022_01_SF_CHI;SF;1;2022;0;0;00-0023252;1;0;1;0;0;1;0;0;0;0;0;0;0;0;0;0;1;0;0;1,0;1;0;0;1;3;0;0;4
2022_01_TB_DAL;TB;1;2022;0;0;00-0026968;4;1;5;0;0;1;1;2;0;0;0;0;1;0;0;0;1;0;0;1,0;1;0;0;1;6;8;0;15
2022_01_NYG_TEN;TEN;1;2022;0;0;00-0029421;2;1;3;0;0;1;0;1;0;0;0;0;0;1;0;0;2;0;0;1,0;2;0;1;2;3;4;0;9
2022_01_JAX_WAS;WAS;1;2022;1;0;00-0035192;0;0;0;0;0;0;0;0;0;0;0;0;0;0;0;0;2;0;0;1,0;2;0;0;2;0;0;0;2
2022_02_ARI_LV;ARI;2;2022;1;1;00-0023853;0;0;0;0;0;0;0;0;0;0;0;0;0;0;0;0;1;0;0;1,0;1;0;0;1;0;0;0;1
2022_02_ATL_LA;ATL;2;2022;1;0;00-0033702;1;1;2;0;0;1;0;0;0;0;0;0;0;1;0;0;2;0;0;1,0;2;0;0;2;3;0;0;5
2022_02_MIA_BAL;BAL;2;2022;0;0;00-0029597;1;0;1;0;0;0;0;0;1;0;0;0;0;0;0;0;5;0;0;1,0;5;0;0;5;0;0;5;10
2022_02_TEN_BUF;BUF;2;2022;0;0;00-0036162;2;0;2;0;0;0;1;1;0;0;0;0;0;0;0;0;5;0;0;1,0;5;0;0;5;3;4;0;12
2022_02_CAR_NYG;CAR;2;2022;0;0;00-0034173;3;0;3;0;0;0;3;0;0;0;0;0;0;0;0;0;1;0;0;1,0;1;0;0;1;9;0;0;10
2022_02_CHI_GB;CHI;2;2022;0;0;00-0031203;1;0;1;0;0;0;0;1;0;0;0;0;0;0;0;0;1;0;0;1,0;1;0;0;1;0;4;0;5
2022_02_NYJ_CLE;CLE;2;2022;0;0;00-0038097;1;0;1;0;0;1;0;0;0;0;0;0;0;0;0;0;4;1;0;0,75;3;0;0;3;3;0;0;6
2022_02_CIN_DAL;DAL;2;2022;0;0;00-0030332;2;0;2;0;0;0;0;0;2;0;0;0;0;0;0;0;2;0;0;1,0;2;1;1;2;0;0;10;12
2022_02_HOU_DEN;DEN;2;2022;0;0;00-0029822;3;0;3;0;0;2;0;0;1;0;0;0;0;0;0;0;1;0;0;1,0;1;0;0;1;6;0;5;12
2022_02_WAS_DET;DET;2;2022;0;0;00-0035145;2;0;2;0;0;0;1;1;0;0;0;0;0;0;0;0;4;0;0;1,0;4;0;0;4;3;4;0;11
2022_02_CHI_GB;GB;2;2022;0;0;00-0025580;2;0;2;0;0;1;0;1;0;0;0;0;0;0;0;0;3;0;0;1,0;3;0;0;3;3;4;0;10
2022_02_IND_JAX;JAX;2;2022;0;0;00-0036816;1;0;1;0;0;0;0;0;1;0;0;0;0;0;0;0;3;0;0;1,0;3;0;0;3;0;0;5;8
2022_02_LAC_KC;KC;2;2022;0;0;00-0036469;2;0;2;0;1;0;1;0;0;0;0;0;0;0;0;0;3;0;0;1,0;3;0;0;3;6;0;0;9
2022_02_ATL_LA;LA;2;2022;0;0;00-0035269;1;0;1;0;0;1;0;0;0;0;0;0;0;0;0;0;4;0;0;1,0;4;0;0;4;3;0;0;7
2022_02_LAC_KC;LAC;2;2022;0;0;00-0030098;1;0;1;0;0;0;1;0;0;0;0;0;0;0;0;0;3;0;0;1,0;3;0;0;3;3;0;0;6
2022_02_ARI_LV;LV;2;2022;0;0;00-0034161;3;0;3;0;0;1;1;0;1;0;0;0;0;0;0;0;2;0;0;1,0;2;0;0;2;6;0;5;13
2022_02_MIA_BAL;MIA;2;2022;0;0;00-0034794;0;0;0;0;0;0;0;0;0;0;0;0;0;0;0;0;6;0;0;1,0;6;0;0;6;0;0;0;6
2022_02_MIN_PHI;MIN;2;2022;0;0;00-0034450;0;0;0;0;0;0;0;0;0;0;0;0;0;0;0;0;1;0;0;1,0;1;0;0;1;0;0;0;1
2022_02_NE_PIT;NE;2;2022;0;0;00-0025565;1;1;2;0;0;1;0;0;0;0;0;0;0;0;1;0;2;0;0;1,0;2;0;0;2;3;0;0;5
2022_02_TB_NO;NO;2;2022;0;0;00-0032569;1;0;1;0;0;0;1;0;0;0;0;0;0;0;0;0;1;0;0;1,0;1;0;0;1;3;0;0;4
2022_02_CAR_NYG;NYG;2;2022;0;0;00-0026858;4;0;4;0;0;0;2;0;2;0;0;0;0;0;0;0;1;0;0;1,0;1;0;0;1;6;0;10;17
2022_02_NYJ_CLE;NYJ;2;2022;0;0;00-0029621;1;0;1;0;0;0;0;0;1;0;0;0;0;0;0;0;4;0;0;1,0;4;0;0;4;0;0;5;9
2022_02_MIN_PHI;PHI;2;2022;0;0;00-0033787;1;0;2;1;0;0;1;0;0;0;0;0;0;0;0;0;3;0;0;1,0;3;0;0;3;3;0;0;6
2022_02_SEA_SF;SEA;2;2022;0;0;00-0031492;0;0;0;0;0;0;0;0;0;0;0;0;0;0;0;0;1;0;0;1,0;1;0;0;1;0;0;0;1
2022_02_SEA_SF;SF;2;2022;0;0;00-0023252;2;0;3;1;0;1;1;0;0;0;0;0;0;0;0;0;3;0;0;1,0;3;0;0;3;6;0;0;9
2022_02_TB_NO;TB;2;2022;0;0;00-0026968;2;0;2;0;0;0;0;2;0;0;0;0;0;0;0;0;2;0;0;1,0;2;0;0;2;0;8;0;10
2022_02_TEN_BUF;TEN;2;2022;0;0;00-0029421;0;0;0;0;0;0;0;0;0;0;0;0;0;0;0;0;1;0;0;1,0;1;0;0;1;0;0;0;1
2022_02_WAS_DET;WAS;2;2022;1;0;00-0035192;0;0;0;0;0;0;0;0;0;0;0;0;0;0;0;0;2;1;0;0,5;1;0;0;1;0;0;0;1
2022_03_ATL_SEA;ATL;3;2022;0;0;00-0033702;2;0;2;0;0;0;0;1;1;0;0;0;0;0;0;0;3;0;0;1,0;3;0;0;3;0;4;5;12
2022_03_BAL_NE;BAL;3;2022;0;0;00-0029597;1;0;1;0;0;0;0;0;1;0;0;0;0;0;0;0;5;1;0;0,8;4;0;0;4;0;0;5;9
2022_03_BUF_MIA;BUF;3;2022;0;0;00-0036162;1;0;2;1;0;0;1;0;0;0;0;0;0;0;0;0;2;0;0;1,0;2;0;0;2;3;0;0;5
2022_03_NO_CAR;CAR;3;2022;0;0;00-0034173;3;0;3;0;0;0;1;2;0;0;0;0;0;0;0;0;1;0;0;1,0;1;0;0;1;3;8;0;12
2022_03_HOU_CHI;CHI;3;2022;0;0;00-0031203;3;0;3;0;0;0;1;1;1;0;0;0;0;0;0;0;2;0;0;1,0;2;1;1;2;3;4;5;14
2022_03_CIN_NYJ;CIN;3;2022;0;0;00-0036854;2;1;3;0;0;1;0;1;0;0;0;0;0;1;0;0;3;0;0;1,0;3;0;0;3;3;4;0;10
2022_03_PIT_CLE;CLE;3;2022;0;0;00-0038097;1;0;1;0;0;0;1;0;0;0;0;0;0;0;0;0;3;1;0;0,6666666666666666;2;0;0;2;3;0;0;5
2022_03_DAL_NYG;DAL;3;2022;0;0;00-0030332;3;1;4;0;0;2;0;1;0;0;0;0;0;0;1;0;2;0;0;1,0;2;0;0;2;6;4;0;12
2022_03_DET_MIN;DET;3;2022;0;0;00-0035145;1;2;3;0;0;0;0;1;0;0;0;0;0;1;1;0;3;0;0;1,0;3;0;0;3;0;4;0;7
2022_03_GB_TB;GB;3;2022;0;0;00-0025580;0;0;0;0;0;0;0;0;0;0;0;0;0;0;0;0;2;0;0;1,0;2;0;0;2;0;0;0;2
2022_03_HOU_CHI;HOU;3;2022;0;0;00-0032726;2;0;2;0;0;1;1;0;0;0;0;0;0;0;0;0;2;0;0;1,0;2;0;0;2;6;0;0;8
2022_03_KC_IND;IND;3;2022;0;0;00-0035358;2;0;2;0;0;0;0;1;1;0;0;0;0;0;0;0;2;0;0;1,0;2;0;0;2;0;4;5;11
2022_03_JAX_LAC;JAX;3;2022;1;0;00-0036816;3;0;3;0;0;3;0;0;0;0;0;0;0;0;0;0;3;0;0;1,0;3;0;0;3;9;0;0;12
2022_03_KC_IND;KC;3;2022;1;0;00-0036469;1;1;2;0;0;1;0;0;0;0;0;0;1;0;0;0;1;1;0;0,0;0;0;0;0;3;0;0;3
2022_03_LA_ARI;LA;3;2022;0;0;00-0035269;2;0;2;0;0;1;0;1;0;0;0;0;0;0;0;0;2;0;0;1,0;2;0;0;2;3;4;0;9
2022_03_JAX_LAC;LAC;3;2022;0;0;00-0030098;1;0;1;0;0;1;0;0;0;0;0;0;0;0;0;0;1;0;0;1,0;1;0;0;1;3;0;0;4
2022_03_LV_TEN;LV;3;2022;0;0;00-0034161;3;0;3;0;0;1;2;0;0;0;0;0;0;0;0;0;1;0;0;1,0;1;0;0;1;9;0;0;10
2022_03_BUF_MIA;MIA;3;2022;0;0;00-0034794;0;0;0;0;0;0;0;0;0;0;0;0;0;0;0;0;3;0;0;1,0;3;0;0;3;0;0;0;3
2022_03_DET_MIN;MIN;3;2022;0;0;00-0034450;0;2;2;0;0;0;0;0;0;0;0;0;0;0;2;0;4;0;0;1,0;4;0;0;4;0;0;0;4
2022_03_BAL_NE;NE;3;2022;0;0;00-0025565;2;0;2;0;0;0;1;0;1;0;0;0;0;0;0;0;2;0;0;1,0;2;0;0;2;3;0;5;10
2022_03_NO_CAR;NO;3;2022;0;0;00-0032569;0;1;2;1;0;0;0;0;0;0;0;0;0;1;0;0;2;0;0;1,0;2;0;0;2;0;0;0;2
2022_03_DAL_NYG;NYG;3;2022;0;0;00-0026858;3;0;4;1;0;0;0;1;2;0;0;0;0;0;0;0;1;0;0;1,0;1;0;0;1;0;4;10;15
2022_03_PHI_WAS;PHI;3;2022;0;0;00-0033787;1;0;1;0;0;0;1;0;0;0;0;0;0;0;0;0;3;0;0;1,0;3;0;0;3;3;0;0;6
2022_03_PIT_CLE;PIT;3;2022;0;0;00-0031136;1;1;2;0;0;0;1;0;0;0;0;0;0;1;0;0;2;0;0;1,0;2;0;0;2;3;0;0;5
2022_03_ATL_SEA;SEA;3;2022;0;0;00-0031492;3;0;3;0;0;1;2;0;0;0;0;0;0;0;0;0;2;0;0;1,0;2;0;0;2;9;0;0;11
2022_03_SF_DEN;SF;3;2022;0;0;00-0023252;1;0;1;0;0;0;0;0;1;0;0;0;0;0;0;0;1;0;0;1,0;1;0;0;1;0;0;5;6
2022_03_LV_TEN;TEN;3;2022;0;0;00-0029421;1;0;1;0;0;0;0;1;0;0;0;0;0;0;0;0;3;0;0;1,0;3;0;0;3;0;4;0;7
2022_04_ARI_CAR;ARI;4;2022;0;0;00-0023853;2;0;2;0;0;0;2;0;0;0;0;0;0;0;0;0;2;0;0;1,0;2;0;0;2;6;0;0;8
2022_04_CLE_ATL;ATL;4;2022;0;0;00-0033702;3;0;3;0;0;1;1;1;0;0;0;0;0;0;0;0;2;0;0;1,0;2;0;0;2;6;4;0;12
2022_04_BUF_BAL;BAL;4;2022;0;0;00-0029597;2;0;2;0;0;0;0;1;1;0;0;0;0;0;0;0;2;0;0;1,0;2;0;0;2;0;4;5;11
2022_04_BUF_BAL;BUF;4;2022;0;0;00-0036162;3;0;3;0;0;1;2;0;0;0;0;0;0;0;0;0;2;0;0;1,0;2;1;1;2;9;0;0;11
2022_04_ARI_CAR;CAR;4;2022;0;0;00-0034173;1;0;1;0;0;0;0;0;1;0;0;0;0;0;0;0;1;0;0;1,0;1;0;0;1;0;0;5;6
2022_04_MIA_CIN;CIN;4;2022;0;0;00-0036854;2;0;2;0;1;0;0;0;1;0;0;0;0;0;0;0;3;0;0;1,0;3;0;0;3;3;0;5;11
2022_04_CLE_ATL;CLE;4;2022;0;0;00-0038097;2;0;2;0;0;1;0;1;0;0;0;0;0;0;0;0;2;0;0;1,0;2;0;0;2;3;4;0;9
2022_04_WAS_DAL;DAL;4;2022;0;0;00-0030332;4;0;4;0;0;2;0;1;1;0;0;0;0;0;0;0;2;0;1;0,5;1;0;0;1;6;4;5;16
2022_04_DEN_LV;DEN;4;2022;0;0;00-0029822;1;0;1;0;0;1;0;0;0;0;0;0;0;0;0;0;3;1;0;0,6666666666666666;2;0;0;2;3;0;0;5
2022_04_SEA_DET;DET;4;2022;1;1;00-0036168;1;0;1;0;0;0;0;1;0;0;0;0;0;0;0;0;4;2;0;0,5;2;0;0;2;0;4;0;6
2022_04_NE_GB;GB;4;2022;0;0;00-0025580;2;0;2;0;0;0;2;0;0;0;0;0;0;0;0;0;3;0;0;1,0;3;1;1;3;6;0;0;9
2022_04_LAC_HOU;HOU;4;2022;0;0;00-0032726;1;1;2;0;0;0;0;1;0;0;0;0;0;1;0;0;3;0;0;1,0;3;0;0;3;0;4;0;7
2022_04_TEN_IND;IND;4;2022;0;0;00-0035358;1;1;2;0;0;1;0;0;0;0;0;0;0;0;1;0;2;0;0;1,0;2;0;0;2;3;0;0;5
2022_04_JAX_PHI;JAX;4;2022;0;0;00-0036816;0;0;0;0;0;0;0;0;0;0;0;0;0;0;0;0;3;0;0;1,0;3;0;0;3;0;0;0;3
2022_04_KC_TB;KC;4;2022;0;0;00-0035189;2;0;2;0;0;0;1;1;0;0;0;0;0;0;0;0;5;0;0;1,0;5;0;0;5;3;4;0;12
2022_04_LAC_HOU;LAC;4;2022;0;0;00-0030098;2;0;2;0;0;1;1;0;0;0;0;0;0;0;0;0;4;0;0;1,0;4;0;0;4;6;0;0;10
2022_04_DEN_LV;LV;4;2022;0;0;00-0034161;4;0;4;0;0;2;2;0;0;0;0;0;0;0;0;0;3;1;0;0,6666666666666666;2;0;0;2;12;0;0;14
2022_04_MIA_CIN;MIA;4;2022;0;0;00-0034794;3;0;4;1;0;2;0;1;0;0;0;0;0;0;0;0;1;1;0;0,0;0;0;0;0;6;4;0;10
2022_04_MIN_NO;MIN;4;2022;0;0;00-0034450;5;0;5;0;0;2;1;2;0;0;0;0;0;0;0;0;2;1;0;0,5;1;1;1;1;9;8;0;18
2022_04_NE_GB;NE;4;2022;0;0;00-0025565;1;0;1;0;0;0;1;0;0;0;0;0;0;0;0;0;3;0;0;1,0;3;0;0;3;3;0;0;6
2022_04_MIN_NO;NO;4;2022;1;0;00-0032569;1;1;2;0;0;0;0;0;0;1;0;0;0;0;0;1;2;0;0;1,0;2;0;0;2;0;0;5;7
2022_04_CHI_NYG;NYG;4;2022;0;0;00-0026858;2;1;3;0;0;0;0;2;0;0;0;0;1;0;0;0;2;0;0;1,0;2;0;0;2;0;8;0;10
2022_04_NYJ_PIT;NYJ;4;2022;0;0;00-0029621;1;0;1;0;0;0;1;0;0;0;0;0;0;0;0;0;3;0;0;1,0;3;0;0;3;3;0;0;6
2022_04_JAX_PHI;PHI;4;2022;0;0;00-0033787;1;0;1;0;0;1;0;0;0;0;0;0;0;0;0;0;3;1;0;0,6666666666666666;2;0;0;2;3;0;0;5
2022_04_NYJ_PIT;PIT;4;2022;0;0;00-0031136;2;0;2;0;0;0;0;0;2;0;0;0;0;0;0;0;2;0;0;1,0;2;0;0;2;0;0;10;12
2022_04_SEA_DET;SEA;4;2022;0;0;00-0031492;2;1;3;0;0;1;0;0;1;0;0;0;1;0;0;0;6;0;0;1,0;6;0;0;6;3;0;5;14
2022_04_LA_SF;SF;4;2022;0;0;00-0023252;1;1;2;0;0;1;0;0;0;0;0;0;0;1;0;0;3;0;0;1,0;3;0;0;3;3;0;0;6
2022_04_KC_TB;TB;4;2022;0;0;00-0026968;1;0;1;0;0;0;0;1;0;0;0;0;0;0;0;0;4;0;0;1,0;4;0;0;4;0;4;0;8
2022_04_TEN_IND;TEN;4;2022;0;0;00-0029421;1;0;1;0;0;0;0;1;0;0;0;0;0;0;0;0;3;0;0;1,0;3;0;0;3;0;4;0;7
2022_04_WAS_DAL;WAS;4;2022;0;0;00-0035192;1;0;1;0;0;0;0;1;0;0;0;0;0;0;0;0;1;0;0;1,0;1;0;0;1;0;4;0;5
2022_05_PHI_ARI;ARI;5;2022;0;0;00-0036469;1;1;2;0;0;1;0;0;0;0;0;0;0;1;0;0;2;0;0;1,0;2;0;0;2;3;0;0;5
2022_05_ATL_TB;ATL;5;2022;1;0;00-0033702;0;1;1;0;0;0;0;0;0;0;0;0;0;0;1;0;1;0;0;1,0;1;0;0;1;0;0;0;1
2022_05_CIN_BAL;BAL;5;2022;0;0;00-0029597;4;0;4;0;0;1;1;1;1;0;0;0;0;0;0;0;1;0;0;1,0;1;1;1;1;6;4;5;16
2022_05_PIT_BUF;BUF;5;2022;0;0;00-0036162;1;0;2;1;0;0;1;0;0;0;0;0;0;0;0;0;5;0;0;1,0;5;0;0;5;3;0;0;8
2022_05_CHI_MIN;CHI;5;2022;0;0;00-0031203;3;0;3;0;0;0;0;1;2;0;0;0;0;0;0;0;1;0;0;1,0;1;0;0;1;0;4;10;15
2022_05_CIN_BAL;CIN;5;2022;0;0;00-0036854;1;0;1;0;0;0;0;1;0;0;0;0;0;0;0;0;2;0;0;1,0;2;0;0;2;0;4;0;6
2022_05_LAC_CLE;CLE;5;2022;0;0;00-0038097;0;2;2;0;0;0;0;0;0;0;0;0;0;1;1;0;4;0;0;1,0;4;0;1;4;0;0;0;4
2022_05_DAL_LA;DAL;5;2022;0;0;00-0030332;3;0;3;0;0;0;2;1;0;0;0;0;0;0;0;0;1;0;0;1,0;1;0;0;1;6;4;0;11
2022_05_NYG_GB;GB;5;2022;0;0;00-0025580;2;0;2;0;0;0;0;2;0;0;0;0;0;0;0;0;2;0;0;1,0;2;0;0;2;0;8;0;10
2022_05_HOU_JAX;HOU;5;2022;0;0;00-0032726;2;0;2;0;0;0;0;0;2;0;0;0;0;0;0;0;1;0;0;1,0;1;0;0;1;0;0;10;11
2022_05_LV_KC;KC;5;2022;0;0;00-0035189;1;1;2;0;0;0;0;0;1;0;0;0;0;1;0;0;3;0;0;1,0;3;0;0;3;0;0;5;8
2022_05_DAL_LA;LA;5;2022;0;0;00-0035269;1;1;2;0;0;1;0;0;0;0;0;0;0;0;1;0;1;0;0;1,0;1;0;0;1;3;0;0;4
2022_05_LAC_CLE;LAC;5;2022;0;0;00-0032669;3;0;3;0;0;3;0;0;0;0;0;0;0;0;0;0;3;0;0;1,0;3;0;0;3;9;0;0;12
2022_05_LV_KC;LV;5;2022;0;0;00-0034161;3;0;3;0;0;0;0;1;2;0;0;0;0;0;0;0;2;0;0;1,0;2;0;0;2;0;4;10;16
2022_05_MIA_NYJ;MIA;5;2022;0;0;00-0034794;1;1;2;0;0;0;0;1;0;0;0;0;0;0;1;0;2;0;0;1,0;2;0;0;2;0;4;0;6
2022_05_CHI_MIN;MIN;5;2022;1;0;00-0034450;0;1;2;1;0;0;0;0;0;0;0;0;0;0;1;0;3;0;0;1,0;3;0;0;3;0;0;0;3
2022_05_DET_NE;NE;5;2022;0;0;00-0025565;5;0;5;0;0;1;3;1;0;0;0;0;0;0;0;0;2;0;0;1,0;2;0;0;2;12;4;0;18
2022_05_SEA_NO;NO;5;2022;0;1;00-0032569;1;0;1;0;0;0;0;0;1;0;0;0;0;0;0;0;4;0;0;1,0;4;0;0;4;0;0;5;9
2022_05_NYG_GB;NYG;5;2022;0;0;00-0026858;2;0;2;0;0;0;1;1;0;0;0;0;0;0;0;0;3;0;0;1,0;3;0;0;3;3;4;0;10
2022_05_MIA_NYJ;NYJ;5;2022;0;0;00-0029621;1;0;1;0;0;0;1;0;0;0;0;0;0;0;0;0;5;0;0;1,0;5;0;0;5;3;0;0;8
2022_05_PHI_ARI;PHI;5;2022;0;0;00-0037224;2;0;2;0;0;1;0;1;0;0;0;0;0;0;0;0;2;0;0;1,0;2;0;0;2;3;4;0;9
2022_05_SEA_NO;SEA;5;2022;0;0;00-0031492;2;0;2;0;0;0;1;0;1;0;0;0;0;0;0;0;3;1;0;0,6666666666666666;2;0;0;2;3;0;5;10
2022_05_SF_CAR;SF;5;2022;0;0;00-0023252;1;0;2;1;0;0;0;1;0;0;0;0;0;0;0;0;3;0;0;1,0;3;0;0;3;0;4;0;7
2022_05_SF_CAR;SF;5;2022;0;0;00-0034941;0;0;0;0;0;0;0;0;0;0;0;0;0;0;0;0;2;1;0;0,5;1;0;0;1;0;0;0;1
2022_05_ATL_TB;TB;5;2022;1;0;00-0026968;2;0;2;0;0;1;0;1;0;0;0;0;0;0;0;0;1;0;0;1,0;1;0;0;1;3;4;0;8
2022_05_TEN_WAS;TEN;5;2022;0;0;00-0029421;0;0;0;0;0;0;0;0;0;0;0;0;0;0;0;0;3;0;0;1,0;3;0;0;3;0;0;0;3
2022_05_TEN_WAS;WAS;5;2022;0;0;00-0035192;1;0;1;0;0;0;0;0;1;0;0;0;0;0;0;0;2;0;0;1,0;2;0;0;2;0;0;5;7
2022_06_ARI_SEA;ARI;6;2022;0;0;00-0036469;1;0;1;0;0;1;0;0;0;0;0;0;0;0;0;0;1;1;0;0,0;0;0;0;0;3;0;0;3
2022_06_SF_ATL;ATL;6;2022;0;0;00-0033702;0;0;0;0;0;0;0;0;0;0;0;0;0;0;0;0;4;0;0;1,0;4;0;0;4;0;0;0;4
2022_06_BAL_NYG;BAL;6;2022;0;0;00-0029597;2;1;3;0;0;1;1;0;0;0;0;0;0;0;1;0;2;0;0;1,0;2;0;0;2;6;0;0;8
2022_06_BUF_KC;BUF;6;2022;0;0;00-0036162;1;0;1;0;0;0;1;0;0;0;0;0;0;0;0;0;3;0;0;1,0;3;0;0;3;3;0;0;6
2022_06_CAR_LA;CAR;6;2022;0;0;00-0034173;1;0;1;0;0;0;0;1;0;0;0;0;0;0;0;0;1;0;0;1,0;1;0;0;1;0;4;0;5
2022_06_WAS_CHI;CHI;6;2022;0;0;00-0031203;0;0;0;0;0;0;0;0;0;0;0;0;0;0;0;0;1;0;0;1,0;1;0;0;1;0;0;0;1
2022_06_CIN_NO;CIN;6;2022;0;0;00-0036854;1;0;1;0;0;0;0;0;1;0;0;0;0;0;0;0;3;0;0;1,0;3;0;0;3;0;0;5;8
2022_06_DAL_PHI;DAL;6;2022;0;0;00-0030332;1;1;2;0;0;0;1;0;0;0;0;0;0;0;1;0;2;0;0;1,0;2;0;0;2;3;0;0;5
2022_06_DEN_LAC;DEN;6;2022;0;0;00-0029822;3;0;3;0;0;1;0;1;1;0;0;0;0;0;0;0;1;0;0;1,0;1;0;0;1;3;4;5;13
2022_06_NYJ_GB;GB;6;2022;0;0;00-0025580;1;0;2;1;0;1;0;0;0;0;0;0;0;0;0;0;1;0;0;1,0;1;0;0;1;3;0;0;4
2022_06_JAX_IND;IND;6;2022;0;1;00-0035358;2;0;2;0;0;1;0;1;0;0;0;0;0;0;0;0;2;0;0;1,0;2;0;0;2;3;4;0;9
2022_06_JAX_IND;JAX;6;2022;0;0;00-0036816;0;0;0;0;0;0;0;0;0;0;0;0;0;0;0;0;3;0;0;1,0;3;0;0;3;0;0;0;3
2022_06_BUF_KC;KC;6;2022;0;0;00-0033303;2;1;3;0;0;0;0;1;0;1;0;0;0;0;1;0;2;0;0;1,0;2;0;0;2;0;4;5;11
2022_06_CAR_LA;LA;6;2022;0;0;00-0035269;1;0;1;0;0;1;0;0;0;0;0;0;0;0;0;0;3;0;0;1,0;3;0;0;3;3;0;0;6
2022_06_DEN_LAC;LAC;6;2022;0;0;00-0030098;4;0;4;0;0;0;4;0;0;0;0;0;0;0;0;0;1;0;0;1,0;1;1;1;1;12;0;0;13
2022_06_MIN_MIA;MIA;6;2022;0;0;00-0034794;1;1;2;0;0;0;0;1;0;0;0;0;0;0;1;0;1;0;0;1,0;1;0;0;1;0;4;0;5
2022_06_MIN_MIA;MIN;6;2022;1;0;00-0034450;1;0;1;0;0;0;1;0;0;0;0;0;0;0;0;0;2;1;0;0,5;1;0;0;1;3;0;0;4
2022_06_NE_CLE;NE;6;2022;0;0;00-0025565;1;1;2;0;1;0;0;0;0;0;0;0;0;1;0;0;5;0;0;1,0;5;0;0;5;3;0;0;8
2022_06_CIN_NO;NO;6;2022;0;0;00-0032569;4;0;4;0;0;0;4;0;0;0;0;0;0;0;0;0;2;0;0;1,0;2;0;0;2;12;0;0;14
2022_06_BAL_NYG;NYG;6;2022;0;0;00-0026858;1;0;1;0;0;0;1;0;0;0;0;0;0;0;0;0;3;0;0;1,0;3;0;0;3;3;0;0;6
2022_06_NYJ_GB;NYJ;6;2022;0;0;00-0029621;2;1;3;0;0;1;1;0;0;0;0;0;0;0;1;0;3;0;0;1,0;3;0;0;3;6;0;0;9
2022_06_DAL_PHI;PHI;6;2022;0;0;00-0033787;2;0;2;0;0;0;1;0;1;0;0;0;0;0;0;0;2;0;0;1,0;2;0;0;2;3;0;5;10
2022_06_TB_PIT;PIT;6;2022;0;0;00-0031136;2;0;2;0;0;1;0;0;1;0;0;0;0;0;0;0;2;0;0;1,0;2;0;0;2;3;0;5;10
2022_06_ARI_SEA;SEA;6;2022;0;0;00-0031492;4;0;4;0;0;1;3;0;0;0;0;0;0;0;0;0;1;0;0;1,0;1;0;0;1;12;0;0;13
2022_06_SF_ATL;SF;6;2022;0;0;00-0023252;0;0;0;0;0;0;0;0;0;0;0;0;0;0;0;0;2;0;0;1,0;2;0;0;2;0;0;0;2
2022_07_NO_ARI;ARI;7;2022;1;1;00-0035849;2;0;2;0;0;1;0;0;1;0;0;0;0;0;0;0;3;1;0;0,6666666666666666;2;0;0;2;3;0;5;10
2022_07_ATL_CIN;ATL;7;2022;0;0;00-0033702;1;0;1;0;0;0;0;1;0;0;0;0;0;0;0;0;2;0;0;1,0;2;0;0;2;0;4;0;6
2022_07_CLE_BAL;BAL;7;2022;0;0;00-0029597;3;0;3;0;0;0;2;0;1;0;0;0;0;0;0;0;2;0;0;1,0;2;0;0;2;6;0;5;13
2022_07_TB_CAR;CAR;7;2022;0;0;00-0034173;0;0;0;0;0;0;0;0;0;0;0;0;0;0;0;0;3;0;0;1,0;3;0;0;3;0;0;0;3
2022_07_CHI_NE;CHI;7;2022;0;0;00-0031203;4;0;4;0;0;1;1;1;1;0;0;0;0;0;0;0;3;0;0;1,0;3;0;0;3;6;4;5;18
2022_07_ATL_CIN;CIN;7;2022;0;0;00-0036854;0;0;0;0;0;0;0;0;0;0;0;0;0;0;0;0;5;0;0;1,0;5;0;0;5;0;0;0;5
2022_07_CLE_BAL;CLE;7;2022;0;0;00-0038097;2;0;3;1;0;0;1;1;0;0;0;0;0;0;0;0;2;0;0;1,0;2;0;0;2;3;4;0;9
2022_07_DET_DAL;DAL;7;2022;0;0;00-0030332;1;0;1;0;0;1;0;0;0;0;0;0;0;0;0;0;3;0;0;1,0;3;0;0;3;3;0;0;6
2022_07_NYJ_DEN;DEN;7;2022;0;0;00-0029822;1;1;2;0;0;0;0;1;0;0;0;0;0;0;1;0;1;1;0;0,0;0;0;0;0;0;4;0;4
2022_07_GB_WAS;GB;7;2022;0;0;00-0025580;0;0;0;0;0;0;0;0;0;0;0;0;0;0;0;0;3;0;0;1,0;3;0;0;3;0;0;0;3
2022_07_HOU_LV;HOU;7;2022;0;0;00-0032726;2;1;3;0;0;0;1;0;1;0;0;0;1;0;0;0;2;0;0;1,0;2;0;0;2;3;0;5;10
2022_07_IND_TEN;IND;7;2022;0;0;00-0035358;1;0;1;0;0;0;0;0;1;0;0;0;0;0;0;0;1;0;0;1,0;1;0;0;1;0;0;5;6
2022_07_NYG_JAX;JAX;7;2022;0;1;00-0036816;1;0;1;0;0;1;0;0;0;0;0;0;0;0;0;0;1;0;1;0,0;0;0;0;0;3;0;0;3
2022_07_KC_SF;KC;7;2022;0;0;00-0033303;0;1;1;0;0;0;0;0;0;0;0;0;1;0;0;0;6;0;0;1,0;6;0;0;6;0;0;0;6
2022_07_SEA_LAC;LAC;7;2022;0;0;00-0032669;0;0;0;0;0;0;0;0;0;0;0;0;0;0;0;0;3;0;0;1,0;3;0;0;3;0;0;0;3
2022_07_HOU_LV;LV;7;2022;0;0;00-0034161;1;0;1;0;0;0;0;0;1;0;0;0;0;0;0;0;5;0;0;1,0;5;0;0;5;0;0;5;10
2022_07_PIT_MIA;MIA;7;2022;0;0;00-0034794;3;0;3;0;0;1;0;2;0;0;0;0;0;0;0;0;1;0;0;1,0;1;0;0;1;3;8;0;12
2022_07_CHI_NE;NE;7;2022;0;0;00-0025565;0;0;0;0;0;0;0;0;0;0;0;0;0;0;0;0;2;0;0;1,0;2;0;0;2;0;0;0;2
2022_07_NO_ARI;NO;7;2022;0;0;00-0032569;2;0;2;0;0;1;0;1;0;0;0;0;0;0;0;0;4;0;0;1,0;4;0;0;4;3;4;0;11
2022_07_NYG_JAX;NYG;7;2022;0;0;00-0026858;3;0;3;0;0;0;3;0;0;0;0;0;0;0;0;0;2;0;0;1,0;2;0;0;2;9;0;0;11
2022_07_NYJ_DEN;NYJ;7;2022;0;0;00-0029621;3;0;3;0;0;0;1;2;0;0;0;0;0;0;0;0;1;0;0;1,0;1;0;0;1;3;8;0;12
2022_07_PIT_MIA;PIT;7;2022;0;0;00-0031136;1;0;1;0;0;0;0;1;0;0;0;0;0;0;0;0;1;0;0;1,0;1;0;0;1;0;4;0;5
2022_07_SEA_LAC;SEA;7;2022;0;0;00-0031492;3;0;3;0;0;0;1;1;1;0;0;0;0;0;0;0;4;0;0;1,0;4;0;0;4;3;4;5;16
2022_07_KC_SF;SF;7;2022;0;0;00-0023252;3;0;3;0;0;0;1;1;1;0;0;0;0;0;0;0;2;0;0;1,0;2;0;0;2;3;4;5;14
2022_07_IND_TEN;TEN;7;2022;0;0;00-0029421;4;0;4;0;0;2;1;1;0;0;0;0;0;0;0;0;1;0;0;1,0;1;0;0;1;9;4;0;14
2022_07_GB_WAS;WAS;7;2022;0;0;00-0035192;3;1;4;0;1;1;1;0;0;0;0;0;0;1;0;0;2;0;0;1,0;2;0;0;2;9;0;0;11
2022_08_ARI_MIN;ARI;8;2022;0;0;00-0023853;2;0;2;0;0;0;1;1;0;0;0;0;0;0;0;0;2;0;0;1,0;2;0;0;2;3;4;0;9
2022_08_CAR_ATL;ATL;8;2022;0;0;00-0033702;3;0;3;0;0;0;2;1;0;0;0;0;0;0;0;0;4;0;0;1,0;4;1;1;4;6;4;0;14
2022_08_BAL_TB;BAL;8;2022;0;0;00-0029597;2;0;3;1;0;1;1;0;0;0;0;0;0;0;0;0;3;0;0;1,0;3;0;0;3;6;0;0;9
2022_08_GB_BUF;BUF;8;2022;0;0;00-0036162;2;0;2;0;0;0;1;1;0;0;0;0;0;0;0;0;3;0;0;1,0;3;0;0;3;3;4;0;10
2022_08_CAR_ATL;CAR;8;2022;0;1;00-0034173;2;1;3;0;0;0;1;1;0;0;0;0;1;0;0;0;3;1;0;0,6666666666666666;2;0;0;2;3;4;0;9
2022_08_CHI_DAL;CHI;8;2022;0;0;00-0031203;1;0;1;0;0;0;1;0;0;0;0;0;0;0;0;0;2;0;0;1,0;2;0;0;2;3;0;0;5
2022_08_CIN_CLE;CIN;8;2022;0;0;00-0036854;0;1;1;0;0;0;0;0;0;0;0;0;0;1;0;0;2;1;0;0,5;1;0;0;1;0;0;0;1
2022_08_CIN_CLE;CLE;8;2022;0;1;00-0038097;1;0;2;1;0;0;0;0;1;0;0;0;0;0;0;0;3;0;0;1,0;3;0;0;3;0;0;5;8
2022_08_CHI_DAL;DAL;8;2022;0;0;00-0030332;0;0;0;0;0;0;0;0;0;0;0;0;0;0;0;0;7;0;0;1,0;7;0;0;7;0;0;0;7
2022_08_DEN_JAX;DEN;8;2022;0;0;00-0029822;0;0;0;0;0;0;0;0;0;0;0;0;0;0;0;0;3;0;0;1,0;3;0;0;3;0;0;0;3
2022_08_MIA_DET;DET;8;2022;0;0;00-0034084;2;0;2;0;0;1;0;1;0;0;0;0;0;0;0;0;3;0;0;1,0;3;0;0;3;3;4;0;10
2022_08_GB_BUF;GB;8;2022;0;0;00-0025580;1;1;2;0;0;0;1;0;0;0;0;0;0;0;1;0;2;0;0;1,0;2;0;0;2;3;0;0;5
2022_08_TEN_HOU;HOU;8;2022;0;0;00-0032726;1;0;1;0;0;0;0;1;0;0;0;0;0;0;0;0;1;0;0;1,0;1;0;0;1;0;4;0;5
2022_08_WAS_IND;IND;8;2022;0;0;00-0035358;3;0;3;0;0;1;1;1;0;0;0;0;0;0;0;0;1;0;0;1,0;1;0;0;1;6;4;0;11
2022_08_DEN_JAX;JAX;8;2022;0;0;00-0036816;1;0;1;0;0;0;1;0;0;0;0;0;0;0;0;0;2;0;0;1,0;2;0;0;2;3;0;0;5
2022_08_SF_LA;LA;8;2022;0;0;00-0035269;0;0;0;0;0;0;0;0;0;0;0;0;0;0;0;0;2;0;0;1,0;2;0;0;2;0;0;0;2
2022_08_MIA_DET;MIA;8;2022;0;0;00-0034794;1;0;1;0;0;0;0;1;0;0;0;0;0;0;0;0;4;0;0;1,0;4;0;0;4;0;4;0;8
2022_08_ARI_MIN;MIN;8;2022;0;0;00-0034450;0;0;1;1;0;0;0;0;0;0;0;0;0;0;0;0;5;1;0;0,8;4;0;0;4;0;0;0;4
2022_08_NE_NYJ;NE;8;2022;0;0;00-0025565;5;0;5;0;0;0;1;3;1;0;0;0;0;0;0;0;1;0;0;1,0;1;0;0;1;3;12;5;21
2022_08_LV_NO;NO;8;2022;0;0;00-0032569;1;1;2;0;0;0;1;0;0;0;0;0;1;0;0;0;3;0;0;1,0;3;0;0;3;3;0;0;6
2022_08_NYG_SEA;NYG;8;2022;0;0;00-0026858;2;0;2;0;0;0;1;1;0;0;0;0;0;0;0;0;1;0;0;1,0;1;0;0;1;3;4;0;8
2022_08_NE_NYJ;NYJ;8;2022;0;0;00-0029621;1;1;2;0;0;1;0;0;0;0;0;0;0;1;0;0;2;0;0;1,0;2;0;0;2;3;0;0;5
2022_08_PIT_PHI;PHI;8;2022;0;0;00-0033787;0;0;0;0;0;0;0;0;0;0;0;0;0;0;0;0;5;0;0;1,0;5;0;0;5;0;0;0;5
2022_08_PIT_PHI;PIT;8;2022;0;0;00-0037645;2;0;2;0;0;1;1;0;0;0;0;0;0;0;0;0;1;0;0;1,0;1;0;0;1;6;0;0;7
2022_08_NYG_SEA;SEA;8;2022;0;0;00-0031492;2;0;2;0;0;0;1;0;1;0;0;0;0;0;0;0;3;0;0;1,0;3;0;0;3;3;0;5;11
2022_08_SF_LA;SF;8;2022;0;0;00-0023252;1;0;1;0;0;1;0;0;0;0;0;0;0;0;0;0;4;0;0;1,0;4;0;0;4;3;0;0;7
2022_08_BAL_TB;TB;8;2022;0;0;00-0026968;3;0;3;0;0;1;2;0;0;0;0;0;0;0;0;0;1;0;0;1,0;1;0;0;1;9;0;0;10
2022_08_TEN_HOU;TEN;8;2022;0;0;00-0029421;1;1;2;0;0;1;0;0;0;0;0;0;0;1;0;0;2;0;0;1,0;2;0;0;2;3;0;0;5
2022_08_WAS_IND;WAS;8;2022;0;0;00-0035192;1;0;1;0;0;1;0;0;0;0;0;0;0;0;0;0;2;0;0;1,0;2;0;0;2;3;0;0;5
2022_09_SEA_ARI;ARI;9;2022;0;0;00-0023853;0;0;0;0;0;0;0;0;0;0;0;0;0;0;0;0;3;0;0;1,0;3;0;0;3;0;0;0;3
2022_09_LAC_ATL;ATL;9;2022;0;0;00-0033702;1;1;2;0;0;1;0;0;0;0;0;0;0;0;1;0;2;0;0;1,0;2;0;0;2;3;0;0;5
2022_09_BAL_NO;BAL;9;2022;0;0;00-0029597;2;0;2;0;0;0;1;1;0;0;0;0;0;0;0;0;3;0;0;1,0;3;0;0;3;3;4;0;10
2022_09_BUF_NYJ;BUF;9;2022;0;0;00-0036162;1;1;2;0;0;0;0;0;1;0;0;0;0;0;1;0;2;0;0;1,0;2;0;0;2;0;0;5;7
2022_09_CAR_CIN;CAR;9;2022;0;0;00-0034173;0;0;0;0;0;0;0;0;0;0;0;0;0;0;0;0;3;0;0;1,0;3;0;0;3;0;0;0;3
2022_09_MIA_CHI;CHI;9;2022;1;0;00-0031203;1;0;1;0;0;0;1;0;0;0;0;0;0;0;0;0;3;0;0;1,0;3;0;0;3;3;0;0;6
2022_09_CAR_CIN;CIN;9;2022;0;0;00-0036854;0;1;1;0;0;0;0;0;0;0;0;0;0;1;0;0;6;0;0;1,0;6;0;0;6;0;0;0;6
2022_09_GB_DET;DET;9;2022;0;1;00-0034084;0;0;0;0;0;0;0;0;0;0;0;0;0;0;0;0;1;0;0;1,0;1;0;0;1;0;0;0;1
2022_09_PHI_HOU;HOU;9;2022;0;0;00-0032726;1;0;1;0;0;0;1;0;0;0;0;0;0;0;0;0;2;0;0;1,0;2;0;0;2;3;0;0;5
2022_09_LV_JAX;JAX;9;2022;0;0;00-0036816;2;1;3;0;0;0;0;2;0;0;0;0;0;1;0;0;3;0;0;1,0;3;0;0;3;0;8;0;11
2022_09_TEN_KC;KC;9;2022;0;1;00-0033303;2;1;3;0;0;2;0;0;0;0;0;0;0;1;0;0;1;1;0;0,0;0;0;0;0;6;0;0;6
2022_09_LA_TB;LA;9;2022;0;0;00-0035269;2;0;2;0;0;1;1;0;0;0;0;0;0;0;0;0;1;0;0;1,0;1;0;0;1;6;0;0;7
2022_09_LAC_ATL;LAC;9;2022;0;0;00-0037224;2;0;2;0;0;0;2;0;0;0;0;0;0;0;0;0;2;0;0;1,0;2;1;1;2;6;0;0;8
2022_09_LV_JAX;LV;9;2022;0;0;00-0034161;2;0;2;0;0;0;2;0;0;0;0;0;0;0;0;0;2;0;0;1,0;2;0;0;2;6;0;0;8
2022_09_MIA_CHI;MIA;9;2022;0;0;00-0034794;0;1;1;0;0;0;0;0;0;0;0;1;0;0;0;0;5;0;0;1,0;5;0;0;5;0;0;0;5
2022_09_MIN_WAS;MIN;9;2022;0;0;00-0034450;2;0;2;0;0;2;0;0;0;0;0;0;0;0;0;0;2;0;0;1,0;2;1;1;2;6;0;0;8
2022_09_IND_NE;NE;9;2022;0;0;00-0025565;4;0;4;0;0;1;0;3;0;0;0;0;0;0;0;0;2;0;0;1,0;2;0;0;2;3;12;0;17
2022_09_BAL_NO;NO;9;2022;0;0;00-0032569;2;0;2;0;0;0;2;0;0;0;0;0;0;0;0;0;1;0;0;1,0;1;0;0;1;6;0;0;7
2022_09_BUF_NYJ;NYJ;9;2022;0;0;00-0029621;2;0;2;0;0;1;0;0;1;0;0;0;0;0;0;0;2;0;0;1,0;2;0;0;2;3;0;5;10
2022_09_PHI_HOU;PHI;9;2022;0;1;00-0033787;0;1;1;0;0;0;0;0;0;0;0;0;0;0;1;0;3;0;0;1,0;3;0;0;3;0;0;0;3
2022_09_SEA_ARI;SEA;9;2022;0;0;00-0031492;1;0;1;0;0;0;0;1;0;0;0;0;0;0;0;0;4;0;0;1,0;4;0;0;4;0;4;0;8
2022_09_LA_TB;TB;9;2022;0;0;00-0026968;3;0;4;1;0;1;1;0;1;0;0;0;0;0;0;0;1;0;0;1,0;1;0;0;1;6;0;5;12
2022_09_TEN_KC;TEN;9;2022;0;0;00-0029421;1;0;1;0;0;0;0;1;0;0;0;0;0;0;0;0;2;0;0;1,0;2;0;0;2;0;4;0;6
2022_09_MIN_WAS;WAS;9;2022;0;0;00-0035192;1;0;1;0;0;0;0;1;0;0;0;0;0;0;0;0;2;0;0;1,0;2;0;0;2;0;4;0;6
2022_10_ARI_LA;ARI;10;2022;0;0;00-0034909;2;0;2;0;0;0;1;1;0;0;0;0;0;0;0;0;3;0;0;1,0;3;0;0;3;3;4;0;10
2022_10_ATL_CAR;ATL;10;2022;0;0;00-0033702;1;0;1;0;0;0;1;0;0;0;0;0;0;0;0;0;2;1;1;0,0;0;0;0;0;3;0;0;3
2022_10_MIN_BUF;BUF;10;2022;0;0;00-0036162;3;0;3;0;0;1;1;1;0;0;0;0;0;0;0;0;3;0;0;1,0;3;0;0;3;6;4;0;13
2022_10_ATL_CAR;CAR;10;2022;0;0;00-0034173;4;0;4;0;0;0;1;3;0;0;0;0;0;0;0;0;2;1;0;0,5;1;0;0;1;3;12;0;16
2022_10_DET_CHI;CHI;10;2022;0;0;00-0031203;1;0;1;0;0;0;1;0;0;0;0;0;0;0;0;0;4;1;0;0,75;3;0;0;3;3;0;0;6
2022_10_CLE_MIA;CLE;10;2022;0;0;00-0038097;1;0;1;0;0;0;1;0;0;0;0;0;0;0;0;0;2;0;0;1,0;2;0;0;2;3;0;0;5
2022_10_DAL_GB;DAL;10;2022;0;0;00-0030332;0;0;0;0;0;0;0;0;0;0;0;0;0;0;0;0;4;0;0;1,0;4;0;0;4;0;0;0;4
2022_10_DEN_TEN;DEN;10;2022;0;0;00-0029822;1;0;1;0;0;0;1;0;0;0;0;0;0;0;0;0;1;0;0;1,0;1;0;0;1;3;0;0;4
2022_10_DET_CHI;DET;10;2022;0;0;00-0034084;1;0;1;0;0;1;0;0;0;0;0;0;0;0;0;0;4;0;0;1,0;4;0;0;4;3;0;0;7
2022_10_DAL_GB;GB;10;2022;0;0;00-0025580;1;1;2;0;0;1;0;0;0;0;0;0;0;0;1;0;4;0;0;1,0;4;1;1;4;3;0;0;7
2022_10_HOU_NYG;HOU;10;2022;0;0;00-0032726;3;0;3;0;0;0;2;1;0;0;0;0;0;0;0;0;1;0;0;1,0;1;0;0;1;6;4;0;11
2022_10_IND_LV;IND;10;2022;0;0;00-0035358;2;1;3;0;0;0;0;2;0;0;0;0;0;1;0;0;1;0;0;1,0;1;0;0;1;0;8;0;9
2022_10_JAX_KC;JAX;10;2022;0;0;00-0036816;1;2;3;0;0;0;1;0;0;0;0;0;0;1;1;0;2;0;0;1,0;2;0;0;2;3;0;0;5
2022_10_JAX_KC;KC;10;2022;0;0;00-0033303;0;0;0;0;0;0;0;0;0;0;0;0;0;0;0;0;4;1;0;0,75;3;0;0;3;0;0;0;3
2022_10_ARI_LA;LA;10;2022;0;0;00-0035269;1;0;1;0;0;0;1;0;0;0;0;0;0;0;0;0;2;0;0;1,0;2;0;0;2;3;0;0;5
2022_10_LAC_SF;LAC;10;2022;0;0;00-0037224;3;0;3;0;0;1;0;2;0;0;0;0;0;0;0;0;1;0;0;1,0;1;0;0;1;3;8;0;12
2022_10_IND_LV;LV;10;2022;0;0;00-0034161;0;0;0;0;0;0;0;0;0;0;0;0;0;0;0;0;2;0;0;1,0;2;0;0;2;0;0;0;2
2022_10_CLE_MIA;MIA;10;2022;0;0;00-0034794;2;0;2;0;0;0;2;0;0;0;0;0;0;0;0;0;5;2;0;0,6;3;0;0;3;6;0;0;9
2022_10_MIN_BUF;MIN;10;2022;0;0;00-0034450;2;0;2;0;0;1;1;0;0;0;0;0;0;0;0;0;4;1;0;0,75;3;1;1;3;6;0;0;9
2022_10_NO_PIT;NO;10;2022;0;0;00-0032569;1;0;1;0;0;0;0;1;0;0;0;0;0;0;0;0;1;0;0;1,0;1;0;0;1;0;4;0;5
2022_10_HOU_NYG;NYG;10;2022;0;0;00-0026858;1;0;1;0;0;0;0;1;0;0;0;0;0;0;0;0;3;0;0;1,0;3;0;0;3;0;4;0;7
2022_10_WAS_PHI;PHI;10;2022;0;0;00-0033787;0;0;0;0;0;0;0;0;0;0;0;0;0;0;0;0;3;0;0;1,0;3;0;0;3;0;0;0;3
2022_10_NO_PIT;PIT;10;2022;0;0;00-0035189;2;2;4;0;0;0;2;0;0;0;0;0;1;1;0;0;2;0;0;1,0;2;0;0;2;6;0;0;8
2022_10_SEA_TB;SEA;10;2022;0;0;00-0031492;1;0;1;0;0;0;0;0;1;0;0;0;0;0;0;0;1;0;0;1,0;1;0;0;1;0;0;5;6
2022_10_LAC_SF;SF;10;2022;0;0;00-0023252;3;0;3;0;0;3;0;0;0;0;0;0;0;0;0;0;2;1;0;0,5;1;0;0;1;9;0;0;10
2022_10_SEA_TB;TB;10;2022;0;0;00-0026968;0;1;1;0;0;0;0;0;0;0;0;0;0;0;1;0;3;0;0;1,0;3;0;0;3;0;0;0;3
2022_10_DEN_TEN;TEN;10;2022;0;0;00-0029421;1;0;1;0;0;0;1;0;0;0;0;0;0;0;0;0;2;0;0;1,0;2;0;0;2;3;0;0;5
2022_10_WAS_PHI;WAS;10;2022;0;0;00-0035192;4;0;4;0;0;0;1;1;2;0;0;0;0;0;0;0;2;0;0;1,0;2;0;0;2;3;4;10;19
2022_11_SF_ARI;ARI;11;2022;0;0;00-0023853;1;0;1;0;0;0;0;1;0;0;0;0;0;0;0;0;1;0;0;1,0;1;0;0;1;0;4;0;5
2022_11_CHI_ATL;ATL;11;2022;0;0;00-0033702;2;0;2;0;0;0;0;1;1;0;0;0;0;0;0;0;3;0;0;1,0;3;0;0;3;0;4;5;12
2022_11_CAR_BAL;BAL;11;2022;0;0;00-0029597;2;0;2;0;0;0;2;0;0;0;0;0;0;0;0;0;1;0;0;1,0;1;0;0;1;6;0;0;7
2022_11_CLE_BUF;BUF;11;2022;0;0;00-0036162;6;0;6;0;0;1;2;2;1;0;0;0;0;0;0;0;1;0;0;1,0;1;0;0;1;9;8;5;23
2022_11_CHI_ATL;CHI;11;2022;0;0;00-0031203;1;1;2;0;0;0;0;1;0;0;0;0;0;0;1;0;3;0;0;1,0;3;0;0;3;0;4;0;7
2022_11_CIN_PIT;CIN;11;2022;0;0;00-0036854;3;0;3;0;0;0;0;2;1;0;0;0;0;0;0;0;4;0;0;1,0;4;0;0;4;0;8;5;17
2022_11_CLE_BUF;CLE;11;2022;0;0;00-0038097;1;0;2;1;0;0;1;0;0;0;0;0;0;0;0;0;2;0;0;1,0;2;0;0;2;3;0;0;5
2022_11_DAL_MIN;DAL;11;2022;0;0;00-0030332;4;0;4;0;0;1;0;0;2;1;0;0;0;0;0;0;4;0;0;1,0;4;0;0;4;3;0;15;22
2022_11_LV_DEN;DEN;11;2022;0;0;00-0029822;3;0;4;1;0;0;0;2;1;0;0;0;0;0;0;0;1;0;0;1,0;1;0;0;1;0;8;5;14
2022_11_DET_NYG;DET;11;2022;0;0;00-0034084;1;0;1;0;0;1;0;0;0;0;0;0;0;0;0;0;4;0;0;1,0;4;0;0;4;3;0;0;7
2022_11_TEN_GB;GB;11;2022;1;0;00-0025580;1;0;1;0;0;0;1;0;0;0;0;0;0;0;0;0;1;0;1;0,0;0;0;0;0;3;0;0;3
2022_11_WAS_HOU;HOU;11;2022;0;0;00-0032726;1;0;1;0;0;1;0;0;0;0;0;0;0;0;0;0;1;0;0;1,0;1;0;0;1;3;0;0;4
2022_11_PHI_IND;IND;11;2022;0;0;00-0035358;3;1;4;0;0;0;2;0;1;0;0;0;0;0;1;0;1;0;0;1,0;1;0;0;1;6;0;5;12
2022_11_KC_LAC;KC;11;2022;0;0;00-0033303;3;0;3;0;0;0;2;0;1;0;0;0;0;0;0;0;3;0;0;1,0;3;0;0;3;6;0;5;14
2022_11_LA_NO;LA;11;2022;0;0;00-0035269;2;0;2;0;0;0;1;0;1;0;0;0;0;0;0;0;2;0;0;1,0;2;0;0;2;3;0;5;10
2022_11_KC_LAC;LAC;11;2022;0;0;00-0037224;2;0;2;0;0;1;0;1;0;0;0;0;0;0;0;0;3;0;0;1,0;3;0;0;3;3;4;0;10
2022_11_LV_DEN;LV;11;2022;0;0;00-0034161;3;1;4;0;0;1;0;0;2;0;0;0;0;1;0;0;1;0;0;1,0;1;0;0;1;3;0;10;14
2022_11_NYJ_NE;NE;11;2022;0;0;00-0025565;1;2;3;0;0;1;0;0;0;0;0;0;0;2;0;0;1;0;0;1,0;1;0;0;1;3;0;0;4
2022_11_LA_NO;NO;11;2022;0;0;00-0032569;2;0;2;0;0;1;0;1;0;0;0;0;0;0;0;0;3;0;0;1,0;3;0;0;3;3;4;0;10
2022_11_DET_NYG;NYG;11;2022;0;0;00-0026858;0;0;0;0;0;0;0;0;0;0;0;0;0;0;0;0;2;1;1;0,0;0;0;0;0;0;0;0;0
2022_11_PHI_IND;PHI;11;2022;0;0;00-0033787;1;0;1;0;0;1;0;0;0;0;0;0;0;0;0;0;2;0;0;1,0;2;0;0;2;3;0;0;5
2022_11_CIN_PIT;PIT;11;2022;0;0;00-0035189;3;0;3;0;0;0;2;1;0;0;0;0;0;0;0;0;3;0;0;1,0;3;0;0;3;6;4;0;13
2022_11_SF_ARI;SF;11;2022;0;0;00-0023252;1;0;1;0;0;0;1;0;0;0;0;0;0;0;0;0;5;0;0;1,0;5;0;0;5;3;0;0;8
2022_11_TEN_GB;TEN;11;2022;0;0;00-0032087;0;0;0;0;0;0;0;0;0;0;0;0;0;0;0;0;4;1;0;0,75;3;0;0;3;0;0;0;3
2022_11_WAS_HOU;WAS;11;2022;0;0;00-0035192;3;0;3;0;0;2;0;1;0;0;0;0;0;0;0;0;2;0;0;1,0;2;0;0;2;6;4;0;12
2022_12_LAC_ARI;ARI;12;2022;0;0;00-0023853;1;1;2;0;0;0;0;1;0;0;0;0;0;1;0;0;3;0;0;1,0;3;0;0;3;0;4;0;7
2022_12_ATL_WAS;ATL;12;2022;0;0;00-0033702;2;1;3;0;0;0;0;2;0;0;0;0;0;0;1;0;1;0;0;1,0;1;0;0;1;0;8;0;9
2022_12_BAL_JAX;BAL;12;2022;1;0;00-0029597;4;1;5;0;0;3;0;0;1;0;0;0;0;0;0;1;1;0;0;1,0;1;0;1;1;9;0;5;15
2022_12_BUF_DET;BUF;12;2022;0;0;00-0036162;2;0;2;0;0;0;0;2;0;0;0;0;0;0;0;0;3;1;0;0,6666666666666666;2;1;1;2;0;8;0;10
2022_12_DEN_CAR;CAR;12;2022;0;0;00-0034173;3;0;3;0;0;1;1;1;0;0;0;0;0;0;0;0;2;0;0;1,0;2;0;0;2;6;4;0;12
2022_12_CHI_NYJ;CHI;12;2022;0;0;00-0031203;1;0;1;0;0;1;0;0;0;0;0;0;0;0;0;0;1;0;0;1,0;1;0;0;1;3;0;0;4
2022_12_CIN_TEN;CIN;12;2022;0;0;00-0036854;2;0;2;0;0;0;1;1;0;0;0;0;0;0;0;0;2;0;0;1,0;2;0;0;2;3;4;0;9
2022_12_TB_CLE;CLE;12;2022;0;0;00-0038097;1;1;2;0;0;0;0;0;1;0;0;0;1;0;0;0;2;0;0;1,0;2;0;0;2;0;0;5;7
2022_12_NYG_DAL;DAL;12;2022;0;0;00-0030332;0;1;1;0;0;0;0;0;0;0;0;0;0;1;0;0;4;0;0;1,0;4;0;0;4;0;0;0;4
2022_12_DEN_CAR;DEN;12;2022;0;0;00-0029822;1;1;2;0;0;1;0;0;0;0;0;0;0;0;1;0;1;0;0;1,0;1;0;0;1;3;0;0;4
2022_12_BUF_DET;DET;12;2022;0;1;00-0034084;1;1;2;0;0;0;0;0;1;0;0;1;0;0;0;0;2;0;0;1,0;2;0;0;2;0;0;5;7
2022_12_GB_PHI;GB;12;2022;0;0;00-0025580;2;0;2;0;0;1;1;0;0;0;0;0;0;0;0;0;4;1;0;0,75;3;0;0;3;6;0;0;9
2022_12_PIT_IND;IND;12;2022;0;0;00-0035358;1;0;2;1;0;0;0;0;1;0;0;0;0;0;0;0;2;0;0;1,0;2;0;0;2;0;0;5;7
2022_12_BAL_JAX;JAX;12;2022;1;0;00-0036816;2;0;2;0;0;2;0;0;0;0;0;0;0;0;0;0;2;0;0;1,0;2;0;0;2;6;0;0;8
2022_12_LA_KC;KC;12;2022;0;0;00-0033303;4;0;4;0;0;3;1;0;0;0;0;0;0;0;0;0;2;0;0;1,0;2;0;0;2;12;0;0;14
2022_12_LA_KC;LA;12;2022;0;0;00-0035269;1;0;1;0;0;0;0;1;0;0;0;0;0;0;0;0;1;0;0;1,0;1;0;0;1;0;4;0;5
2022_12_LAC_ARI;LAC;12;2022;1;0;00-0037224;1;0;1;0;0;1;0;0;0;0;0;0;0;0;0;0;2;0;0;1,0;2;0;0;2;3;0;0;5
2022_12_LV_SEA;LV;12;2022;0;0;00-0034161;2;1;3;0;0;1;1;0;0;0;0;0;0;0;1;0;4;0;0;1,0;4;0;0;4;6;0;0;10
2022_12_HOU_MIA;MIA;12;2022;0;0;00-0034794;3;0;3;0;0;1;1;1;0;0;0;0;0;0;0;0;3;0;0;1,0;3;0;0;3;6;4;0;13
2022_12_NE_MIN;MIN;12;2022;0;0;00-0034450;2;0;2;0;0;0;2;0;0;0;0;0;0;0;0;0;4;1;0;0,75;3;0;0;3;6;0;0;9
2022_12_NE_MIN;NE;12;2022;0;0;00-0025565;4;0;4;0;0;2;1;1;0;0;0;0;0;0;0;0;2;0;0;1,0;2;0;0;2;9;4;0;15
2022_12_NYG_DAL;NYG;12;2022;0;0;00-0026858;2;0;2;0;0;0;0;1;1;0;0;0;0;0;0;0;2;0;0;1,0;2;0;0;2;0;4;5;11
2022_12_CHI_NYJ;NYJ;12;2022;0;0;00-0029621;1;1;2;0;0;0;0;0;1;0;0;0;0;0;1;0;4;0;0;1,0;4;0;0;4;0;0;5;9
2022_12_GB_PHI;PHI;12;2022;0;0;00-0033787;2;0;2;0;0;0;1;0;1;0;0;0;0;0;0;0;5;1;0;0,8;4;0;0;4;3;0;5;12
2022_12_PIT_IND;PIT;12;2022;1;0;00-0035189;3;0;3;0;0;1;0;1;1;0;0;0;0;0;0;0;1;0;0;1,0;1;0;0;1;3;4;5;13
2022_12_LV_SEA;SEA;12;2022;0;0;00-0031492;2;0;2;0;0;1;1;0;0;0;0;0;0;0;0;0;4;0;0;1,0;4;0;0;4;6;0;0;10
2022_12_NO_SF;SF;12;2022;0;0;00-0023252;2;0;2;0;0;1;0;1;0;0;0;0;0;0;0;0;1;0;0;1,0;1;0;0;1;3;4;0;8
2022_12_TB_CLE;TB;12;2022;0;0;00-0026968;1;0;1;0;0;0;0;1;0;0;0;0;0;0;0;0;2;0;0;1,0;2;0;0;2;0;4;0;6
2022_12_CIN_TEN;TEN;12;2022;0;0;00-0037606;3;1;4;0;0;1;2;0;0;0;0;0;1;0;0;0;1;0;0;1,0;1;0;0;1;9;0;0;10
2022_12_ATL_WAS;WAS;12;2022;0;0;00-0035192;2;0;2;0;0;0;1;1;0;0;0;0;0;0;0;0;2;1;0;0,5;1;0;0;1;3;4;0;8
2022_13_PIT_ATL;ATL;13;2022;0;0;00-0033702;3;0;3;0;0;1;0;0;2;0;0;0;0;0;0;0;1;0;0;1,0;1;0;0;1;3;0;10;14
2022_13_DEN_BAL;BAL;13;2022;0;0;00-0029597;1;0;1;0;0;1;0;0;0;0;0;0;0;0;0;0;1;0;0;1,0;1;0;0;1;3;0;0;4
2022_13_BUF_NE;BUF;13;2022;0;0;00-0036162;1;0;1;0;0;0;0;1;0;0;0;0;0;0;0;0;3;0;0;1,0;3;0;0;3;0;4;0;7
2022_13_GB_CHI;CHI;13;2022;0;0;00-0031203;2;0;3;1;0;1;0;1;0;0;0;0;0;0;0;0;2;1;0;0,5;1;0;0;1;3;4;0;8
2022_13_KC_CIN;CIN;13;2022;0;0;00-0036854;2;0;2;0;0;0;1;1;0;0;0;0;0;0;0;0;3;0;0;1,0;3;0;0;3;3;4;0;10
2022_13_CLE_HOU;CLE;13;2022;0;0;00-0038097;2;0;2;0;0;0;0;2;0;0;0;0;0;0;0;0;3;0;0;1,0;3;0;0;3;0;8;0;11
2022_13_IND_DAL;DAL;13;2022;0;0;00-0030332;0;0;0;0;0;0;0;0;0;0;0;0;0;0;0;0;7;0;1;0,8571428571428571;6;0;0;6;0;0;0;6
2022_13_JAX_DET;DET;13;2022;0;0;00-0034084;4;0;4;0;0;0;1;3;0;0;0;0;0;0;0;0;4;0;0;1,0;4;0;0;4;3;12;0;19
2022_13_GB_CHI;GB;13;2022;1;0;00-0025580;2;0;2;0;0;1;1;0;0;0;0;0;0;0;0;0;2;0;0;1,0;2;0;0;2;6;0;0;8
2022_13_IND_DAL;IND;13;2022;0;0;00-0035358;2;0;2;0;0;0;1;0;1;0;0;0;0;0;0;0;1;0;0;1,0;1;0;0;1;3;0;5;9
2022_13_KC_CIN;KC;13;2022;0;0;00-0033303;1;1;2;0;0;1;0;0;0;0;0;0;0;0;1;0;3;0;0;1,0;3;0;0;3;3;0;0;6
2022_13_SEA_LA;LA;13;2022;0;0;00-0035269;3;0;3;0;0;0;1;1;1;0;0;0;0;0;0;0;2;0;0;1,0;2;0;0;2;3;4;5;14
2022_13_LAC_LV;LAC;13;2022;0;0;00-0037224;2;1;3;0;0;0;2;0;0;0;0;0;0;0;1;0;2;0;0;1,0;2;0;0;2;6;0;0;8
2022_13_LAC_LV;LV;13;2022;0;0;00-0034161;2;0;3;1;0;1;0;0;1;0;0;0;0;0;0;0;3;0;0;1,0;3;0;0;3;3;0;5;11
2022_13_MIA_SF;MIA;13;2022;0;0;00-0034794;1;0;1;0;0;0;0;1;0;0;0;0;0;0;0;0;2;0;0;1,0;2;0;0;2;0;4;0;6
2022_13_NYJ_MIN;MIN;13;2022;0;0;00-0034450;2;0;2;0;0;0;0;1;1;0;0;0;0;0;0;0;3;0;0;1,0;3;0;0;3;0;4;5;12
2022_13_BUF_NE;NE;13;2022;0;0;00-0025565;1;1;2;0;0;0;1;0;0;0;0;0;0;1;0;0;1;0;0;1,0;1;0;0;1;3;0;0;4
2022_13_NO_TB;NO;13;2022;0;0;00-0032569;3;0;3;0;0;2;1;0;0;0;0;0;0;0;0;0;1;0;0;1,0;1;0;0;1;9;0;0;10
2022_13_WAS_NYG;NYG;13;2022;0;0;00-0026858;2;1;3;0;0;1;0;1;0;0;0;0;0;0;1;0;2;0;0;1,0;2;0;1;2;3;4;0;9
2022_13_NYJ_MIN;NYJ;13;2022;0;0;00-0029621;5;0;5;0;0;1;2;1;0;1;0;0;0;0;0;0;1;0;0;1,0;1;0;0;1;9;4;5;19
2022_13_TEN_PHI;PHI;13;2022;0;0;00-0033787;0;0;0;0;0;0;0;0;0;0;0;0;0;0;0;0;5;0;0;1,0;5;0;0;5;0;0;0;5
2022_13_PIT_ATL;PIT;13;2022;0;0;00-0035189;4;0;4;0;0;0;1;3;0;0;0;0;0;0;0;0;1;0;0;1,0;1;0;0;1;3;12;0;16
2022_13_SEA_LA;SEA;13;2022;0;0;00-0031492;2;0;2;0;0;1;0;1;0;0;0;0;0;0;0;0;3;0;0;1,0;3;0;0;3;3;4;0;10
2022_13_MIA_SF;SF;13;2022;0;0;00-0023252;4;0;4;0;0;0;1;3;0;0;0;0;0;0;0;0;3;0;0;1,0;3;0;0;3;3;12;0;18
2022_13_NO_TB;TB;13;2022;0;0;00-0026968;1;0;1;0;0;1;0;0;0;0;0;0;0;0;0;0;2;0;0;1,0;2;0;0;2;3;0;0;5
2022_13_TEN_PHI;TEN;13;2022;0;0;00-0029421;1;0;1;0;0;0;1;0;0;0;0;0;0;0;0;0;1;0;0;1,0;1;0;0;1;3;0;0;4
2022_13_WAS_NYG;WAS;13;2022;0;0;00-0035192;2;1;3;0;0;1;0;1;0;0;0;0;0;0;1;0;2;0;0;1,0;2;0;0;2;3;4;0;9
2022_14_NE_ARI;ARI;14;2022;0;0;00-0023853;2;1;3;0;0;0;2;0;0;0;0;0;0;0;1;0;1;0;0;1,0;1;0;0;1;6;0;0;7
2022_14_BAL_PIT;BAL;14;2022;0;0;00-0029597;3;0;3;0;0;0;2;1;0;0;0;0;0;0;0;0;1;0;0;1,0;1;0;0;1;6;4;0;11
2022_14_NYJ_BUF;BUF;14;2022;0;0;00-0036162;2;0;2;0;0;0;1;1;0;0;0;0;0;0;0;0;2;0;0;1,0;2;0;0;2;3;4;0;9
2022_14_CAR_SEA;CAR;14;2022;0;0;00-0034173;3;0;3;0;0;0;2;1;0;0;0;0;0;0;0;0;3;0;0;1,0;3;0;0;3;6;4;0;13
2022_14_CLE_CIN;CIN;14;2022;0;0;00-0036854;1;0;1;0;0;0;1;0;0;0;0;0;0;0;0;0;3;1;0;0,6666666666666666;2;0;0;2;3;0;0;5
2022_14_CLE_CIN;CLE;14;2022;0;0;00-0038097;1;0;1;0;0;1;0;0;0;0;0;0;0;0;0;0;1;0;0;1,0;1;0;0;1;3;0;0;4
2022_14_HOU_DAL;DAL;14;2022;0;0;00-0030332;2;0;2;0;0;0;1;0;1;0;0;0;0;0;0;0;3;0;0;1,0;3;0;0;3;3;0;5;11
2022_14_KC_DEN;DEN;14;2022;0;0;00-0029822;0;0;0;0;0;0;0;0;0;0;0;0;0;0;0;0;4;0;0;1,0;4;0;0;4;0;0;0;4
2022_14_MIN_DET;DET;14;2022;0;0;00-0034084;2;1;3;0;0;0;0;2;0;0;0;0;0;1;0;0;4;0;0;1,0;4;0;0;4;0;8;0;12
2022_14_HOU_DAL;HOU;14;2022;0;0;00-0032726;3;0;3;0;0;0;0;1;2;0;0;0;0;0;0;0;2;0;0;1,0;2;0;0;2;0;4;10;16
2022_14_JAX_TEN;JAX;14;2022;0;0;00-0036816;3;0;3;0;0;0;2;1;0;0;0;0;0;0;0;0;3;0;0;1,0;3;0;0;3;6;4;0;13
2022_14_KC_DEN;KC;14;2022;0;0;00-0033303;2;0;2;0;0;0;1;1;0;0;0;0;0;0;0;0;4;0;0;1,0;4;0;0;4;3;4;0;11
2022_14_LV_LA;LA;14;2022;0;0;00-0035269;1;1;2;0;0;0;0;0;1;0;0;0;0;0;0;1;2;0;0;1,0;2;0;0;2;0;0;5;7
2022_14_MIA_LAC;LAC;14;2022;0;0;00-0037224;3;0;3;0;0;1;2;0;0;0;0;0;0;0;0;0;2;0;0;1,0;2;0;0;2;9;0;0;11
2022_14_LV_LA;LV;14;2022;0;0;00-0034161;3;0;3;0;0;0;2;0;1;0;0;0;0;0;0;0;1;0;0;1,0;1;0;0;1;6;0;5;12
2022_14_MIA_LAC;MIA;14;2022;0;0;00-0034794;1;0;1;0;0;0;0;0;1;0;0;0;0;0;0;0;2;0;0;1,0;2;0;0;2;0;0;5;7
2022_14_MIN_DET;MIN;14;2022;0;0;00-0034450;1;0;1;0;0;0;0;1;0;0;0;0;0;0;0;0;2;0;0;1,0;2;0;0;2;0;4;0;6
2022_14_NE_ARI;NE;14;2022;0;0;00-0025565;2;0;2;0;0;1;0;0;1;0;0;0;0;0;0;0;3;0;0;1,0;3;0;0;3;3;0;5;11
2022_14_PHI_NYG;NYG;14;2022;1;0;00-0026858;0;0;0;0;0;0;0;0;0;0;0;0;0;0;0;0;2;0;0;1,0;2;0;0;2;0;0;0;2
2022_14_NYJ_BUF;NYJ;14;2022;0;0;00-0029621;1;0;1;0;0;1;0;0;0;0;0;0;0;0;0;0;1;0;0;1,0;1;0;0;1;3;0;0;4
2022_14_PHI_NYG;PHI;14;2022;0;0;00-0033787;2;0;2;0;0;1;1;0;0;0;0;0;0;0;0;0;6;0;0;1,0;6;0;0;6;6;0;0;12
2022_14_BAL_PIT;PIT;14;2022;0;0;00-0031136;0;0;1;1;0;0;0;0;0;0;0;0;0;0;0;0;2;0;0;1,0;2;0;0;2;0;0;0;2
2022_14_CAR_SEA;SEA;14;2022;0;0;00-0031492;1;0;1;0;0;1;0;0;0;0;0;0;0;0;0;0;3;0;0;1,0;3;0;0;3;3;0;0;6
2022_14_TB_SF;SF;14;2022;0;0;00-0023252;0;0;0;0;0;0;0;0;0;0;0;0;0;0;0;0;5;0;0;1,0;5;0;0;5;0;0;0;5
2022_14_TB_SF;TB;14;2022;0;0;00-0026968;0;1;1;0;0;0;0;0;0;0;0;0;0;0;1;0;1;0;0;1,0;1;0;0;1;0;0;0;1
2022_14_JAX_TEN;TEN;14;2022;1;0;00-0029421;0;0;0;0;0;0;0;0;0;0;0;0;0;0;0;0;2;0;0;1,0;2;0;0;2;0;0;0;2
2022_15_ATL_NO;ATL;15;2022;0;1;00-0033702;1;0;1;0;0;1;0;0;0;0;0;0;0;0;0;0;1;0;0;1,0;1;0;0;1;3;0;0;4
2022_15_MIA_BUF;BUF;15;2022;0;1;00-0036162;1;0;1;0;0;1;0;0;0;0;0;0;0;0;0;0;3;0;0;1,0;3;1;1;3;3;0;0;6
2022_15_PIT_CAR;CAR;15;2022;0;0;00-0034173;3;0;3;0;0;1;1;0;1;0;0;0;0;0;0;0;1;0;0;1,0;1;0;0;1;6;0;5;12
2022_15_PHI_CHI;CHI;15;2022;0;0;00-0031203;0;0;0;0;0;0;0;0;0;0;0;0;0;0;0;0;3;1;0;0,6666666666666666;2;0;0;2;0;0;0;2
2022_15_CIN_TB;CIN;15;2022;1;0;00-0036854;2;0;2;0;0;1;0;1;0;0;0;0;0;0;0;0;2;0;0;1,0;2;0;0;2;3;4;0;9
2022_15_BAL_CLE;CLE;15;2022;0;0;00-0038097;2;2;4;0;0;1;0;1;0;0;0;0;1;1;0;0;1;0;0;1,0;1;0;0;1;3;4;0;8
2022_15_DAL_JAX;DAL;15;2022;0;0;00-0030332;2;0;2;0;0;1;0;0;1;0;0;0;0;0;0;0;4;0;0;1,0;4;0;0;4;3;0;5;12
2022_15_ARI_DEN;DEN;15;2022;0;0;00-0029822;1;1;2;0;0;0;0;0;1;0;0;0;1;0;0;0;3;0;0;1,0;3;0;0;3;0;0;5;8
2022_15_DET_NYJ;DET;15;2022;0;0;00-0034084;2;1;3;0;0;0;2;0;0;0;0;0;0;0;1;0;2;0;0;1,0;2;0;0;2;6;0;0;8
2022_15_LA_GB;GB;15;2022;0;0;00-0025580;1;0;1;0;0;0;1;0;0;0;0;0;0;0;0;0;3;0;0;1,0;3;0;0;3;3;0;0;6
2022_15_KC_HOU;HOU;15;2022;0;0;00-0032726;1;0;1;0;0;1;0;0;0;0;0;0;0;0;0;0;3;0;0;1,0;3;0;0;3;3;0;0;6
2022_15_IND_MIN;IND;15;2022;0;0;00-0035358;5;0;5;0;0;3;0;1;1;0;0;0;0;0;0;0;3;0;0;1,0;3;0;0;3;9;4;5;21
2022_15_DAL_JAX;JAX;15;2022;0;0;00-0036816;2;0;2;0;0;0;1;1;0;0;0;0;0;0;0;0;4;0;0;1,0;4;0;0;4;3;4;0;11
2022_15_KC_HOU;KC;15;2022;1;0;00-0033303;1;1;2;0;0;1;0;0;0;0;0;0;0;0;1;0;2;1;0;0,5;1;0;0;1;3;0;0;4
2022_15_LA_GB;LA;15;2022;0;0;00-0035269;2;0;2;0;0;0;1;0;1;0;0;0;0;0;0;0;1;1;0;0,0;0;0;0;0;3;0;5;8
2022_15_TEN_LAC;LAC;15;2022;0;0;00-0037224;1;0;1;0;0;0;0;1;0;0;0;0;0;0;0;0;2;0;0;1,0;2;1;1;2;0;4;0;6
2022_15_NE_LV;LV;15;2022;0;0;00-0034161;1;0;1;0;0;0;0;1;0;0;0;0;0;0;0;0;3;0;0;1,0;3;0;0;3;0;4;0;7
2022_15_MIA_BUF;MIA;15;2022;0;0;00-0034794;3;0;3;0;0;1;1;1;0;0;0;0;0;0;0;0;2;0;0;1,0;2;0;0;2;6;4;0;12
2022_15_IND_MIN;MIN;15;2022;1;0;00-0034450;1;0;1;0;0;0;0;1;0;0;0;0;0;0;0;0;4;0;0;1,0;4;1;1;4;0;4;0;8
2022_15_NE_LV;NE;15;2022;1;0;00-0025565;3;0;3;0;0;1;0;1;1;0;0;0;0;0;0;0;1;0;0;1,0;1;0;0;1;3;4;5;13
2022_15_ATL_NO;NO;15;2022;0;0;00-0032569;0;0;0;0;0;0;0;0;0;0;0;0;0;0;0;0;3;0;0;1,0;3;0;0;3;0;0;0;3
2022_15_NYG_WAS;NYG;15;2022;0;0;00-0026858;2;0;2;0;0;0;0;0;2;0;0;0;0;0;0;0;2;0;0;1,0;2;0;0;2;0;0;10;12
2022_15_DET_NYJ;NYJ;15;2022;0;0;00-0029621;1;1;2;0;0;0;1;0;0;0;0;0;0;0;1;0;2;0;0;1,0;2;0;0;2;3;0;0;5
2022_15_PHI_CHI;PHI;15;2022;0;1;00-0033787;1;1;2;0;0;0;1;0;0;0;0;0;1;0;0;0;2;0;0;1,0;2;0;0;2;3;0;0;5
2022_15_PIT_CAR;PIT;15;2022;0;0;00-0031136;1;0;1;0;0;0;0;0;1;0;0;0;0;0;0;0;3;0;0;1,0;3;0;0;3;0;0;5;8
2022_15_SF_SEA;SEA;15;2022;0;0;00-0031492;2;0;2;0;0;0;1;0;1;0;0;0;0;0;0;0;1;0;0;1,0;1;0;0;1;3;0;5;9
2022_15_SF_SEA;SF;15;2022;0;0;00-0023252;0;1;1;0;0;0;0;0;0;0;0;0;0;1;0;0;3;0;0;1,0;3;0;0;3;0;0;0;3
2022_15_CIN_TB;TB;15;2022;0;0;00-0026968;1;1;2;0;0;1;0;0;0;0;0;0;0;0;1;0;2;0;0;1,0;2;0;0;2;3;0;0;5
2022_15_TEN_LAC;TEN;15;2022;0;0;00-0029421;0;1;1;0;0;0;0;0;0;0;0;0;0;0;1;0;2;0;0;1,0;2;0;0;2;0;0;0;2
2022_15_NYG_WAS;WAS;15;2022;0;0;00-0035192;2;0;2;0;0;0;0;1;1;0;0;0;0;0;0;0;1;1;0;0,0;0;0;0;0;0;4;5;9
2022_16_TB_ARI;ARI;16;2022;0;0;00-0023853;3;0;3;0;0;0;1;0;2;0;0;0;0;0;0;0;1;0;0;1,0;1;0;0;1;3;0;10;14
2022_16_BUF_CHI;BUF;16;2022;1;0;00-0036162;0;1;1;0;0;0;0;0;0;0;0;0;1;0;0;0;4;1;0;0,75;3;0;0;3;0;0;0;3
2022_16_DET_CAR;CAR;16;2022;0;0;00-0034173;3;0;3;0;0;0;2;1;0;0;0;0;0;0;0;0;4;0;0;1,0;4;0;0;4;6;4;0;14
2022_16_BUF_CHI;CHI;16;2022;0;0;00-0031203;2;0;2;0;0;0;2;0;0;0;0;0;0;0;0;0;1;0;0;1,0;1;0;0;1;6;0;0;7
2022_16_CIN_NE;CIN;16;2022;0;0;00-0036854;1;1;2;0;0;1;0;0;0;0;0;0;0;1;0;0;2;1;0;0,5;1;0;0;1;3;0;0;4
2022_16_NO_CLE;CLE;16;2022;0;0;00-0038097;1;0;1;0;0;0;1;0;0;0;0;0;0;0;0;0;1;0;0;1,0;1;0;0;1;3;0;0;4
2022_16_PHI_DAL;DAL;16;2022;0;0;00-0030332;4;0;4;0;0;2;0;2;0;0;0;0;0;0;0;0;4;0;0;1,0;4;0;0;4;6;8;0;18
2022_16_DET_CAR;DET;16;2022;0;0;00-0034084;1;0;1;0;0;0;1;0;0;0;0;0;0;0;0;0;2;0;0;1,0;2;0;0;2;3;0;0;5
2022_16_GB_MIA;GB;16;2022;0;0;00-0025580;4;0;4;0;0;2;1;1;0;0;0;0;0;0;0;0;2;0;0;1,0;2;0;0;2;9;4;0;15
2022_16_HOU_TEN;HOU;16;2022;0;0;00-0032726;2;0;2;0;0;2;0;0;0;0;0;0;0;0;0;0;1;0;0;1,0;1;0;0;1;6;0;0;7
2022_16_JAX_NYJ;JAX;16;2022;0;0;00-0036816;4;1;5;0;0;0;2;2;0;0;0;0;0;1;0;0;1;0;0;1,0;1;0;0;1;6;8;0;15
2022_16_SEA_KC;KC;16;2022;0;0;00-0033303;1;0;1;0;0;0;0;1;0;0;0;0;0;0;0;0;3;0;0;1,0;3;0;0;3;0;4;0;7
2022_16_DEN_LA;LA;16;2022;0;0;00-0035269;3;0;3;0;0;0;1;0;2;0;0;0;0;0;0;0;6;0;0;1,0;6;0;0;6;3;0;10;19
2022_16_LAC_IND;LAC;16;2022;0;0;00-0037224;2;0;2;0;0;2;0;0;0;0;0;0;0;0;0;0;2;0;0;1,0;2;0;0;2;6;0;0;8
2022_16_LV_PIT;LV;16;2022;0;0;00-0034161;1;0;1;0;0;0;0;1;0;0;0;0;0;0;0;0;1;0;0;1,0;1;0;0;1;0;4;0;5
2022_16_GB_MIA;MIA;16;2022;0;0;00-0034794;2;1;3;0;0;0;1;1;0;0;0;0;0;1;0;0;2;0;0;1,0;2;0;0;2;3;4;0;9
2022_16_NYG_MIN;MIN;16;2022;0;0;00-0034450;2;0;2;0;0;0;0;1;0;1;0;0;0;0;0;0;3;0;0;1,0;3;1;1;3;0;4;5;12
2022_16_CIN_NE;NE;16;2022;0;0;00-0025565;0;0;0;0;0;0;0;0;0;0;0;0;0;0;0;0;2;2;0;0,0;0;0;0;0;0;0;0;0
2022_16_NO_CLE;NO;16;2022;0;0;00-0032569;1;0;1;0;0;1;0;0;0;0;0;0;0;0;0;0;2;0;0;1,0;2;0;0;2;3;0;0;5
2022_16_NYG_MIN;NYG;16;2022;1;0;00-0026858;3;0;3;0;0;0;0;2;1;0;0;0;0;0;0;0;1;0;0;1,0;1;0;0;1;0;8;5;14
2022_16_PHI_DAL;PHI;16;2022;0;0;00-0033787;2;0;2;0;0;1;0;1;0;0;0;0;0;0;0;0;4;0;0;1,0;4;0;0;4;3;4;0;11
2022_16_LV_PIT;PIT;16;2022;0;0;00-0031136;2;2;4;0;0;0;0;2;0;0;0;0;0;1;1;0;1;0;0;1,0;1;0;0;1;0;8;0;9
2022_16_SEA_KC;SEA;16;2022;0;0;00-0031492;1;0;1;0;0;1;0;0;0;0;0;0;0;0;0;0;1;0;0;1,0;1;0;0;1;3;0;0;4
2022_16_WAS_SF;SF;16;2022;0;0;00-0023252;3;0;3;0;0;2;1;0;0;0;0;0;0;0;0;0;4;0;0;1,0;4;0;0;4;9;0;0;13
2022_16_TB_ARI;TB;16;2022;0;0;00-0026968;4;0;4;0;0;0;2;2;0;0;0;0;0;0;0;0;1;0;0;1,0;1;1;1;1;6;8;0;15
2022_16_HOU_TEN;TEN;16;2022;0;0;00-0029421;0;0;0;0;0;0;0;0;0;0;0;0;0;0;0;0;2;0;0;1,0;2;0;0;2;0;0;0;2
2022_16_WAS_SF;WAS;16;2022;0;0;00-0035192;0;0;0;0;0;0;0;0;0;0;0;0;0;0;0;0;2;0;0;1,0;2;0;0;2;0;0;0;2
2022_17_ARI_ATL;ARI;17;2022;0;0;00-0023853;4;1;5;0;0;0;3;0;1;0;0;0;0;1;0;0;1;0;0;1,0;1;0;0;1;9;0;5;15
2022_17_ARI_ATL;ATL;17;2022;0;0;00-0033702;2;0;2;0;0;2;0;0;0;0;0;0;0;0;0;0;2;0;0;1,0;2;1;1;2;6;0;0;8
2022_17_PIT_BAL;BAL;17;2022;0;0;00-0029597;2;0;2;0;0;0;1;0;1;0;0;0;0;0;0;0;1;0;0;1,0;1;0;0;1;3;0;5;9
2022_17_CAR_TB;CAR;17;2022;0;0;00-0034173;1;0;1;0;0;0;0;1;0;0;0;0;0;0;0;0;3;0;0;1,0;3;0;0;3;0;4;0;7
2022_17_CHI_DET;CHI;17;2022;0;0;00-0031203;1;0;1;0;0;1;0;0;0;0;0;0;0;0;0;0;1;0;0;1,0;1;0;0;1;3;0;0;4
2022_17_CLE_WAS;CLE;17;2022;0;0;00-0038097;1;0;1;0;0;0;1;0;0;0;0;0;0;0;0;0;3;0;0;1,0;3;0;0;3;3;0;0;6
2022_17_DAL_TEN;DAL;17;2022;0;0;00-0030332;2;0;2;0;0;0;1;1;0;0;0;0;0;0;0;0;3;0;0;1,0;3;0;0;3;3;4;0;10
2022_17_DEN_KC;DEN;17;2022;0;0;00-0029822;1;0;1;0;0;0;0;1;0;0;0;0;0;0;0;0;3;0;0;1,0;3;0;0;3;0;4;0;7
2022_17_CHI_DET;DET;17;2022;0;0;00-0034084;2;0;2;0;0;1;0;1;0;0;0;0;0;0;0;0;5;0;0;1,0;5;0;0;5;3;4;0;12
2022_17_MIN_GB;GB;17;2022;0;0;00-0025580;2;0;2;0;0;1;0;0;1;0;0;0;0;0;0;0;5;0;0;1,0;5;0;0;5;3;0;5;13
2022_17_IND_NYG;IND;17;2022;0;0;00-0035358;1;1;2;0;0;1;0;0;0;0;0;0;0;1;0;0;1;0;0;1,0;1;0;0;1;3;0;0;4
2022_17_JAX_HOU;JAX;17;2022;0;0;00-0036816;1;0;1;0;0;0;0;0;1;0;0;0;0;0;0;0;4;0;0;1,0;4;0;0;4;0;0;5;9
2022_17_DEN_KC;KC;17;2022;0;0;00-0033303;0;0;1;1;0;0;0;0;0;0;0;0;0;0;0;0;3;0;0;1,0;3;0;0;3;0;0;0;3
2022_17_LA_LAC;LA;17;2022;0;0;00-0035269;1;0;1;0;0;1;0;0;0;0;0;0;0;0;0;0;1;0;0;1,0;1;0;0;1;3;0;0;4
2022_17_LA_LAC;LAC;17;2022;0;0;00-0037224;1;0;1;0;0;0;0;1;0;0;0;0;0;0;0;0;4;0;0;1,0;4;0;0;4;0;4;0;8
2022_17_SF_LV;LV;17;2022;0;0;00-0034161;2;0;2;0;0;1;0;0;1;0;0;0;0;0;0;0;4;0;0;1,0;4;0;0;4;3;0;5;12
2022_17_MIA_NE;MIA;17;2022;0;0;00-0034794;0;1;1;0;0;0;0;0;0;0;0;0;0;0;1;0;3;0;0;1,0;3;0;0;3;0;0;0;3
2022_17_MIN_GB;MIN;17;2022;0;0;00-0034450;1;2;3;0;0;1;0;0;0;0;0;0;0;1;1;0;2;0;0;1,0;2;0;0;2;3;0;0;5
2022_17_MIA_NE;NE;17;2022;0;0;00-0025565;1;0;1;0;0;0;0;1;0;0;0;0;0;0;0;0;3;1;0;0,6666666666666666;2;0;0;2;0;4;0;6
2022_17_NO_PHI;NO;17;2022;0;0;00-0032569;2;0;2;0;0;1;0;0;1;0;0;0;0;0;0;0;2;0;0;1,0;2;0;0;2;3;0;5;10
2022_17_IND_NYG;NYG;17;2022;0;0;00-0026858;1;0;1;0;0;0;1;0;0;0;0;0;0;0;0;0;5;0;0;1,0;5;0;0;5;3;0;0;8
2022_17_NO_PHI;PHI;17;2022;0;0;00-0033787;1;0;1;0;0;0;0;0;1;0;0;0;0;0;0;0;1;0;0;1,0;1;0;0;1;0;0;5;6
2022_17_PIT_BAL;PIT;17;2022;0;0;00-0031136;3;1;4;0;0;1;1;0;1;0;0;0;0;1;0;0;1;0;0;1,0;1;0;0;1;6;0;5;12
2022_17_NYJ_SEA;SEA;17;2022;0;0;00-0031492;3;1;4;0;0;1;2;0;0;0;0;0;0;1;0;0;2;0;0;1,0;2;0;0;2;9;0;0;11
2022_17_SF_LV;SF;17;2022;0;0;00-0023252;3;1;4;0;0;2;0;1;0;0;0;0;0;1;0;0;4;0;0;1,0;4;1;1;4;6;4;0;14
2022_17_CAR_TB;TB;17;2022;1;0;00-0026968;1;1;3;1;0;1;0;0;0;0;0;0;0;0;1;0;2;1;0;0,5;1;0;0;1;3;0;0;4
2022_17_DAL_TEN;TEN;17;2022;0;0;00-0029421;2;0;2;0;0;1;1;0;0;0;0;0;0;0;0;0;1;0;0;1,0;1;0;0;1;6;0;0;7
2022_17_CLE_WAS;WAS;17;2022;0;0;00-0035192;1;0;1;0;0;0;0;1;0;0;0;0;0;0;0;0;1;0;0;1,0;1;0;0;1;0;4;0;5
2022_18_ARI_SF;ARI;18;2022;0;0;00-0023853;0;0;0;0;0;0;0;0;0;0;0;0;0;0;0;0;2;1;0;0,5;1;0;0;1;0;0;0;1
2022_18_TB_ATL;ATL;18;2022;0;0;00-0033702;3;0;3;0;0;1;0;1;1;0;0;0;0;0;0;0;3;0;0;1,0;3;0;0;3;3;4;5;15
2022_18_BAL_CIN;BAL;18;2022;0;0;00-0029597;3;0;3;0;0;2;0;0;1;0;0;0;0;0;0;0;1;0;0;1,0;1;0;0;1;6;0;5;12
2022_18_NE_BUF;BUF;18;2022;0;0;00-0036162;0;0;0;0;0;0;0;0;0;0;0;0;0;0;0;0;5;0;0;1,0;5;0;0;5;0;0;0;5
2022_18_CAR_NO;CAR;18;2022;0;0;00-0034173;1;0;1;0;0;0;0;1;0;0;0;0;0;0;0;0;1;0;0;1,0;1;1;1;1;0;4;0;5
2022_18_MIN_CHI;CHI;18;2022;0;0;00-0031203;0;0;0;0;0;0;0;0;0;0;0;0;0;0;0;0;1;0;0;1,0;1;0;0;1;0;0;0;1
2022_18_BAL_CIN;CIN;18;2022;0;0;00-0036854;2;0;2;0;0;1;1;0;0;0;0;0;0;0;0;0;3;0;0;1,0;3;0;0;3;6;0;0;9
2022_18_CLE_PIT;CLE;18;2022;0;0;00-0038097;0;0;0;0;0;0;0;0;0;0;0;0;0;0;0;0;2;0;0;1,0;2;0;0;2;0;0;0;2
2022_18_DAL_WAS;DAL;18;2022;0;0;00-0030332;0;0;0;0;0;0;0;0;0;0;0;0;0;0;0;0;1;1;0;0,0;0;0;0;0;0;0;0;0
2022_18_LAC_DEN;DEN;18;2022;0;0;00-0029822;1;0;1;0;0;0;1;0;0;0;0;0;0;0;0;0;4;0;0;1,0;4;0;0;4;3;0;0;7
2022_18_DET_GB;DET;18;2022;0;0;00-0034084;2;1;3;0;0;0;2;0;0;0;0;0;0;1;0;0;2;0;0;1,0;2;0;0;2;6;0;0;8
2022_18_DET_GB;GB;18;2022;0;0;00-0025580;3;1;4;0;0;1;0;2;0;0;0;0;0;0;1;0;1;0;0;1,0;1;0;0;1;3;8;0;12
2022_18_HOU_IND;HOU;18;2022;1;0;00-0032726;1;0;1;0;0;0;1;0;0;0;0;0;0;0;0;0;3;0;0;1,0;3;0;0;3;3;0;0;6
2022_18_HOU_IND;IND;18;2022;0;0;00-0035358;1;0;1;0;0;0;0;0;1;0;0;0;0;0;0;0;4;0;0;1,0;4;0;0;4;0;0;5;9
2022_18_TEN_JAX;JAX;18;2022;0;0;00-0036816;2;0;2;0;0;1;1;0;0;0;0;0;0;0;0;0;2;0;0;1,0;2;0;0;2;6;0;0;8
2022_18_KC_LV;KC;18;2022;0;0;00-0033303;1;0;1;0;0;0;0;1;0;0;0;0;0;0;0;0;4;0;0;1,0;4;0;0;4;0;4;0;8
2022_18_LA_SEA;LA;18;2022;0;0;00-0035269;3;0;3;0;0;1;1;1;0;0;0;0;0;0;0;0;1;0;0;1,0;1;0;0;1;6;4;0;11
2022_18_LAC_DEN;LAC;18;2022;1;0;00-0037224;2;0;2;0;0;0;1;1;0;0;0;0;0;0;0;0;2;0;0;1,0;2;0;0;2;3;4;0;9
2022_18_KC_LV;LV;18;2022;0;0;00-0034161;2;0;2;0;0;0;1;0;1;0;0;0;0;0;0;0;1;0;0;1,0;1;0;0;1;3;0;5;9
2022_18_MIN_CHI;MIN;18;2022;0;0;00-0034450;3;0;3;0;0;1;0;1;1;0;0;0;0;0;0;0;3;1;0;0,6666666666666666;2;0;0;2;3;4;5;14
2022_18_NE_BUF;NE;18;2022;0;0;00-0025565;1;0;1;0;0;1;0;0;0;0;0;0;0;0;0;0;2;0;0;1,0;2;0;0;2;3;0;0;5
2022_18_CAR_NO;NO;18;2022;0;0;00-0032569;0;1;2;1;0;0;0;0;0;0;0;0;0;1;0;0;1;0;0;1,0;1;0;0;1;0;0;0;1
2022_18_NYG_PHI;NYG;18;2022;0;0;00-0026858;1;0;1;0;0;1;0;0;0;0;0;0;0;0;0;0;1;0;0;1,0;1;0;0;1;3;0;0;4
2022_18_NYG_PHI;PHI;18;2022;0;0;00-0033787;5;0;5;0;0;1;2;0;2;0;0;0;0;0;0;0;1;0;0;1,0;1;0;0;1;9;0;10;20
2022_18_CLE_PIT;PIT;18;2022;1;0;00-0031136;2;0;2;0;0;0;1;1;0;0;0;0;0;0;0;0;2;0;0;1,0;2;0;0;2;3;4;0;9
2022_18_LA_SEA;SEA;18;2022;0;0;00-0031492;4;1;5;0;0;1;3;0;0;0;0;0;0;1;0;0;1;0;0;1,0;1;1;1;1;12;0;0;13
2022_18_ARI_SF;SF;18;2022;0;0;00-0023252;1;0;1;0;0;1;0;0;0;0;0;0;0;0;0;0;5;0;0;1,0;5;0;0;5;3;0;0;8
2022_18_TB_ATL;TB;18;2022;0;0;00-0026968;1;0;1;0;0;0;0;1;0;0;0;0;0;0;0;0;2;0;0;1,0;2;0;0;2;0;4;0;6
2022_18_TEN_JAX;TEN;18;2022;0;0;00-0029421;3;0;3;0;0;0;1;1;1;0;0;0;0;0;0;0;1;0;0;1,0;1;0;0;1;3;4;5;13
2022_18_DAL_WAS;WAS;18;2022;0;0;00-0035192;2;2;4;0;0;2;0;0;0;0;0;0;1;0;1;0;3;1;0;0,6666666666666666;2;0;0;2;6;0;0;8
2022_19_BAL_CIN;BAL;19;2022;0;0;00-0029597;1;0;1;0;0;1;0;0;0;0;0;0;0;0;0;0;2;0;0;1,0;2;0;0;2;3;0;0;5
2022_19_MIA_BUF;BUF;19;2022;0;0;00-0036162;2;0;2;0;0;0;2;0;0;0;0;0;0;0;0;0;4;0;0;1,0;4;0;0;4;6;0;0;10
2022_19_BAL_CIN;CIN;19;2022;1;0;00-0036854;1;0;1;0;0;0;1;0;0;0;0;0;0;0;0;0;2;1;0;0,5;1;0;0;1;3;0;0;4
2022_19_DAL_TB;DAL;19;2022;0;0;00-0030332;0;0;0;0;0;0;0;0;0;0;0;0;0;0;0;0;5;4;0;0,2;1;0;0;1;0;0;0;1
2022_19_LAC_JAX;JAX;19;2022;0;1;00-0036816;1;0;1;0;0;0;1;0;0;0;0;0;0;0;0;0;2;0;0;1,0;2;1;1;2;3;0;0;5
2022_19_LAC_JAX;LAC;19;2022;0;0;00-0037224;3;1;4;0;0;2;0;0;1;0;0;0;0;1;0;0;3;0;0;1,0;3;0;0;3;6;0;5;14
2022_19_MIA_BUF;MIA;19;2022;1;0;00-0034794;3;0;3;0;0;0;1;2;0;0;0;0;0;0;0;0;2;0;0;1,0;2;0;0;2;3;8;0;13
2022_19_NYG_MIN;MIN;19;2022;0;0;00-0034450;1;0;1;0;0;0;1;0;0;0;0;0;0;0;0;0;3;0;0;1,0;3;0;0;3;3;0;0;6
2022_19_NYG_MIN;NYG;19;2022;0;0;00-0026858;1;0;1;0;0;1;0;0;0;0;0;0;0;0;0;0;4;0;0;1,0;4;0;0;4;3;0;0;7
2022_19_SEA_SF;SEA;19;2022;0;0;00-0031492;1;0;1;0;0;0;0;0;1;0;0;0;0;0;0;0;2;0;0;1,0;2;0;0;2;0;0;5;7
2022_19_SEA_SF;SF;19;2022;1;0;00-0023252;4;0;4;0;0;0;3;1;0;0;0;0;0;0;0;0;3;0;0;1,0;3;0;0;3;9;4;0;16
2022_20_CIN_BUF;BUF;20;2022;0;0;00-0036162;1;0;1;0;0;1;0;0;0;0;0;0;0;0;0;0;1;0;0;1,0;1;0;0;1;3;0;0;4
2022_20_CIN_BUF;CIN;20;2022;0;0;00-0036854;2;0;2;0;0;2;0;0;0;0;0;0;0;0;0;0;3;0;0;1,0;3;0;0;3;6;0;0;9
2022_20_DAL_SF;DAL;20;2022;0;0;00-0030332;2;0;2;0;0;1;0;1;0;0;0;0;0;0;0;0;1;0;1;0,0;0;0;0;0;3;4;0;7
2022_20_JAX_KC;JAX;20;2022;0;0;00-0036816;2;0;2;0;0;0;0;2;0;0;0;0;0;0;0;0;2;0;0;1,0;2;0;0;2;0;8;0;10
2022_20_JAX_KC;KC;20;2022;0;0;00-0033303;2;0;2;0;0;0;0;0;2;0;0;0;0;0;0;0;3;0;0;1,0;3;0;0;3;0;0;10;13
2022_20_NYG_PHI;NYG;20;2022;0;0;00-0026858;0;0;0;0;0;0;0;0;0;0;0;0;0;0;0;0;1;0;0;1,0;1;0;0;1;0;0;0;1
2022_20_NYG_PHI;PHI;20;2022;0;0;00-0033787;1;0;1;0;0;0;1;0;0;0;0;0;0;0;0;0;5;0;0;1,0;5;0;0;5;3;0;0;8
2022_20_DAL_SF;SF;20;2022;0;0;00-0023252;4;0;4;0;0;2;0;1;1;0;0;0;0;0;0;0;1;0;0;1,0;1;0;0;1;6;4;5;16
2022_21_CIN_KC;CIN;21;2022;0;0;00-0036854;2;0;2;0;0;1;1;0;0;0;0;0;0;0;0;0;2;0;0;1,0;2;0;0;2;6;0;0;8
2022_21_CIN_KC;KC;21;2022;0;0;00-0033303;3;0;3;0;0;1;0;2;0;0;0;0;0;0;0;0;2;0;0;1,0;2;1;1;2;3;8;0;13
2022_21_SF_PHI;PHI;21;2022;0;0;00-0033787;1;0;1;0;0;0;1;0;0;0;0;0;0;0;0;0;4;0;0;1,0;4;0;0;4;3;0;0;7
2022_21_SF_PHI;SF;21;2022;0;0;00-0023252;0;0;0;0;0;0;0;0;0;0;0;0;0;0;0;0;1;0;0;1,0;1;0;0;1;0;0;0;1
2022_22_KC_PHI;KC;22;2022;0;0;00-0033303;1;1;2;0;0;1;0;0;0;0;0;0;0;1;0;0;5;0;0;1,0;5;1;1;5;3;0;0;8
2022_22_KC_PHI;PHI;22;2022;0;1;00-0033787;2;0;2;0;0;0;2;0;0;0;0;0;0;0;0;0;3;0;0;1,0;3;0;0;3;6;0;0;9
2023_01_ARI_WAS;ARI;1;2023;0;0;00-0023853;3;0;3;0;0;1;1;0;1;0;0;0;0;0;0;0;1;0;0;1,0;1;0;0;1;6;0;5;12
2023_01_CAR_ATL;ATL;1;2023;0;0;00-0033702;1;0;1;0;0;0;0;1;0;0;0;0;0;0;0;0;3;0;0;1,0;3;0;0;3;0;4;0;7
2023_01_HOU_BAL;BAL;1;2023;0;1;00-0029597;1;0;1;0;0;0;1;0;0;0;0;0;0;0;0;0;2;0;0;1,0;2;0;0;2;3;0;0;5
2023_01_BUF_NYJ;BUF;1;2023;0;0;00-0036162;3;0;3;0;0;0;1;1;1;0;0;0;0;0;0;0;1;0;0;1,0;1;0;0;1;3;4;5;13
2023_01_CAR_ATL;CAR;1;2023;0;0;00-0034173;1;0;1;0;0;0;0;1;0;0;0;0;0;0;0;0;1;0;0;1,0;1;0;0;1;0;4;0;5
2023_01_CIN_CLE;CLE;1;2023;0;1;00-0030098;3;0;3;0;0;0;1;2;0;0;0;0;0;0;0;0;1;0;0;1,0;1;0;0;1;3;8;0;12
2023_01_DAL_NYG;DAL;1;2023;0;0;00-0037692;2;0;2;0;0;1;1;0;0;0;0;0;0;0;0;0;5;1;0;0,8;4;0;0;4;6;0;0;10
2023_01_LV_DEN;DEN;1;2023;0;0;00-0032569;1;1;2;0;0;1;0;0;0;0;0;0;0;0;1;0;2;1;0;0,5;1;0;0;1;3;0;0;4
2023_01_DET_KC;DET;1;2023;0;0;00-0036816;0;0;0;0;0;0;0;0;0;0;0;0;0;0;0;0;3;0;0;1,0;3;0;0;3;0;0;0;3
2023_01_GB_CHI;GB;1;2023;0;0;00-0038402;1;0;1;0;0;0;0;0;1;0;0;0;0;0;0;0;5;0;0;1,0;5;0;0;5;0;0;5;10
2023_01_JAX_IND;IND;1;2023;0;0;00-0035269;0;0;0;0;0;0;0;0;0;0;0;0;0;0;0;0;3;0;0;1,0;3;0;0;3;0;0;0;3
2023_01_JAX_IND;JAX;1;2023;0;0;00-0029822;1;0;1;0;0;0;0;1;0;0;0;0;0;0;0;0;4;0;0;1,0;4;0;0;4;0;4;0;8
2023_01_DET_KC;KC;1;2023;0;0;00-0033303;2;0;2;0;0;0;2;0;0;0;0;0;0;0;0;0;2;0;0;1,0;2;0;0;2;6;0;0;8
2023_01_LA_SEA;LA;1;2023;0;0;00-0030332;3;1;5;1;0;0;1;1;1;0;0;0;0;0;1;0;3;0;0;1,0;3;0;0;3;3;4;5;15
2023_01_MIA_LAC;LAC;1;2023;0;0;00-0037224;2;0;2;0;0;1;0;0;1;0;0;0;0;0;0;0;4;0;0;1,0;4;0;0;4;3;0;5;12
2023_01_LV_DEN;LV;1;2023;0;0;00-0034161;1;0;1;0;0;1;0;0;0;0;0;0;0;0;0;0;2;0;0;1,0;2;0;0;2;3;0;0;5
2023_01_MIA_LAC;MIA;1;2023;0;0;00-0034794;3;0;3;0;0;1;0;2;0;0;0;0;0;0;0;0;4;1;0;0,75;3;0;0;3;3;8;0;14
2023_01_TB_MIN;MIN;1;2023;0;0;00-0034450;1;0;1;0;0;1;0;0;0;0;0;0;0;0;0;0;2;0;0;1,0;2;0;0;2;3;0;0;5
2023_01_PHI_NE;NE;1;2023;0;0;00-0038567;0;0;0;0;0;0;0;0;0;0;0;0;0;0;0;0;2;0;0;1,0;2;0;0;2;0;0;0;2
2023_01_TEN_NO;NO;1;2023;0;0;00-0038905;3;0;3;0;0;1;1;0;1;0;0;0;0;0;0;0;1;0;0;1,0;1;0;0;1;6;0;5;12
2023_01_BUF_NYJ;NYJ;1;2023;0;0;00-0029621;3;0;3;0;0;1;1;1;0;0;0;0;0;0;0;0;1;0;0;1,0;1;0;0;1;6;4;0;11
2023_01_PHI_NE;PHI;1;2023;0;0;00-0033787;4;0;4;0;0;0;1;1;2;0;0;0;0;0;0;0;2;1;0;0,5;1;0;0;1;3;4;10;18
2023_01_SF_PIT;PIT;1;2023;0;0;00-0031136;0;0;0;0;0;0;0;0;0;0;0;0;0;0;0;0;1;0;0;1,0;1;0;0;1;0;0;0;1
2023_01_LA_SEA;SEA;1;2023;0;0;00-0031492;2;1;3;0;0;0;1;1;0;0;0;0;1;0;0;0;1;0;0;1,0;1;0;0;1;3;4;0;8
2023_01_SF_PIT;SF;1;2023;0;0;00-0038562;3;0;3;0;0;0;1;2;0;0;0;0;0;0;0;0;3;0;0;1,0;3;0;0;3;3;8;0;14
2023_01_TB_MIN;TB;1;2023;0;0;00-0035358;2;0;2;0;0;0;1;0;1;0;0;0;0;0;0;0;2;0;0;1,0;2;0;0;2;3;0;5;10
2023_01_ARI_WAS;WAS;1;2023;0;0;00-0035192;2;0;2;0;0;0;2;0;0;0;0;0;0;0;0;0;2;0;0;1,0;2;0;0;2;6;0;0;8
2023_02_NYG_ARI;ARI;2;2023;0;1;00-0023853;2;1;3;0;0;0;1;1;0;0;0;0;0;0;1;0;2;0;0;1,0;2;0;0;2;3;4;0;9
2023_02_GB_ATL;ATL;2;2023;0;0;00-0033702;4;0;4;0;0;2;2;0;0;0;0;0;0;0;0;0;2;1;0;0,5;1;0;0;1;12;0;0;13
2023_02_BAL_CIN;BAL;2;2023;0;0;00-0029597;2;1;3;0;0;0;0;2;0;0;0;0;0;0;1;0;3;0;0;1,0;3;0;0;3;0;8;0;11
2023_02_LV_BUF;BUF;2;2023;0;0;00-0036162;1;0;1;0;0;1;0;0;0;0;0;0;0;0;0;0;5;0;0;1,0;5;0;0;5;3;0;0;8
2023_02_CHI_TB;CHI;2;2023;0;0;00-0031203;1;0;1;0;0;0;0;0;1;0;0;0;0;0;0;0;2;0;0;1,0;2;0;0;2;0;0;5;7
2023_02_BAL_CIN;CIN;2;2023;0;0;00-0036854;1;0;1;0;0;1;0;0;0;0;0;0;0;0;0;0;3;0;0;1,0;3;0;0;3;3;0;0;6
2023_02_NYJ_DAL;DAL;2;2023;0;1;00-0037692;5;0;5;0;0;2;2;0;1;0;0;0;0;0;0;0;1;0;0;1,0;1;0;0;1;12;0;5;18
2023_02_WAS_DEN;DEN;2;2023;0;0;00-0032569;2;0;2;0;0;0;2;0;0;0;0;0;0;0;0;0;3;0;0;1,0;3;0;0;3;6;0;0;9
2023_02_SEA_DET;DET;2;2023;0;0;00-0036816;1;0;1;0;0;0;1;0;0;0;0;0;0;0;0;0;4;0;0;1,0;4;0;0;4;3;0;0;7
2023_02_GB_ATL;GB;2;2023;0;0;00-0038402;1;0;1;0;0;0;1;0;0;0;0;0;0;0;0;0;3;0;0;1,0;3;0;0;3;3;0;0;6
2023_02_IND_HOU;HOU;2;2023;0;0;00-0032726;2;1;3;0;0;1;1;0;0;0;0;0;0;0;1;0;2;0;0;1,0;2;0;0;2;6;0;0;8
2023_02_IND_HOU;IND;2;2023;0;0;00-0035269;1;0;1;0;0;0;0;1;0;0;0;0;0;0;0;0;4;0;0;1,0;4;0;0;4;0;4;0;8
2023_02_KC_JAX;KC;2;2023;0;0;00-0033303;1;0;1;0;0;0;1;0;0;0;0;0;0;0;0;0;2;0;0;1,0;2;0;0;2;3;0;0;5
2023_02_SF_LA;LA;2;2023;0;0;00-0030332;3;0;3;0;0;0;1;2;0;0;0;0;0;0;0;0;2;0;0;1,0;2;0;0;2;3;8;0;13
2023_02_LAC_TEN;LAC;2;2023;1;0;00-0037224;3;0;3;0;0;1;2;0;0;0;0;0;0;0;0;0;1;0;0;1,0;1;0;0;1;9;0;0;10
2023_02_LV_BUF;LV;2;2023;0;0;00-0034161;1;0;1;0;0;0;0;1;0;0;0;0;0;0;0;0;1;0;0;1,0;1;0;0;1;0;4;0;5
2023_02_MIA_NE;MIA;2;2023;0;0;00-0034794;1;1;3;1;0;1;0;0;0;0;0;0;0;0;1;0;3;0;0;1,0;3;0;0;3;3;0;0;6
2023_02_MIN_PHI;MIN;2;2023;0;0;00-0034450;0;0;0;0;0;0;0;0;0;0;0;0;0;0;0;0;4;0;0;1,0;4;0;0;4;0;0;0;4
2023_02_MIA_NE;NE;2;2023;0;0;00-0038567;1;0;1;0;0;0;0;1;0;0;0;0;0;0;0;0;2;0;0;1,0;2;0;0;2;0;4;0;6
2023_02_NO_CAR;NO;2;2023;0;0;00-0038905;2;0;2;0;0;2;0;0;0;0;0;0;0;0;0;0;2;0;0;1,0;2;0;0;2;6;0;0;8
2023_02_NYG_ARI;NYG;2;2023;0;0;00-0026858;1;0;1;0;0;0;1;0;0;0;0;0;0;0;0;0;4;0;0;1,0;4;1;1;4;3;0;0;7
2023_02_NYJ_DAL;NYJ;2;2023;0;0;00-0035145;1;0;1;0;0;0;1;0;0;0;0;0;0;0;0;0;1;0;0;1,0;1;0;0;1;3;0;0;4
2023_02_MIN_PHI;PHI;2;2023;0;0;00-0033787;2;1;3;0;0;1;0;0;0;1;0;0;0;0;1;0;4;0;0;1,0;4;0;0;4;3;0;5;12
2023_02_CLE_PIT;PIT;2;2023;0;0;00-0031136;2;0;2;0;0;0;0;0;2;0;0;0;0;0;0;0;2;0;0;1,0;2;0;0;2;0;0;10;12
2023_02_SEA_DET;SEA;2;2023;0;0;00-0031492;1;2;3;0;0;1;0;0;0;0;0;0;0;1;1;0;4;0;0;1,0;4;0;0;4;3;0;0;7
2023_02_SF_LA;SF;2;2023;0;0;00-0038562;3;0;3;0;0;2;0;0;1;0;0;0;0;0;0;0;3;0;0;1,0;3;0;0;3;6;0;5;14
2023_02_CHI_TB;TB;2;2023;0;0;00-0035358;2;0;3;1;0;2;0;0;0;0;0;0;0;0;0;0;3;0;0;1,0;3;0;0;3;6;0;0;9
2023_02_LAC_TEN;TEN;2;2023;0;0;00-0025565;2;0;2;0;0;0;1;1;0;0;0;0;0;0;0;0;3;0;0;1,0;3;1;1;3;3;4;0;10
2023_02_WAS_DEN;WAS;2;2023;0;1;00-0035192;2;2;4;0;0;0;0;2;0;0;0;0;0;1;1;0;3;0;0;1,0;3;0;0;3;0;8;0;11
2023_03_DAL_ARI;ARI;3;2023;0;0;00-0023853;3;0;3;0;0;0;1;1;0;1;0;0;0;0;0;0;1;0;0;1,0;1;0;0;1;3;4;5;13
2023_03_IND_BAL;BAL;3;2023;0;0;00-0029597;1;1;2;0;0;0;0;0;1;0;0;0;0;0;0;1;2;0;0;1,0;2;0;0;2;0;0;5;7
2023_03_BUF_WAS;BUF;3;2023;0;0;00-0036162;3;0;3;0;0;0;2;0;1;0;0;0;0;0;0;0;4;0;0;1,0;4;0;0;4;6;0;5;15
2023_03_CAR_SEA;CAR;3;2023;0;0;00-0034173;2;1;3;0;0;0;0;2;0;0;0;0;0;0;1;0;3;0;0;1,0;3;0;0;3;0;8;0;11
2023_03_CHI_KC;CHI;3;2023;0;0;00-0031203;1;0;1;0;0;1;0;0;0;0;0;0;0;0;0;0;1;0;0;1,0;1;0;0;1;3;0;0;4
2023_03_LA_CIN;CIN;3;2023;0;0;00-0036854;4;1;5;0;0;0;0;2;2;0;0;0;0;0;1;0;1;0;0;1,0;1;0;0;1;0;8;10;19
2023_03_TEN_CLE;CLE;3;2023;0;0;00-0030098;2;0;2;0;0;0;0;1;1;0;0;0;0;0;0;0;3;0;0;1,0;3;0;0;3;0;4;5;12
2023_03_DAL_ARI;DAL;3;2023;0;0;00-0037692;3;0;3;0;0;2;0;1;0;0;0;0;0;0;0;0;1;0;0;1,0;1;0;0;1;6;4;0;11
2023_03_DEN_MIA;DEN;3;2023;0;0;00-0032569;2;0;2;0;0;1;1;0;0;0;0;0;0;0;0;0;2;0;0;1,0;2;0;0;2;6;0;0;8
2023_03_ATL_DET;DET;3;2023;0;0;00-0036816;2;0;2;0;0;1;1;0;0;0;0;0;0;0;0;0;2;0;0;1,0;2;0;0;2;6;0;0;8
2023_03_NO_GB;GB;3;2023;1;0;00-0038402;1;0;1;0;0;0;1;0;0;0;0;0;0;0;0;0;1;0;0;1,0;1;0;0;1;3;0;0;4
2023_03_HOU_JAX;HOU;3;2023;0;0;00-0032726;3;0;3;0;0;2;1;0;0;0;0;0;0;0;0;0;4;0;0;1,0;4;0;0;4;9;0;0;13
2023_03_IND_BAL;IND;3;2023;0;0;00-0035269;5;0;5;0;0;0;1;0;4;0;0;0;0;0;0;0;1;0;0;1,0;1;1;1;1;3;0;20;24
2023_03_HOU_JAX;JAX;3;2023;0;0;00-0029822;1;1;3;1;0;0;1;0;0;0;0;0;0;1;0;0;2;0;0;1,0;2;0;0;2;3;0;0;5
2023_03_CHI_KC;KC;3;2023;0;0;00-0033303;2;0;2;0;0;0;1;1;0;0;0;0;0;0;0;0;5;0;0;1,0;5;0;0;5;3;4;0;12
2023_03_LA_CIN;LA;3;2023;0;0;00-0030332;3;0;3;0;0;1;1;1;0;0;0;0;0;0;0;0;1;0;0;1,0;1;0;0;1;6;4;0;11
2023_03_LAC_MIN;LAC;3;2023;0;0;00-0037224;0;1;1;0;0;0;0;0;0;0;0;0;0;0;1;0;4;0;0;1,0;4;0;0;4;0;0;0;4
2023_03_PIT_LV;LV;3;2023;1;0;00-0034161;1;0;1;0;0;1;0;0;0;0;0;0;0;0;0;0;1;0;0;1,0;1;0;0;1;3;0;0;4
2023_03_DEN_MIA;MIA;3;2023;0;0;00-0034794;0;0;0;0;0;0;0;0;0;0;0;0;0;0;0;0;10;0;0;1,0;10;0;0;10;0;0;0;10
2023_03_LAC_MIN;MIN;3;2023;0;0;00-0034450;1;0;1;0;0;1;0;0;0;0;0;0;0;0;0;0;3;0;0;1,0;3;0;0;3;3;0;0;6
2023_03_NE_NYJ;NE;3;2023;0;0;00-0038567;2;2;4;0;0;0;0;1;1;0;0;0;0;1;1;0;1;0;0;1,0;1;0;0;1;0;4;5;10
2023_03_NO_GB;NO;3;2023;0;0;00-0038905;1;1;2;0;0;1;0;0;0;0;0;0;0;1;0;0;2;0;0;1,0;2;0;1;2;3;0;0;5
2023_03_NE_NYJ;NYJ;3;2023;0;0;00-0029621;1;0;1;0;0;0;0;0;1;0;0;0;0;0;0;0;1;0;0;1,0;1;0;0;1;0;0;5;6
2023_03_PHI_TB;PHI;3;2023;0;0;00-0033787;3;0;3;0;0;1;2;0;0;0;0;0;0;0;0;0;2;0;0;1,0;2;0;0;2;9;0;0;11
2023_03_PIT_LV;PIT;3;2023;0;0;00-0031136;3;0;3;0;0;0;0;2;1;0;0;0;0;0;0;0;2;0;0;1,0;2;0;0;2;0;8;5;15
2023_03_CAR_SEA;SEA;3;2023;1;0;00-0031492;5;0;5;0;0;0;4;1;0;0;0;0;0;0;0;0;2;0;0;1,0;2;0;0;2;12;4;0;18
2023_03_NYG_SF;SF;3;2023;0;0;00-0038562;3;0;3;0;0;2;1;0;0;0;0;0;0;0;0;0;3;0;0;1,0;3;0;0;3;9;0;0;12
2023_04_ARI_SF;ARI;4;2023;0;0;00-0023853;1;0;1;0;0;0;1;0;0;0;0;0;0;0;0;0;1;0;0;1,0;1;0;0;1;3;0;0;4
2023_04_ATL_JAX;ATL;4;2023;0;0;00-0033702;0;0;0;0;0;0;0;0;0;0;0;0;0;0;0;0;1;0;0;1,0;1;0;0;1;0;0;0;1
2023_04_BAL_CLE;BAL;4;2023;0;0;00-0029597;0;0;0;0;0;0;0;0;0;0;0;0;0;0;0;0;4;0;0;1,0;4;0;0;4;0;0;0;4
2023_04_MIA_BUF;BUF;4;2023;0;0;00-0036162;2;0;2;0;0;0;1;0;1;0;0;0;0;0;0;0;6;0;0;1,0;6;0;0;6;3;0;5;14
2023_04_MIN_CAR;CAR;4;2023;0;0;00-0034173;2;0;2;0;0;1;0;0;1;0;0;0;0;0;0;0;1;0;0;1,0;1;0;0;1;3;0;5;9
2023_04_DEN_CHI;CHI;4;2023;0;0;00-0031203;0;0;0;0;0;0;0;0;0;0;0;0;0;0;0;0;4;0;0;1,0;4;0;0;4;0;0;0;4
2023_04_NE_DAL;DAL;4;2023;1;0;00-0037692;3;0;3;0;0;2;1;0;0;0;0;0;0;0;0;0;3;0;0;1,0;3;0;0;3;9;0;0;12
2023_04_DEN_CHI;DEN;4;2023;0;0;00-0032569;1;0;1;0;0;0;0;0;1;0;0;0;0;0;0;0;4;0;0;1,0;4;0;0;4;0;0;5;9
2023_04_DET_GB;DET;4;2023;0;0;00-0036816;2;0;2;0;0;0;2;0;0;0;0;0;0;0;0;0;4;0;0;1,0;4;0;0;4;6;0;0;10
2023_04_PIT_HOU;HOU;4;2023;0;0;00-0032726;3;0;3;0;0;0;3;0;0;0;0;0;0;0;0;0;3;0;0;1,0;3;0;0;3;9;0;0;12
2023_04_LA_IND;IND;4;2023;2;0;00-0035269;0;1;1;0;0;0;0;0;0;0;0;0;0;1;0;0;1;0;0;1,0;1;0;0;1;0;0;0;1
2023_04_ATL_JAX;JAX;4;2023;0;0;00-0029822;3;0;3;0;0;0;1;1;1;0;0;0;0;0;0;0;2;0;0;1,0;2;0;0;2;3;4;5;14
2023_04_KC_NYJ;KC;4;2023;0;0;00-0033303;3;0;3;0;0;1;2;0;0;0;0;0;0;0;0;0;2;0;0;1,0;2;0;0;2;9;0;0;11
2023_04_LA_IND;LA;4;2023;0;0;00-0030332;3;2;5;0;0;0;0;1;2;0;0;0;0;2;0;0;2;0;0;1,0;2;0;0;2;0;4;10;16
2023_04_LV_LAC;LAC;4;2023;0;0;00-0037224;1;0;1;0;0;0;1;0;0;0;0;0;0;0;0;0;3;0;0;1,0;3;0;0;3;3;0;0;6
2023_04_LV_LAC;LV;4;2023;0;0;00-0034161;1;0;1;0;0;1;0;0;0;0;0;0;0;0;0;0;2;0;0;1,0;2;0;0;2;3;0;0;5
2023_04_MIA_BUF;MIA;4;2023;0;0;00-0034794;0;0;0;0;0;0;0;0;0;0;0;0;0;0;0;0;2;0;0;1,0;2;0;0;2;0;0;0;2
2023_04_MIN_CAR;MIN;4;2023;0;0;00-0034450;0;0;0;0;0;0;0;0;0;0;0;0;0;0;0;0;3;0;0;1,0;3;0;0;3;0;0;0;3
2023_04_KC_NYJ;NYJ;4;2023;0;1;00-0029621;1;1;2;0;0;0;1;0;0;0;0;0;0;0;1;0;1;0;0;1,0;1;0;0;1;3;0;0;4
2023_04_WAS_PHI;PHI;4;2023;0;1;00-0033787;4;0;4;0;0;0;1;2;1;0;0;0;0;0;0;0;2;0;0;1,0;2;1;1;2;3;8;5;18
2023_04_SEA_NYG;SEA;4;2023;0;0;00-0031492;1;1;2;0;0;0;1;0;0;0;0;0;0;0;1;0;3;0;0;1,0;3;0;0;3;3;0;0;6
2023_04_ARI_SF;SF;4;2023;0;0;00-0038562;0;0;0;0;0;0;0;0;0;0;0;0;0;0;0;0;5;0;0;1,0;5;0;0;5;0;0;0;5
2023_04_TB_NO;TB;4;2023;0;0;00-0035358;2;0;2;0;0;1;0;0;1;0;0;0;0;0;0;0;2;0;0;1,0;2;0;0;2;3;0;5;10
2023_04_CIN_TEN;TEN;4;2023;0;0;00-0025565;2;0;2;0;0;0;1;0;1;0;0;0;0;0;0;0;3;0;0;1,0;3;0;0;3;3;0;5;11
2023_04_WAS_PHI;WAS;4;2023;0;0;00-0035192;1;0;1;0;0;1;0;0;0;0;0;0;0;0;0;0;4;0;0;1,0;4;0;0;4;3;0;0;7
2023_05_CIN_ARI;ARI;5;2023;0;0;00-0023853;0;0;0;0;0;0;0;0;0;0;0;0;0;0;0;0;3;1;0;0,6666666666666666;2;0;0;2;0;0;0;2
2023_05_HOU_ATL;ATL;5;2023;1;0;00-0033702;2;0;2;0;0;0;2;0;0;0;0;0;0;0;0;0;1;0;0;1,0;1;1;1;1;6;0;0;7
2023_05_BAL_PIT;BAL;5;2023;0;0;00-0029597;1;0;1;0;0;1;0;0;0;0;0;0;0;0;0;0;1;0;0;1,0;1;0;0;1;3;0;0;4
2023_05_JAX_BUF;BUF;5;2023;0;0;00-0036162;0;0;0;0;0;0;0;0;0;0;0;0;0;0;0;0;2;0;0;1,0;2;0;0;2;0;0;0;2
2023_05_CAR_DET;CAR;5;2023;0;0;00-0034173;1;0;1;0;0;0;1;0;0;0;0;0;0;0;0;0;3;0;0;1,0;3;0;0;3;3;0;0;6
2023_05_CHI_WAS;CHI;5;2023;0;0;00-0031203;4;0;4;0;0;1;2;1;0;0;0;0;0;0;0;0;4;0;0;1,0;4;0;0;4;9;4;0;17
2023_05_CIN_ARI;CIN;5;2023;0;0;00-0036854;2;0;2;0;0;0;0;2;0;0;0;0;0;0;0;0;4;0;0;1,0;4;0;0;4;0;8;0;12
2023_05_DAL_SF;DAL;5;2023;0;0;00-0037692;1;0;1;0;0;0;0;0;1;0;0;0;0;0;0;0;1;0;0;1,0;1;0;0;1;0;0;5;6
2023_05_NYJ_DEN;DEN;5;2023;0;1;00-0032569;2;0;2;0;0;2;0;0;0;0;0;0;0;0;0;0;1;0;0;1,0;1;0;0;1;6;0;0;7
2023_05_CAR_DET;DET;5;2023;0;0;00-0036816;0;0;0;0;0;0;0;0;0;0;0;0;0;0;0;0;6;0;0;1,0;6;0;0;6;0;0;0;6
2023_05_GB_LV;GB;5;2023;0;0;00-0038402;2;0;2;0;0;1;1;0;0;0;0;0;0;0;0;0;1;0;0;1,0;1;0;0;1;6;0;0;7
2023_05_HOU_ATL;HOU;5;2023;0;0;00-0032726;4;0;4;0;0;1;1;2;0;0;0;0;0;0;0;0;1;0;0;1,0;1;0;0;1;6;8;0;15
2023_05_TEN_IND;IND;5;2023;0;0;00-0035269;3;0;3;0;0;1;1;1;0;0;0;0;0;0;0;0;2;0;0;1,0;2;0;0;2;6;4;0;12
2023_05_JAX_BUF;JAX;5;2023;0;1;00-0029822;1;0;1;0;0;0;0;1;0;0;0;0;0;0;0;0;2;0;0;1,0;2;0;0;2;0;4;0;6
2023_05_KC_MIN;KC;5;2023;0;0;00-0033303;2;0;2;0;0;0;1;1;0;0;0;0;0;0;0;0;3;0;0;1,0;3;0;0;3;3;4;0;10
2023_05_PHI_LA;LA;5;2023;0;0;00-0030332;0;0;0;0;0;0;0;0;0;0;0;0;0;0;0;0;2;0;0;1,0;2;0;0;2;0;0;0;2
2023_05_GB_LV;LV;5;2023;0;0;00-0034161;1;1;3;1;0;1;0;0;0;0;0;0;0;0;1;0;2;0;0;1,0;2;0;0;2;3;0;0;5
2023_05_NYG_MIA;MIA;5;2023;0;0;00-0034794;1;0;1;0;0;0;0;1;0;0;0;0;0;0;0;0;4;0;0;1,0;4;0;0;4;0;4;0;8
2023_05_KC_MIN;MIN;5;2023;0;0;00-0034450;2;0;2;0;0;1;0;1;0;0;0;0;0;0;0;0;2;0;0;1,0;2;0;0;2;3;4;0;9
2023_05_NO_NE;NO;5;2023;0;0;00-0038905;2;0;2;0;0;0;0;0;2;0;0;0;0;0;0;0;4;0;0;1,0;4;0;0;4;0;0;10;14
2023_05_NYG_MIA;NYG;5;2023;0;0;00-0026858;3;1;4;0;0;0;1;1;1;0;0;0;0;0;1;0;1;0;0;1,0;1;0;0;1;3;4;5;13
2023_05_NYJ_DEN;NYJ;5;2023;0;0;00-0029621;5;0;5;0;0;3;1;1;0;0;0;0;0;0;0;0;2;0;0;1,0;2;0;0;2;12;4;0;18
2023_05_PHI_LA;PHI;5;2023;0;0;00-0033787;3;0;3;0;0;2;1;0;0;0;0;0;0;0;0;0;2;0;0;1,0;2;0;0;2;9;0;0;11
2023_05_DAL_SF;SF;5;2023;0;0;00-0038562;0;0;0;0;0;0;0;0;0;0;0;0;0;0;0;0;6;0;0;1,0;6;0;0;6;0;0;0;6
2023_05_TEN_IND;TEN;5;2023;0;0;00-0025565;3;0;3;0;0;1;1;0;1;0;0;0;0;0;0;0;1;0;0;1,0;1;0;0;1;6;0;5;12
2023_06_WAS_ATL;ATL;6;2023;0;0;00-0033702;1;0;1;0;0;0;0;1;0;0;0;0;0;0;0;0;1;0;0;1,0;1;0;0;1;0;4;0;5
2023_06_BAL_TEN;BAL;6;2023;0;0;00-0029597;6;0;6;0;0;4;1;1;0;0;0;0;0;0;0;0;1;0;1;0,0;0;0;0;0;15;4;0;19
2023_06_NYG_BUF;BUF;6;2023;0;0;00-0036162;0;2;2;0;0;0;0;0;0;0;0;0;0;0;2;0;2;0;0;1,0;2;0;0;2;0;0;0;2
2023_06_CAR_MIA;CAR;6;2023;0;0;00-0034173;0;1;1;0;0;0;0;0;0;0;0;0;0;1;0;0;3;0;0;1,0;3;0;0;3;0;0;0;3
2023_06_MIN_CHI;CHI;6;2023;0;0;00-0031203;2;0;2;0;0;1;0;0;1;0;0;0;0;0;0;0;1;0;0;1,0;1;0;0;1;3;0;5;9
2023_06_SEA_CIN;CIN;6;2023;0;0;00-0036854;1;0;1;0;0;0;0;0;1;0;0;0;0;0;0;0;2;0;0;1,0;2;0;0;2;0;0;5;7
2023_06_SF_CLE;CLE;6;2023;0;0;00-0030098;4;1;5;0;0;1;0;2;1;0;0;0;0;1;0;0;1;0;0;1,0;1;0;0;1;3;8;5;17
2023_06_DAL_LAC;DAL;6;2023;0;0;00-0037692;2;0;2;0;0;0;2;0;0;0;0;0;0;0;0;0;2;0;0;1,0;2;0;0;2;6;0;0;8
2023_06_DET_TB;DET;6;2023;0;0;00-0036816;2;1;3;0;0;0;2;0;0;0;0;0;0;0;1;0;2;0;0;1,0;2;0;0;2;6;0;0;8
2023_06_NO_HOU;HOU;6;2023;0;0;00-0032726;2;0;2;0;0;2;0;0;0;0;0;0;0;0;0;0;2;0;0;1,0;2;0;0;2;6;0;0;8
2023_06_IND_JAX;IND;6;2023;0;0;00-0035269;2;0;2;0;0;1;0;0;1;0;0;0;0;0;0;0;2;0;0;1,0;2;0;0;2;3;0;5;10
2023_06_IND_JAX;JAX;6;2023;0;0;00-0029822;3;0;3;0;0;0;0;2;1;0;0;0;0;0;0;0;4;0;0;1,0;4;0;0;4;0;8;5;17
2023_06_DEN_KC;KC;6;2023;0;0;00-0033303;4;0;4;0;0;1;1;0;1;1;0;0;0;0;0;0;1;0;0;1,0;1;0;0;1;6;0;10;17
2023_06_ARI_LA;LA;6;2023;0;0;00-0030332;4;0;4;0;0;2;1;1;0;0;0;0;0;0;0;0;2;0;0;1,0;2;0;0;2;9;4;0;15
2023_06_DAL_LAC;LAC;6;2023;0;0;00-0037224;1;0;1;0;0;1;0;0;0;0;0;0;0;0;0;0;2;0;0;1,0;2;0;0;2;3;0;0;5
2023_06_NE_LV;LV;6;2023;0;0;00-0034161;4;0;4;0;0;2;2;0;0;0;0;0;0;0;0;0;1;0;0;1,0;1;0;0;1;12;0;0;13
2023_06_CAR_MIA;MIA;6;2023;0;0;00-0034794;0;0;0;0;0;0;0;0;0;0;0;0;0;0;0;0;6;0;0;1,0;6;0;0;6;0;0;0;6
2023_06_MIN_CHI;MIN;6;2023;0;0;00-0034450;2;1;3;0;0;0;0;0;2;0;0;0;0;0;1;0;2;0;1;0,5;1;0;0;1;0;0;10;11
2023_06_NE_LV;NE;6;2023;0;0;00-0038567;1;0;1;0;0;0;0;1;0;0;0;0;0;0;0;0;2;0;0;1,0;2;0;0;2;0;4;0;6
2023_06_NO_HOU;NO;6;2023;0;0;00-0038905;2;2;4;0;0;0;0;2;0;0;0;1;0;0;1;0;1;0;0;1,0;1;0;0;1;0;8;0;9
2023_06_PHI_NYJ;PHI;6;2023;0;0;00-0033787;0;1;1;0;0;0;0;0;0;0;0;0;1;0;0;0;2;0;0;1,0;2;0;0;2;0;0;0;2
2023_06_SEA_CIN;SEA;6;2023;0;0;00-0031492;2;0;2;0;0;1;0;0;1;0;0;0;0;0;0;0;1;0;0;1,0;1;0;0;1;3;0;5;9
2023_06_SF_CLE;SF;6;2023;0;0;00-0038562;1;2;3;0;0;1;0;0;0;0;0;0;0;1;1;0;2;0;0;1,0;2;0;1;2;3;0;0;5
2023_06_BAL_TEN;TEN;6;2023;0;0;00-0025565;3;0;3;0;0;2;1;0;0;0;0;0;0;0;0;0;1;0;0;1,0;1;0;0;1;9;0;0;10
2023_06_WAS_ATL;WAS;6;2023;0;0;00-0035192;1;0;1;0;0;0;1;0;0;0;0;0;0;0;0;0;3;0;0;1,0;3;0;0;3;3;0;0;6
2023_07_ARI_SEA;ARI;7;2023;0;0;00-0023853;1;1;2;0;0;0;0;1;0;0;0;0;1;0;0;0;1;0;0;1,0;1;0;0;1;0;4;0;5
2023_07_ATL_TB;ATL;7;2023;0;0;00-0033702;3;0;3;0;0;1;0;1;1;0;0;0;0;0;0;0;1;0;0;1,0;1;1;1;1;3;4;5;13
2023_07_DET_BAL;BAL;7;2023;0;0;00-0029597;1;0;1;0;0;0;1;0;0;0;0;0;0;0;0;0;5;0;0;1,0;5;0;0;5;3;0;0;8
2023_07_BUF_NE;BUF;7;2023;1;0;00-0036162;1;1;2;0;0;0;1;0;0;0;0;0;0;1;0;0;2;0;0;1,0;2;0;0;2;3;0;0;5
2023_07_LV_CHI;CHI;7;2023;0;0;00-0031203;1;0;1;0;0;0;0;0;1;0;0;0;0;0;0;0;4;0;1;0,75;3;0;0;3;0;0;5;8
2023_07_CLE_IND;CLE;7;2023;0;0;00-0030098;4;0;4;0;0;0;0;1;3;0;0;0;0;0;0;0;3;0;0;1,0;3;0;0;3;0;4;15;22
2023_07_GB_DEN;DEN;7;2023;0;0;00-0032569;4;0;4;0;0;1;2;0;1;0;0;0;0;0;0;0;1;0;0;1,0;1;0;0;1;9;0;5;15
2023_07_GB_DEN;GB;7;2023;0;0;00-0038402;1;1;2;0;0;1;0;0;0;0;0;0;0;1;0;0;2;0;0;1,0;2;0;0;2;3;0;0;5
2023_07_CLE_IND;IND;7;2023;0;0;00-0035269;1;0;2;1;0;1;0;0;0;0;0;0;0;0;0;0;5;0;0;1,0;5;0;0;5;3;0;0;8
2023_07_JAX_NO;JAX;7;2023;0;0;00-0029822;1;0;1;0;0;0;0;1;0;0;0;0;0;0;0;0;4;0;0;1,0;4;0;0;4;0;4;0;8
2023_07_LAC_KC;KC;7;2023;0;0;00-0033303;1;0;1;0;0;0;1;0;0;0;0;0;0;0;0;0;4;0;0;1,0;4;0;0;4;3;0;0;7
2023_07_PIT_LA;LA;7;2023;1;0;00-0030332;1;2;3;0;0;0;0;1;0;0;0;0;0;0;2;0;1;1;0;0,0;0;0;0;0;0;4;0;4
2023_07_LAC_KC;LAC;7;2023;0;0;00-0037224;1;0;1;0;0;0;0;0;1;0;0;0;0;0;0;0;2;0;0;1,0;2;0;0;2;0;0;5;7
2023_07_MIA_PHI;MIA;7;2023;0;0;00-0034794;1;0;1;0;0;0;0;1;0;0;0;0;0;0;0;0;2;0;0;1,0;2;0;0;2;0;4;0;6
2023_07_SF_MIN;MIN;7;2023;0;0;00-0034450;3;1;4;0;0;2;0;0;1;0;0;0;0;0;1;0;2;1;0;0,5;1;0;0;1;6;0;5;12
2023_07_BUF_NE;NE;7;2023;0;0;00-0038567;3;0;3;0;0;1;1;1;0;0;0;0;0;0;0;0;2;0;0;1,0;2;0;0;2;6;4;0;12
2023_07_JAX_NO;NO;7;2023;1;0;00-0038905;3;1;4;0;0;1;1;1;0;0;0;0;0;0;1;0;1;0;0;1,0;1;0;0;1;6;4;0;11
2023_07_WAS_NYG;NYG;7;2023;0;0;00-0026858;0;1;1;0;0;0;0;0;0;0;0;0;0;1;0;0;2;0;0;1,0;2;0;0;2;0;0;0;2
2023_07_MIA_PHI;PHI;7;2023;0;0;00-0033787;1;0;1;0;0;1;0;0;0;0;0;0;0;0;0;0;4;0;0;1,0;4;0;0;4;3;0;0;7
2023_07_PIT_LA;PIT;7;2023;0;0;00-0031136;1;0;1;0;0;0;0;0;1;0;0;0;0;0;0;0;3;0;0;1,0;3;0;0;3;0;0;5;8
2023_07_ARI_SEA;SEA;7;2023;0;0;00-0031492;2;0;2;0;0;1;0;1;0;0;0;0;0;0;0;0;2;0;0;1,0;2;0;0;2;3;4;0;9
2023_07_SF_MIN;SF;7;2023;0;0;00-0038562;1;1;2;0;0;0;0;0;1;0;0;0;0;1;0;0;2;0;0;1,0;2;0;0;2;0;0;5;7
2023_07_ATL_TB;TB;7;2023;0;0;00-0035358;2;0;2;0;0;1;1;0;0;0;0;0;0;0;0;0;1;0;0;1,0;1;0;0;1;6;0;0;7
2023_07_WAS_NYG;WAS;7;2023;0;0;00-0035192;0;0;1;1;0;0;0;0;0;0;0;0;0;0;0;0;1;0;0;1,0;1;0;0;1;0;0;0;1
2023_08_BAL_ARI;ARI;8;2023;0;1;00-0023853;1;0;1;0;0;0;0;1;0;0;0;0;0;0;0;0;1;0;0;1,0;1;0;0;1;0;4;0;5
2023_08_ATL_TEN;ATL;8;2023;0;0;00-0033702;3;0;3;0;0;1;1;1;0;0;0;0;0;0;0;0;2;0;0;1,0;2;0;0;2;6;4;0;12
2023_08_BAL_ARI;BAL;8;2023;0;0;00-0029597;1;1;2;0;0;0;0;1;0;0;0;0;0;0;1;0;4;0;0;1,0;4;0;0;4;0;4;0;8
2023_08_TB_BUF;BUF;8;2023;0;0;00-0036162;1;0;1;0;0;0;1;0;0;0;0;0;0;0;0;0;3;0;0;1,0;3;0;0;3;3;0;0;6
2023_08_HOU_CAR;CAR;8;2023;0;0;00-0034173;3;0;3;0;0;1;1;1;0;0;0;0;0;0;0;0;1;1;0;0,0;0;1;1;0;6;4;0;10
2023_08_CHI_LAC;CHI;8;2023;0;0;00-0031203;0;0;0;0;0;0;0;0;0;0;0;0;0;0;0;0;1;0;0;1,0;1;0;0;1;0;0;0;1
2023_08_CIN_SF;CIN;8;2023;0;0;00-0036854;1;1;2;0;0;0;0;0;1;0;0;0;0;0;1;0;4;0;0;1,0;4;0;0;4;0;0;5;9
2023_08_CLE_SEA;CLE;8;2023;0;0;00-0030098;2;0;2;0;0;2;0;0;0;0;0;0;0;0;0;0;2;0;0;1,0;2;0;0;2;6;0;0;8
2023_08_LA_DAL;DAL;8;2023;0;0;00-0037692;2;0;2;0;0;1;0;0;1;0;0;0;0;0;0;0;5;0;0;1,0;5;0;0;5;3;0;5;13
2023_08_KC_DEN;DEN;8;2023;0;0;00-0032569;1;0;2;1;0;1;0;0;0;0;0;0;0;0;0;0;3;0;0;1,0;3;0;0;3;3;0;0;6
2023_08_LV_DET;DET;8;2023;0;0;00-0036816;4;1;5;0;0;0;2;1;1;0;0;1;0;0;0;0;2;0;0;1,0;2;0;0;2;6;4;5;17
2023_08_MIN_GB;GB;8;2023;0;0;00-0038402;1;0;1;0;0;0;1;0;0;0;0;0;0;0;0;0;1;0;0;1,0;1;0;0;1;3;0;0;4
2023_08_HOU_CAR;HOU;8;2023;0;0;00-0032726;0;0;0;0;0;0;0;0;0;0;0;0;0;0;0;0;1;0;0;1,0;1;0;0;1;0;0;0;1
2023_08_NO_IND;IND;8;2023;0;0;00-0035269;2;0;2;0;0;1;0;1;0;0;0;0;0;0;0;0;3;0;0;1,0;3;0;0;3;3;4;0;10
2023_08_CHI_LAC;LAC;8;2023;0;0;00-0037224;3;0;3;0;0;0;0;2;1;0;0;0;0;0;0;0;3;0;0;1,0;3;0;0;3;0;8;5;16
2023_08_LV_DET;LV;8;2023;0;0;00-0034161;0;0;0;0;0;0;0;0;0;0;0;0;0;0;0;0;2;0;0;1,0;2;0;0;2;0;0;0;2
2023_08_NE_MIA;MIA;8;2023;0;0;00-0034794;1;0;1;0;0;0;1;0;0;0;0;0;0;0;0;0;4;0;0;1,0;4;0;0;4;3;0;0;7
2023_08_MIN_GB;MIN;8;2023;0;0;00-0034450;1;1;3;1;0;1;0;0;0;0;0;0;0;1;0;0;3;0;0;1,0;3;0;0;3;3;0;0;6
2023_08_NE_MIA;NE;8;2023;0;0;00-0038567;1;0;1;0;0;0;1;0;0;0;0;0;0;0;0;0;2;0;0;1,0;2;0;0;2;3;0;0;5
2023_08_NO_IND;NO;8;2023;0;0;00-0038905;1;0;1;0;0;1;0;0;0;0;0;0;0;0;0;0;5;0;0;1,0;5;0;0;5;3;0;0;8
2023_08_NYJ_NYG;NYG;8;2023;0;0;00-0026858;1;2;3;0;0;0;1;0;0;0;0;0;1;1;0;0;1;0;0;1,0;1;0;0;1;3;0;0;4
2023_08_NYJ_NYG;NYJ;8;2023;0;0;00-0029621;2;0;2;0;0;0;2;0;0;0;0;0;0;0;0;0;1;0;0;1,0;1;1;1;1;6;0;0;7
2023_08_PHI_WAS;PHI;8;2023;0;0;00-0033787;1;0;1;0;0;0;0;0;1;0;0;0;0;0;0;0;5;0;0;1,0;5;0;0;5;0;0;5;10
2023_08_JAX_PIT;PIT;8;2023;0;0;00-0031136;1;1;2;0;0;1;0;0;0;0;0;0;0;0;0;1;1;0;0;1,0;1;0;0;1;3;0;0;4
2023_08_CLE_SEA;SEA;8;2023;0;0;00-0031492;1;0;1;0;0;0;1;0;0;0;0;0;0;0;0;0;3;0;0;1,0;3;0;0;3;3;0;0;6
2023_08_CIN_SF;SF;8;2023;0;0;00-0038562;1;0;1;0;0;0;1;0;0;0;0;0;0;0;0;0;2;0;0;1,0;2;0;0;2;3;0;0;5
2023_08_TB_BUF;TB;8;2023;1;0;00-0035358;1;0;2;1;0;0;0;0;1;0;0;0;0;0;0;0;1;0;0;1,0;1;0;0;1;0;0;5;6
2023_08_ATL_TEN;TEN;8;2023;0;0;00-0025565;0;0;0;0;0;0;0;0;0;0;0;0;0;0;0;0;4;0;0;1,0;4;0;0;4;0;0;0;4
2023_08_PHI_WAS;WAS;8;2023;0;0;00-0035192;1;0;1;0;0;0;0;0;0;1;0;0;0;0;0;0;4;0;0;1,0;4;0;0;4;0;0;5;9
2023_09_MIN_ATL;ATL;9;2023;0;0;00-0033702;4;0;4;0;0;1;0;1;2;0;0;0;0;0;0;0;2;0;0;1,0;2;0;0;2;3;4;10;19
2023_09_SEA_BAL;BAL;9;2023;0;0;00-0029597;3;0;3;0;0;0;2;1;0;0;0;0;0;0;0;0;4;0;0;1,0;4;0;0;4;6;4;0;14
2023_09_BUF_CIN;BUF;9;2023;1;0;00-0036162;1;0;1;0;0;0;1;0;0;0;0;0;0;0;0;0;1;0;0;1,0;1;0;0;1;3;0;0;4
2023_09_IND_CAR;CAR;9;2023;0;0;00-0034173;2;0;2;0;0;0;1;1;0;0;0;0;0;0;0;0;1;0;0;1,0;1;0;0;1;3;4;0;8
2023_09_CHI_NO;CHI;9;2023;0;0;00-0031203;1;1;2;0;0;0;1;0;0;0;0;0;0;1;0;0;2;0;0;1,0;2;0;0;2;3;0;0;5
2023_09_BUF_CIN;CIN;9;2023;0;0;00-0036854;1;0;1;0;0;1;0;0;0;0;0;0;0;0;0;0;3;0;0;1,0;3;0;0;3;3;0;0;6
2023_09_ARI_CLE;CLE;9;2023;0;0;00-0030098;2;1;3;0;0;0;1;1;0;0;0;0;0;1;0;0;3;0;0;1,0;3;0;0;3;3;4;0;10
2023_09_DAL_PHI;DAL;9;2023;0;0;00-0037692;1;0;1;0;0;0;0;0;1;0;0;0;0;0;0;0;2;0;0;1,0;2;0;0;2;0;0;5;7
2023_09_LA_GB;GB;9;2023;0;0;00-0038402;2;1;3;0;0;1;1;0;0;0;0;0;0;1;0;0;2;0;0;1,0;2;0;0;2;6;0;0;8
2023_09_TB_HOU;HOU;9;2023;0;1;00-0032726;1;0;1;0;0;0;0;0;1;0;0;0;0;0;0;0;1;0;0;1,0;1;0;0;1;0;0;5;6
2023_09_IND_CAR;IND;9;2023;0;0;00-0035269;2;0;2;0;0;1;0;0;1;0;0;0;0;0;0;0;3;0;0;1,0;3;0;0;3;3;0;5;11
2023_09_MIA_KC;KC;9;2023;0;0;00-0033303;0;0;0;0;0;0;0;0;0;0;0;0;0;0;0;0;3;0;0;1,0;3;0;0;3;0;0;0;3
2023_09_LAC_NYJ;LAC;9;2023;0;0;00-0037224;2;0;2;0;0;0;1;0;1;0;0;0;0;0;0;0;3;0;0;1,0;3;0;0;3;3;0;5;11
2023_09_NYG_LV;LV;9;2023;0;0;00-0034161;3;0;3;0;0;1;0;2;0;0;0;0;0;0;0;0;3;0;0;1,0;3;0;0;3;3;8;0;14
2023_09_MIA_KC;MIA;9;2023;0;0;00-0034794;0;0;0;0;0;0;0;0;0;0;0;0;0;0;0;0;2;0;0;1,0;2;0;0;2;0;0;0;2
2023_09_MIN_ATL;MIN;9;2023;1;0;00-0034450;3;0;3;0;1;0;2;0;0;0;0;0;0;0;0;0;2;0;0;1,0;2;0;0;2;9;0;0;11
2023_09_WAS_NE;NE;9;2023;0;0;00-0038567;1;0;1;0;0;0;0;1;0;0;0;0;0;0;0;0;2;0;0;1,0;2;0;0;2;0;4;0;6
2023_09_CHI_NO;NO;9;2023;0;0;00-0038905;1;1;2;0;0;0;0;0;1;0;0;0;0;1;0;0;3;0;0;1,0;3;0;0;3;0;0;5;8
2023_09_DAL_PHI;PHI;9;2023;0;0;00-0033787;0;0;0;0;0;0;0;0;0;0;0;0;0;0;0;0;4;0;0;1,0;4;0;0;4;0;0;0;4
2023_09_TEN_PIT;PIT;9;2023;0;0;00-0031136;2;0;2;0;0;1;1;0;0;0;0;0;0;0;0;0;2;0;0;1,0;2;0;0;2;6;0;0;8
2023_09_TB_HOU;TB;9;2023;0;0;00-0035358;3;0;3;0;0;0;1;1;1;0;0;0;0;0;0;0;4;0;0;1,0;4;0;0;4;3;4;5;16
2023_09_TEN_PIT;TEN;9;2023;0;0;00-0025565;3;0;3;0;0;0;2;1;0;0;0;0;0;0;0;0;1;0;0;1,0;1;0;0;1;6;4;0;11
2023_09_WAS_NE;WAS;9;2023;0;0;00-0035192;2;0;2;0;0;0;2;0;0;0;0;0;0;0;0;0;2;0;0;1,0;2;0;0;2;6;0;0;8
2023_10_ATL_ARI;ARI;10;2023;0;0;00-0023853;4;0;4;0;0;1;0;1;2;0;0;0;0;0;0;0;1;0;0;1,0;1;1;1;1;3;4;10;18
2023_10_ATL_ARI;ATL;10;2023;0;0;00-0033702;1;0;1;0;0;0;1;0;0;0;0;0;0;0;0;0;2;0;0;1,0;2;0;0;2;3;0;0;5
2023_10_CLE_BAL;BAL;10;2023;0;0;00-0029597;1;0;2;1;0;0;1;0;0;0;0;0;0;0;0;0;4;0;0;1,0;4;0;0;4;3;0;0;7
2023_10_DEN_BUF;BUF;10;2023;1;0;00-0036162;0;0;0;0;0;0;0;0;0;0;0;0;0;0;0;0;2;0;0;1,0;2;0;0;2;0;0;0;2
2023_10_CAR_CHI;CAR;10;2023;0;0;00-0034173;2;1;3;0;0;0;2;0;0;0;0;0;0;0;1;0;1;0;0;1,0;1;0;0;1;6;0;0;7
2023_10_CAR_CHI;CHI;10;2023;0;0;00-0031203;3;0;3;0;0;0;2;0;1;0;0;0;0;0;0;0;1;0;0;1,0;1;0;0;1;6;0;5;12
2023_10_HOU_CIN;CIN;10;2023;0;0;00-0036854;2;0;2;0;0;0;1;0;1;0;0;0;0;0;0;0;3;0;0;1,0;3;0;0;3;3;0;5;11
2023_10_CLE_BAL;CLE;10;2023;0;1;00-0030098;4;0;4;0;0;2;1;1;0;0;0;0;0;0;0;0;2;1;0;0,5;1;1;1;1;9;4;0;14
2023_10_NYG_DAL;DAL;10;2023;0;0;00-0037692;0;0;0;0;0;0;0;0;0;0;0;0;0;0;0;0;7;0;0;1,0;7;0;0;7;0;0;0;7
2023_10_DEN_BUF;DEN;10;2023;0;0;00-0032569;4;0;4;0;0;0;1;3;0;0;0;0;0;0;0;0;1;1;0;0,0;0;1;1;0;3;12;0;15
2023_10_DET_LAC;DET;10;2023;0;0;00-0036816;2;0;2;0;0;0;1;1;0;0;0;0;0;0;0;0;5;0;0;1,0;5;1;1;5;3;4;0;12
2023_10_GB_PIT;GB;10;2023;0;0;00-0038402;2;0;2;0;0;1;1;0;0;0;0;0;0;0;0;0;2;0;1;0,5;1;0;0;1;6;0;0;7
2023_10_HOU_CIN;HOU;10;2023;0;0;00-0036469;3;0;3;0;0;1;1;1;0;0;0;0;0;0;0;0;3;0;0;1,0;3;1;1;3;6;4;0;13
2023_10_IND_NE;IND;10;2023;0;0;00-0035269;1;1;2;0;0;0;0;0;1;0;0;0;0;0;1;0;1;0;0;1,0;1;0;0;1;0;0;5;6
2023_10_DET_LAC;LAC;10;2023;0;0;00-0037224;1;0;1;0;0;0;0;1;0;0;0;0;0;0;0;0;5;0;0;1,0;5;0;0;5;0;4;0;9
2023_10_NYJ_LV;LV;10;2023;0;0;00-0034161;3;0;3;0;0;0;0;2;1;0;0;0;0;0;0;0;1;0;0;1,0;1;0;0;1;0;8;5;14
2023_10_NO_MIN;MIN;10;2023;0;0;00-0034450;2;1;3;0;0;0;1;1;0;0;0;0;0;0;1;0;3;0;0;1,0;3;0;0;3;3;4;0;10
2023_10_NYG_DAL;NYG;10;2023;0;0;00-0029421;1;0;1;0;0;0;0;1;0;0;0;0;0;0;0;0;2;0;0;1,0;2;0;0;2;0;4;0;6
2023_10_GB_PIT;PIT;10;2023;0;0;00-0031136;3;0;3;0;0;0;1;2;0;0;0;0;0;0;0;0;2;0;0;1,0;2;0;0;2;3;8;0;13
2023_10_WAS_SEA;SEA;10;2023;0;0;00-0031492;5;0;5;0;0;0;1;4;0;0;0;0;0;0;0;0;2;0;0;1,0;2;1;1;2;3;16;0;21
2023_10_SF_JAX;SF;10;2023;0;0;00-0038562;2;0;2;0;0;0;2;0;0;0;0;0;0;0;0;0;4;0;0;1,0;4;0;0;4;6;0;0;10
2023_10_TEN_TB;TB;10;2023;0;0;00-0035358;2;0;2;0;0;1;1;0;0;0;0;0;0;0;0;0;2;0;0;1,0;2;0;0;2;6;0;0;8
2023_10_WAS_SEA;WAS;10;2023;0;0;00-0035192;2;0;2;0;0;0;0;2;0;0;0;0;0;0;0;0;3;1;0;0,6666666666666666;2;0;0;2;0;8;0;10
2023_11_ARI_HOU;ARI;11;2023;0;0;00-0023853;1;0;1;0;0;0;0;0;1;0;0;0;0;0;0;0;1;0;0;1,0;1;0;0;1;0;0;5;6
2023_11_CIN_BAL;BAL;11;2023;0;0;00-0029597;2;0;2;0;0;1;0;1;0;0;0;0;0;0;0;0;4;0;0;1,0;4;0;0;4;3;4;0;11
2023_11_NYJ_BUF;BUF;11;2023;0;0;00-0036162;4;0;4;0;0;0;2;1;1;0;0;0;0;0;0;0;3;1;0;0,6666666666666666;2;0;0;2;6;4;5;17
2023_11_DAL_CAR;CAR;11;2023;0;0;00-0034173;1;0;1;0;0;0;0;1;0;0;0;0;0;0;0;0;1;0;0;1,0;1;0;0;1;0;4;0;5
2023_11_CHI_DET;CHI;11;2023;0;0;00-0031203;4;0;4;0;0;0;2;1;1;0;0;0;0;0;0;0;2;0;0;1,0;2;0;0;2;6;4;5;17
2023_11_CIN_BAL;CIN;11;2023;0;0;00-0036854;2;1;3;0;0;1;0;0;1;0;0;0;0;0;1;0;2;0;0;1,0;2;0;0;2;3;0;5;10
2023_11_PIT_CLE;CLE;11;2023;0;0;00-0030098;2;0;2;0;0;1;1;0;0;0;0;0;0;0;0;0;1;0;0;1,0;1;1;1;1;6;0;0;7
2023_11_DAL_CAR;DAL;11;2023;0;0;00-0037692;2;0;2;0;0;1;1;0;0;0;0;0;0;0;0;0;4;1;0;0,75;3;0;0;3;6;0;0;9
2023_11_CHI_DET;DET;11;2023;1;0;00-0036816;0;0;0;0;0;0;0;0;0;0;0;0;0;0;0;0;3;0;0;1,0;3;0;0;3;0;0;0;3
2023_11_LAC_GB;GB;11;2023;0;0;00-0038402;1;1;2;0;0;1;0;0;0;0;0;0;0;0;1;0;3;1;0;0,6666666666666666;2;0;0;2;3;0;0;5
2023_11_ARI_HOU;HOU;11;2023;0;0;00-0036469;0;1;1;0;0;0;0;0;0;0;0;0;0;1;0;0;3;0;0;1,0;3;0;0;3;0;0;0;3
2023_11_TEN_JAX;JAX;11;2023;0;0;00-0029822;2;0;2;0;0;1;1;0;0;0;0;0;0;0;0;0;4;0;0;1,0;4;0;0;4;6;0;0;10
2023_11_PHI_KC;KC;11;2023;0;0;00-0033303;1;0;1;0;0;0;0;1;0;0;0;0;0;0;0;0;2;0;0;1,0;2;0;0;2;0;4;0;6
2023_11_SEA_LA;LA;11;2023;0;0;00-0038152;1;0;1;0;0;1;0;0;0;0;0;0;0;0;0;0;2;0;0;1,0;2;0;0;2;3;0;0;5
2023_11_LAC_GB;LAC;11;2023;0;0;00-0037224;2;0;2;0;0;2;0;0;0;0;0;0;0;0;0;0;2;0;0;1,0;2;0;0;2;6;0;0;8
2023_11_LV_MIA;LV;11;2023;0;0;00-0034161;2;0;2;0;0;0;1;1;0;0;0;0;0;0;0;0;1;0;0;1,0;1;0;0;1;3;4;0;8
2023_11_LV_MIA;MIA;11;2023;0;0;00-0034794;2;1;3;0;0;0;0;1;1;0;0;0;0;0;1;0;2;0;0;1,0;2;0;0;2;0;4;5;11
2023_11_MIN_DEN;MIN;11;2023;0;0;00-0034450;2;0;2;0;0;0;2;0;0;0;0;0;0;0;0;0;2;0;0;1,0;2;0;0;2;6;0;0;8
2023_11_NYG_WAS;NYG;11;2023;0;0;00-0029421;1;0;1;0;0;0;1;0;0;0;0;0;0;0;0;0;4;0;0;1,0;4;0;0;4;3;0;0;7
2023_11_PHI_KC;PHI;11;2023;0;0;00-0033787;0;0;0;0;0;0;0;0;0;0;0;0;0;0;0;0;3;0;0;1,0;3;0;0;3;0;0;0;3
2023_11_PIT_CLE;PIT;11;2023;0;0;00-0031136;1;0;1;0;0;1;0;0;0;0;0;0;0;0;0;0;1;0;0;1,0;1;0;0;1;3;0;0;4
2023_11_SEA_LA;SEA;11;2023;0;0;00-0031492;3;1;4;0;0;0;0;1;2;0;0;0;0;0;1;0;1;0;0;1,0;1;0;1;1;0;4;10;15
2023_11_TB_SF;SF;11;2023;0;0;00-0038562;2;0;2;0;0;1;1;0;0;0;0;0;0;0;0;0;3;0;0;1,0;3;0;0;3;6;0;0;9
2023_11_TB_SF;TB;11;2023;0;0;00-0035358;0;0;0;0;0;0;0;0;0;0;0;0;0;0;0;0;2;0;0;1,0;2;0;0;2;0;0;0;2
2023_11_TEN_JAX;TEN;11;2023;0;0;00-0025565;0;0;0;0;0;0;0;0;0;0;0;0;0;0;0;0;2;0;0;1,0;2;0;0;2;0;0;0;2
2023_11_NYG_WAS;WAS;11;2023;0;0;00-0035192;2;0;2;0;0;1;0;1;0;0;0;0;0;0;0;0;2;1;0;0,5;1;0;0;1;3;4;0;8
2023_12_NO_ATL;ATL;12;2023;0;0;00-0033702;1;0;1;0;0;0;1;0;0;0;0;0;0;0;0;0;3;0;0;1,0;3;0;0;3;3;0;0;6
2023_12_BAL_LAC;BAL;12;2023;0;0;00-0029597;2;1;3;0;0;0;0;2;0;0;0;0;0;1;0;0;2;0;0;1,0;2;0;0;2;0;8;0;10
2023_12_BUF_PHI;BUF;12;2023;0;0;00-0036162;2;1;4;1;0;0;0;2;0;0;0;0;0;1;0;0;4;0;0;1,0;4;0;0;4;0;8;0;12
2023_12_CAR_TEN;CAR;12;2023;0;0;00-0034173;1;0;1;0;0;0;0;0;1;0;0;0;0;0;0;0;1;0;0;1,0;1;0;0;1;0;0;5;6
2023_12_PIT_CIN;CIN;12;2023;0;0;00-0036854;1;0;1;0;0;0;0;1;0;0;0;0;0;0;0;0;1;0;0;1,0;1;0;0;1;0;4;0;5
2023_12_WAS_DAL;DAL;12;2023;1;0;00-0037692;1;0;1;0;0;0;0;0;1;0;0;0;0;0;0;0;5;1;0;0,8;4;0;0;4;0;0;5;9
2023_12_CLE_DEN;DEN;12;2023;0;0;00-0032569;2;0;2;0;0;1;1;0;0;0;0;0;0;0;0;0;3;0;0;1,0;3;0;0;3;6;0;0;9
2023_12_GB_DET;DET;12;2023;1;1;00-0036816;0;0;0;0;0;0;0;0;0;0;0;0;0;0;0;0;1;1;0;0,0;0;0;0;0;0;0;0;0
2023_12_GB_DET;GB;12;2023;0;0;00-0038402;1;1;2;0;0;0;0;1;0;0;0;0;0;0;0;1;3;1;0;0,6666666666666666;2;0;0;2;0;4;0;6
2023_12_JAX_HOU;HOU;12;2023;0;0;00-0036469;0;2;2;0;0;0;0;0;0;0;0;0;0;0;2;0;3;0;0;1,0;3;0;0;3;0;0;0;3
2023_12_TB_IND;IND;12;2023;0;0;00-0035269;2;1;3;0;0;0;1;1;0;0;0;0;0;0;1;0;3;0;0;1,0;3;0;0;3;3;4;0;10
2023_12_JAX_HOU;JAX;12;2023;1;0;00-0029822;3;1;4;0;0;0;0;2;1;0;0;0;0;0;1;0;1;0;0;1,0;1;0;0;1;0;8;5;14
2023_12_KC_LV;KC;12;2023;0;0;00-0033303;1;0;1;0;0;0;1;0;0;0;0;0;0;0;0;0;4;0;0;1,0;4;0;0;4;3;0;0;7
2023_12_LA_ARI;LA;12;2023;0;0;00-0038152;1;1;2;0;0;1;0;0;0;0;0;0;0;0;1;0;5;1;0;0,8;4;0;0;4;3;0;0;7
2023_12_BAL_LAC;LAC;12;2023;0;0;00-0037224;1;0;1;0;0;0;1;0;0;0;0;0;0;0;0;0;1;0;0;1,0;1;0;0;1;3;0;0;4
2023_12_KC_LV;LV;12;2023;0;0;00-0034161;1;1;2;0;0;0;1;0;0;0;0;0;1;0;0;0;2;0;0;1,0;2;0;0;2;3;0;0;5
2023_12_MIA_NYJ;MIA;12;2023;0;0;00-0034794;2;0;2;0;0;0;1;0;1;0;0;0;0;0;0;0;4;0;0;1,0;4;0;0;4;3;0;5;12
2023_12_CHI_MIN;MIN;12;2023;0;0;00-0034450;1;0;1;0;0;0;1;0;0;0;0;0;0;0;0;0;1;0;0;1,0;1;0;0;1;3;0;0;4
2023_12_NE_NYG;NE;12;2023;0;0;00-0038567;0;1;1;0;0;0;0;0;0;0;0;0;1;0;0;0;1;0;0;1,0;1;0;0;1;0;0;0;1
2023_12_NE_NYG;NYG;12;2023;0;0;00-0029421;1;0;1;0;0;0;0;1;0;0;0;0;0;0;0;0;1;0;0;1,0;1;0;0;1;0;4;0;5
2023_12_MIA_NYJ;NYJ;12;2023;0;0;00-0029621;0;0;0;0;0;0;0;0;0;0;0;0;0;0;0;0;2;1;0;0,5;1;0;0;1;0;0;0;1
2023_12_BUF_PHI;PHI;12;2023;0;0;00-0033787;1;0;1;0;0;0;0;0;1;0;0;0;0;0;0;0;4;0;0;1,0;4;0;0;4;0;0;5;9
2023_12_PIT_CIN;PIT;12;2023;0;0;00-0031136;3;0;3;0;0;0;2;1;0;0;0;0;0;0;0;0;1;0;0;1,0;1;0;0;1;6;4;0;11
2023_12_SF_SEA;SEA;12;2023;0;0;00-0031492;2;1;3;0;0;0;1;0;1;0;0;0;0;0;1;0;1;0;0;1,0;1;0;0;1;3;0;5;9
2023_12_SF_SEA;SF;12;2023;0;0;00-0038562;1;0;1;0;0;0;1;0;0;0;0;0;0;0;0;0;4;0;0;1,0;4;0;0;4;3;0;0;7
2023_12_TB_IND;TB;12;2023;0;0;00-0035358;2;0;2;0;0;2;0;0;0;0;0;0;0;0;0;0;2;0;0;1,0;2;0;0;2;6;0;0;8
2023_12_CAR_TEN;TEN;12;2023;0;0;00-0025565;1;0;1;0;0;0;0;0;1;0;0;0;0;0;0;0;2;0;0;1,0;2;0;0;2;0;0;5;7
2023_12_WAS_DAL;WAS;12;2023;0;0;00-0035192;1;0;1;0;0;0;0;1;0;0;0;0;0;0;0;0;1;0;0;1,0;1;0;0;1;0;4;0;5
2023_13_ARI_PIT;ARI;13;2023;0;0;00-0023853;1;0;1;0;0;0;0;0;1;0;0;0;0;0;0;0;3;0;0;1,0;3;0;0;3;0;0;5;8
2023_13_ATL_NYJ;ATL;13;2023;0;0;00-0033702;2;0;2;0;0;1;0;1;0;0;0;0;0;0;0;0;1;0;0;1,0;1;0;0;1;3;4;0;8
2023_13_CAR_TB;CAR;13;2023;0;1;00-0034173;1;0;1;0;0;1;0;0;0;0;0;0;0;0;0;0;1;0;0;1,0;1;0;0;1;3;0;0;4
2023_13_CIN_JAX;CIN;13;2023;0;0;00-0036854;2;1;3;0;0;0;0;1;1;0;0;0;0;0;1;0;4;0;0;1,0;4;1;1;4;0;4;5;13
2023_13_CLE_LA;CLE;13;2023;0;0;00-0030098;2;0;2;0;0;1;0;1;0;0;0;0;0;0;0;0;2;1;0;0,5;1;0;0;1;3;4;0;8
2023_13_SEA_DAL;DAL;13;2023;1;0;00-0037692;4;0;4;0;0;0;4;0;0;0;0;0;0;0;0;0;3;0;0;1,0;3;0;0;3;12;0;0;15
2023_13_DEN_HOU;DEN;13;2023;0;0;00-0032569;1;0;1;0;0;0;1;0;0;0;0;0;0;0;0;0;2;0;0;1,0;2;0;0;2;3;0;0;5
2023_13_DET_NO;DET;13;2023;0;0;00-0036816;2;0;2;0;0;1;1;0;0;0;0;0;0;0;0;0;3;0;0;1,0;3;0;0;3;6;0;0;9
2023_13_KC_GB;GB;13;2023;0;0;00-0038402;2;0;2;0;0;0;0;2;0;0;0;0;0;0;0;0;3;0;0;1,0;3;0;0;3;0;8;0;11
2023_13_DEN_HOU;HOU;13;2023;0;0;00-0036469;3;0;3;0;0;1;2;0;0;0;0;0;0;0;0;0;1;0;0;1,0;1;0;0;1;9;0;0;10
2023_13_IND_TEN;IND;13;2023;0;0;00-0035269;4;0;4;0;0;3;0;1;0;0;0;0;0;0;0;0;1;0;0;1,0;1;0;0;1;9;4;0;14
2023_13_CIN_JAX;JAX;13;2023;0;0;00-0029822;1;1;2;0;0;0;0;1;0;0;0;0;0;1;0;0;4;0;0;1,0;4;0;0;4;0;4;0;8
2023_13_KC_GB;KC;13;2023;0;0;00-0033303;2;0;2;0;0;0;2;0;0;0;0;0;0;0;0;0;1;0;0;1,0;1;0;0;1;6;0;0;7
2023_13_CLE_LA;LA;13;2023;0;0;00-0038152;2;1;3;0;0;1;0;1;0;0;0;0;0;1;0;0;4;0;0;1,0;4;0;0;4;3;4;0;11
2023_13_MIA_WAS;MIA;13;2023;0;0;00-0034794;1;0;1;0;0;0;0;1;0;0;0;0;0;0;0;0;6;0;0;1,0;6;0;0;6;0;4;0;10
2023_13_DET_NO;NO;13;2023;0;0;00-0038905;0;0;0;0;0;0;0;0;0;0;0;0;0;0;0;0;4;0;0;1,0;4;0;0;4;0;0;0;4
2023_13_SF_PHI;PHI;13;2023;0;0;00-0033787;2;0;2;0;0;1;1;0;0;0;0;0;0;0;0;0;1;0;0;1,0;1;0;0;1;6;0;0;7
2023_13_ARI_PIT;PIT;13;2023;0;0;00-0031136;1;1;2;0;0;1;0;0;0;0;0;0;0;1;0;0;1;0;0;1,0;1;0;0;1;3;0;0;4
2023_13_SEA_DAL;SEA;13;2023;0;0;00-0031492;0;1;1;0;0;0;0;0;0;0;0;0;0;1;0;0;5;0;0;1,0;5;0;0;5;0;0;0;5
2023_13_SF_PHI;SF;13;2023;0;0;00-0038562;0;0;0;0;0;0;0;0;0;0;0;0;0;0;0;0;6;0;0;1,0;6;0;0;6;0;0;0;6
2023_13_CAR_TB;TB;13;2023;0;0;00-0035358;0;0;0;0;0;0;0;0;0;0;0;0;0;0;0;0;3;0;0;1,0;3;0;0;3;0;0;0;3
2023_13_IND_TEN;TEN;13;2023;0;0;00-0025565;2;0;2;0;0;1;0;1;0;0;0;0;0;0;0;0;3;1;0;0,6666666666666666;2;0;0;2;3;4;0;9
2023_13_MIA_WAS;WAS;13;2023;1;0;00-0035192;0;1;1;0;0;0;0;0;0;0;0;0;0;0;1;0;1;0;0;1,0;1;0;0;1;0;0;0;1
2023_14_TB_ATL;ATL;14;2023;1;0;00-0033702;1;2;3;0;0;1;0;0;0;0;0;0;0;0;2;0;2;0;0;1,0;2;0;0;2;3;0;0;5
2023_14_LA_BAL;BAL;14;2023;1;0;00-0029597;3;0;3;0;0;0;2;1;0;0;0;0;0;0;0;0;2;0;0;1,0;2;0;0;2;6;4;0;12
2023_14_BUF_KC;BUF;14;2023;0;0;00-0036162;2;0;2;0;0;0;2;0;0;0;0;0;0;0;0;0;2;0;0;1,0;2;0;0;2;6;0;0;8
2023_14_DET_CHI;CHI;14;2023;0;0;00-0031203;3;0;3;0;0;2;0;1;0;0;0;0;0;0;0;0;2;0;1;0,5;1;0;0;1;6;4;0;11
2023_14_IND_CIN;CIN;14;2023;0;0;00-0036854;2;0;2;0;0;0;2;0;0;0;0;0;0;0;0;0;4;0;0;1,0;4;0;0;4;6;0;0;10
2023_14_JAX_CLE;CLE;14;2023;0;0;00-0030098;1;0;1;0;0;0;0;0;1;0;0;0;0;0;0;0;4;0;0;1,0;4;0;0;4;0;0;5;9
2023_14_PHI_DAL;DAL;14;2023;0;0;00-0037692;4;0;4;0;0;0;0;1;2;1;0;0;0;0;0;0;3;0;0;1,0;3;0;0;3;0;4;15;22
2023_14_DEN_LAC;DEN;14;2023;0;0;00-0032569;1;0;1;0;0;1;0;0;0;0;0;0;0;0;0;0;3;0;0;1,0;3;0;0;3;3;0;0;6
2023_14_DET_CHI;DET;14;2023;0;0;00-0036816;0;0;0;0;0;0;0;0;0;0;0;0;0;0;0;0;2;1;0;0,5;1;0;0;1;0;0;0;1
2023_14_GB_NYG;GB;14;2023;0;0;00-0038402;3;1;4;0;0;0;2;1;0;0;0;0;0;1;0;0;1;0;0;1,0;1;0;0;1;6;4;0;11
2023_14_HOU_NYJ;HOU;14;2023;0;0;00-0036469;0;0;0;0;0;0;0;0;0;0;0;0;0;0;0;0;1;1;0;0,0;0;0;0;0;0;0;0;0
2023_14_IND_CIN;IND;14;2023;1;0;00-0035269;0;1;1;0;0;0;0;0;0;0;0;0;1;0;0;0;1;1;0;0,0;0;0;0;0;0;0;0;0
2023_14_JAX_CLE;JAX;14;2023;0;0;00-0029822;0;0;0;0;0;0;0;0;0;0;0;0;0;0;0;0;3;0;0;1,0;3;0;0;3;0;0;0;3
2023_14_BUF_KC;KC;14;2023;0;0;00-0033303;1;0;1;0;0;1;0;0;0;0;0;0;0;0;0;0;2;0;0;1,0;2;0;0;2;3;0;0;5
2023_14_LA_BAL;LA;14;2023;0;0;00-0038152;3;0;3;0;0;1;1;0;1;0;0;0;0;0;0;0;2;0;0;1,0;2;0;0;2;6;0;5;13
2023_14_DEN_LAC;LAC;14;2023;0;0;00-0037224;0;0;0;0;0;0;0;0;0;0;0;0;0;0;0;0;1;0;0;1,0;1;0;0;1;0;0;0;1
2023_14_TEN_MIA;MIA;14;2023;0;0;00-0034794;2;0;3;1;0;1;1;0;0;0;0;0;0;0;0;0;3;0;0;1,0;3;0;0;3;6;0;0;9
2023_14_NE_PIT;NE;14;2023;0;0;00-0038567;0;0;0;0;0;0;0;0;0;0;0;0;0;0;0;0;3;0;0;1,0;3;0;0;3;0;0;0;3
2023_14_CAR_NO;NO;14;2023;0;0;00-0038905;0;1;1;0;0;0;0;0;0;0;0;1;0;0;0;0;4;0;0;1,0;4;0;0;4;0;0;0;4
2023_14_GB_NYG;NYG;14;2023;0;0;00-0029421;1;1;2;0;0;0;1;0;0;0;0;0;0;1;0;0;3;0;0;1,0;3;1;1;3;3;0;0;6
2023_14_HOU_NYJ;NYJ;14;2023;0;0;00-0029621;3;0;3;0;0;0;0;1;2;0;0;0;0;0;0;0;3;0;0;1,0;3;0;0;3;0;4;10;17
2023_14_PHI_DAL;PHI;14;2023;0;0;00-0033787;2;0;2;0;0;0;0;1;1;0;0;0;0;0;0;0;1;0;0;1,0;1;0;0;1;0;4;5;10
2023_14_NE_PIT;PIT;14;2023;1;0;00-0031136;1;0;1;0;0;0;0;0;1;0;0;0;0;0;0;0;1;0;0;1,0;1;0;0;1;0;0;5;6
2023_14_SEA_SF;SEA;14;2023;0;0;00-0031492;1;0;1;0;0;0;0;1;0;0;0;0;0;0;0;0;1;0;0;1,0;1;0;0;1;0;4;0;5
2023_14_SEA_SF;SF;14;2023;0;0;00-0038562;0;0;0;0;0;0;0;0;0;0;0;0;0;0;0;0;4;0;0;1,0;4;0;0;4;0;0;0;4
2023_14_TB_ATL;TB;14;2023;0;0;00-0035358;2;0;2;0;0;0;1;0;1;0;0;0;0;0;0;0;3;0;0;1,0;3;0;0;3;3;0;5;11
2023_14_TEN_MIA;TEN;14;2023;1;0;00-0025565;2;0;2;0;0;2;0;0;0;0;0;0;0;0;0;0;2;0;0;1,0;2;0;0;2;6;0;0;8
2023_15_SF_ARI;ARI;15;2023;0;0;00-0023853;3;0;3;0;0;1;0;1;1;0;0;0;0;0;0;0;2;0;0;1,0;2;0;0;2;3;4;5;14
2023_15_ATL_CAR;ATL;15;2023;0;0;00-0033702;0;0;0;0;0;0;0;0;0;0;0;0;0;0;0;0;1;0;0;1,0;1;0;0;1;0;0;0;1
2023_15_BAL_JAX;BAL;15;2023;0;0;00-0029597;3;0;3;0;0;1;1;1;0;0;0;0;0;0;0;0;2;0;0;1,0;2;0;0;2;6;4;0;12
2023_15_DAL_BUF;BUF;15;2023;0;0;00-0036162;1;0;1;0;0;1;0;0;0;0;0;0;0;0;0;0;4;0;0;1,0;4;0;0;4;3;0;0;7
2023_15_CHI_CLE;CHI;15;2023;0;0;00-0031203;1;0;1;0;0;0;0;1;0;0;0;0;0;0;0;0;2;0;0;1,0;2;0;0;2;0;4;0;6
2023_15_MIN_CIN;CIN;15;2023;0;0;00-0036854;2;0;2;0;0;1;1;0;0;0;0;0;0;0;0;0;3;0;0;1,0;3;1;1;3;6;0;0;9
2023_15_CHI_CLE;CLE;15;2023;0;0;00-0030098;2;0;2;0;0;0;2;0;0;0;0;0;0;0;0;0;2;0;0;1,0;2;0;0;2;6;0;0;8
2023_15_DAL_BUF;DAL;15;2023;0;0;00-0037692;1;0;1;0;0;0;1;0;0;0;0;0;0;0;0;0;1;0;0;1,0;1;0;0;1;3;0;0;4
2023_15_DEN_DET;DEN;15;2023;0;0;00-0032569;1;0;1;0;0;1;0;0;0;0;0;0;0;0;0;0;2;0;0;1,0;2;0;0;2;3;0;0;5
2023_15_DEN_DET;DET;15;2023;0;0;00-0034084;0;0;0;0;0;0;0;0;0;0;0;0;0;0;0;0;6;0;0;1,0;6;0;0;6;0;0;0;6
2023_15_TB_GB;GB;15;2023;0;0;00-0038402;2;0;2;0;0;0;2;0;0;0;0;0;0;0;0;0;2;0;0;1,0;2;0;0;2;6;0;0;8
2023_15_HOU_TEN;HOU;15;2023;0;0;00-0032726;4;0;4;0;0;2;0;0;2;0;0;0;0;0;0;0;1;0;0;1,0;1;1;1;1;6;0;10;17
2023_15_PIT_IND;IND;15;2023;0;0;00-0035269;3;2;5;0;0;1;1;1;0;0;0;0;0;1;1;0;3;0;0;1,0;3;0;0;3;6;4;0;13
2023_15_BAL_JAX;JAX;15;2023;0;0;00-0029822;0;2;2;0;0;0;0;0;0;0;0;0;0;0;2;0;1;0;0;1,0;1;0;0;1;0;0;0;1
2023_15_KC_NE;KC;15;2023;0;0;00-0033303;2;1;3;0;0;1;0;0;1;0;0;0;1;0;0;0;3;0;0;1,0;3;0;0;3;3;0;5;11
2023_15_WAS_LA;LA;15;2023;0;1;00-0038152;2;1;3;0;0;2;0;0;0;0;0;0;0;1;0;0;2;0;0;1,0;2;0;0;2;6;0;0;8
2023_15_LAC_LV;LAC;15;2023;0;0;00-0037224;0;0;0;0;0;0;0;0;0;0;0;0;0;0;0;0;3;0;0;1,0;3;0;0;3;0;0;0;3
2023_15_LAC_LV;LV;15;2023;0;0;00-0034161;0;0;0;0;0;0;0;0;0;0;0;0;0;0;0;0;9;0;0;1,0;9;0;0;9;0;0;0;9
2023_15_NYJ_MIA;MIA;15;2023;0;0;00-0034794;3;0;3;0;0;1;2;0;0;0;0;0;0;0;0;0;3;0;0;1,0;3;0;0;3;9;0;0;12
2023_15_MIN_CIN;MIN;15;2023;0;0;00-0034450;1;0;1;0;0;0;1;0;0;0;0;0;0;0;0;0;3;0;0;1,0;3;0;0;3;3;0;0;6
2023_15_KC_NE;NE;15;2023;0;0;00-0038567;1;1;2;0;0;1;0;0;0;0;0;0;0;1;0;0;2;0;0;1,0;2;0;0;2;3;0;0;5
2023_15_NYG_NO;NO;15;2023;0;0;00-0038905;1;0;1;0;0;0;0;0;1;0;0;0;0;0;0;0;3;0;0;1,0;3;0;0;3;0;0;5;8
2023_15_PHI_SEA;PHI;15;2023;0;0;00-0033787;1;0;1;0;0;1;0;0;0;0;0;0;0;0;0;0;2;0;0;1,0;2;0;0;2;3;0;0;5
2023_15_PIT_IND;PIT;15;2023;0;0;00-0031136;0;0;0;0;0;0;0;0;0;0;0;0;0;0;0;0;2;1;0;0,5;1;0;0;1;0;0;0;1
2023_15_PHI_SEA;SEA;15;2023;0;0;00-0031492;2;0;2;0;0;1;0;1;0;0;0;0;0;0;0;0;2;0;0;1,0;2;0;0;2;3;4;0;9
2023_15_SF_ARI;SF;15;2023;0;0;00-0038562;1;0;1;0;0;0;0;1;0;0;0;0;0;0;0;0;6;0;0;1,0;6;0;0;6;0;4;0;10
2023_15_TB_GB;TB;15;2023;0;0;00-0035358;2;0;2;0;0;0;1;1;0;0;0;0;0;0;0;0;4;0;0;1,0;4;0;0;4;3;4;0;11
2023_15_HOU_TEN;TEN;15;2023;0;0;00-0025565;1;0;1;0;0;0;0;1;0;0;0;0;0;0;0;0;2;1;0;0,5;1;0;0;1;0;4;0;5
2023_15_WAS_LA;WAS;15;2023;0;0;00-0035192;0;0;0;0;0;0;0;0;0;0;0;0;0;0;0;0;3;0;1;0,6666666666666666;2;0;0;2;0;0;0;2
2023_16_ARI_CHI;ARI;16;2023;0;0;00-0023853;1;0;1;0;0;0;0;0;1;0;0;0;0;0;0;0;1;0;0;1,0;1;0;0;1;0;0;5;6
2023_16_IND_ATL;ATL;16;2023;0;0;00-0033702;5;0;5;0;0;2;1;2;0;0;0;0;0;0;0;0;2;0;0;1,0;2;0;0;2;9;8;0;19
2023_16_BAL_SF;BAL;16;2023;0;0;00-0029597;4;0;4;0;0;3;0;1;0;0;0;0;0;0;0;0;3;0;0;1,0;3;0;0;3;9;4;0;16
2023_16_BUF_LAC;BUF;16;2023;0;0;00-0036162;1;0;1;0;0;1;0;0;0;0;0;0;0;0;0;0;3;0;0;1,0;3;1;1;3;3;0;0;6
2023_16_GB_CAR;CAR;16;2023;0;1;00-0034173;1;0;1;0;0;0;0;0;1;0;0;0;0;0;0;0;3;2;0;0,3333333333333333;1;0;0;1;0;0;5;6
2023_16_ARI_CHI;CHI;16;2023;0;0;00-0031203;2;0;2;0;0;1;0;1;0;0;0;0;0;0;0;0;3;0;0;1,0;3;0;0;3;3;4;0;10
2023_16_CLE_HOU;CLE;16;2023;1;1;00-0030098;0;0;0;0;0;0;0;0;0;0;0;0;0;0;0;0;2;0;0;1,0;2;0;0;2;0;0;0;2
2023_16_DAL_MIA;DAL;16;2023;0;0;00-0037692;2;0;2;0;0;0;1;1;0;0;0;0;0;0;0;0;2;0;0;1,0;2;0;0;2;3;4;0;9
2023_16_NE_DEN;DEN;16;2023;2;0;00-0032569;0;1;1;0;0;0;0;0;0;0;0;0;0;0;1;0;1;0;0;1,0;1;0;0;1;0;0;0;1
2023_16_DET_MIN;DET;16;2023;0;0;00-0034084;1;0;1;0;0;0;1;0;0;0;0;0;0;0;0;0;4;0;1;0,75;3;0;0;3;3;0;0;6
2023_16_GB_CAR;GB;16;2023;0;0;00-0038402;2;0;2;0;0;0;1;0;1;0;0;0;0;0;0;0;4;1;0;0,75;3;1;1;3;3;0;5;11
2023_16_CLE_HOU;HOU;16;2023;1;0;00-0032726;0;0;0;0;0;0;0;0;0;0;0;0;0;0;0;0;2;0;0;1,0;2;0;0;2;0;0;0;2
2023_16_IND_ATL;IND;16;2023;0;0;00-0035269;1;0;1;0;0;0;1;0;0;0;0;0;0;0;0;0;1;0;0;1,0;1;0;0;1;3;0;0;4
2023_16_LV_KC;KC;16;2023;0;0;00-0033303;0;1;1;0;0;0;0;0;0;0;0;0;1;0;0;0;2;0;0;1,0;2;0;0;2;0;0;0;2
2023_16_NO_LA;LA;16;2023;0;0;00-0038152;3;1;4;0;0;2;1;0;0;0;0;0;0;1;0;0;3;0;0;1,0;3;0;0;3;9;0;0;12
2023_16_BUF_LAC;LAC;16;2023;0;0;00-0037224;5;0;5;0;0;1;0;3;1;0;0;0;0;0;0;0;1;0;0;1,0;1;0;0;1;3;12;5;21
2023_16_DAL_MIA;MIA;16;2023;0;0;00-0034794;5;0;5;0;0;1;1;0;3;0;0;0;0;0;0;0;1;0;0;1,0;1;1;1;1;6;0;15;22
2023_16_DET_MIN;MIN;16;2023;0;0;00-0034450;1;0;1;0;0;1;0;0;0;0;0;0;0;0;0;0;3;0;0;1,0;3;0;0;3;3;0;0;6
2023_16_NE_DEN;NE;16;2023;0;0;00-0038567;2;1;3;0;0;0;1;0;1;0;0;0;0;1;0;0;3;1;0;0,6666666666666666;2;1;1;2;3;0;5;10
2023_16_NO_LA;NO;16;2023;1;0;00-0038905;0;0;0;0;0;0;0;0;0;0;0;0;0;0;0;0;2;0;0;1,0;2;0;0;2;0;0;0;2
2023_16_NYG_PHI;NYG;16;2023;0;1;00-0025580;1;0;1;0;0;0;0;0;1;0;0;0;0;0;0;0;2;0;0;1,0;2;0;0;2;0;0;5;7
2023_16_WAS_NYJ;NYJ;16;2023;0;0;00-0029621;3;0;3;0;0;2;0;0;1;0;0;0;0;0;0;0;3;0;0;1,0;3;1;1;3;6;0;5;14
2023_16_NYG_PHI;PHI;16;2023;0;0;00-0033787;4;0;4;0;0;2;0;2;0;0;0;0;0;0;0;0;3;0;0;1,0;3;0;0;3;6;8;0;17
2023_16_CIN_PIT;PIT;16;2023;0;0;00-0031136;2;0;2;0;0;0;1;0;1;0;0;0;0;0;0;0;4;0;0;1,0;4;0;0;4;3;0;5;12
2023_16_SEA_TEN;SEA;16;2023;0;0;00-0031492;2;0;2;0;0;2;0;0;0;0;0;0;0;0;0;0;2;0;0;1,0;2;0;0;2;6;0;0;8
2023_16_BAL_SF;SF;16;2023;0;0;00-0038562;1;0;1;0;0;0;0;1;0;0;0;0;0;0;0;0;2;0;0;1,0;2;0;0;2;0;4;0;6
2023_16_JAX_TB;TB;16;2023;0;0;00-0035358;3;0;3;0;0;1;1;0;1;0;0;0;0;0;0;0;3;0;0;1,0;3;0;0;3;6;0;5;14
2023_16_SEA_TEN;TEN;16;2023;0;0;00-0025565;1;0;1;0;0;0;1;0;0;0;0;0;0;0;0;0;2;0;0;1,0;2;0;0;2;3;0;0;5
2023_16_WAS_NYJ;WAS;16;2023;0;0;00-0035192;0;0;0;0;0;0;0;0;0;0;0;0;0;0;0;0;4;0;0;1,0;4;0;0;4;0;0;0;4
2023_17_ARI_PHI;ARI;17;2023;1;0;00-0023853;2;0;2;0;0;1;1;0;0;0;0;0;0;0;0;0;3;0;0;1,0;3;0;0;3;6;0;0;9
2023_17_ATL_CHI;ATL;17;2023;0;0;00-0033702;1;2;3;0;0;0;1;0;0;0;0;0;0;1;1;0;2;0;0;1,0;2;0;0;2;3;0;0;5
2023_17_MIA_BAL;BAL;17;2023;0;0;00-0029597;0;0;0;0;0;0;0;0;0;0;0;0;0;0;0;0;8;0;0;1,0;8;0;0;8;0;0;0;8
2023_17_NE_BUF;BUF;17;2023;0;0;00-0036162;2;0;2;0;0;1;1;0;0;0;0;0;0;0;0;0;3;0;0;1,0;3;0;0;3;6;0;0;9
2023_17_ATL_CHI;CHI;17;2023;0;0;00-0031203;3;1;4;0;0;1;0;2;0;0;0;0;0;0;1;0;4;0;0;1,0;4;0;0;4;3;8;0;15
2023_17_CIN_KC;CIN;17;2023;0;0;00-0036854;1;0;1;0;0;0;1;0;0;0;0;0;0;0;0;0;2;0;0;1,0;2;0;0;2;3;0;0;5
2023_17_NYJ_CLE;CLE;17;2023;0;0;00-0036816;1;0;1;0;0;0;1;0;0;0;0;0;0;0;0;0;5;1;0;0,8;4;0;0;4;3;0;0;7
2023_17_DET_DAL;DAL;17;2023;0;0;00-0037692;2;0;2;0;0;0;0;1;1;0;0;0;0;0;0;0;2;0;0;1,0;2;0;0;2;0;4;5;11
2023_17_LAC_DEN;DEN;17;2023;0;0;00-0032569;3;1;4;0;0;1;1;1;0;0;0;0;0;1;0;0;1;0;0;1,0;1;0;0;1;6;4;0;11
2023_17_DET_DAL;DET;17;2023;0;0;00-0034084;2;0;2;0;0;0;1;1;0;0;0;0;0;0;0;0;1;0;0;1,0;1;0;0;1;3;4;0;8
2023_17_GB_MIN;GB;17;2023;0;0;00-0038402;2;0;2;0;0;0;2;0;0;0;0;0;0;0;0;0;4;1;0;0,75;3;0;0;3;6;0;0;9
2023_17_TEN_HOU;HOU;17;2023;0;0;00-0032726;4;0;4;0;0;2;1;0;1;0;0;0;0;0;0;0;2;0;0;1,0;2;0;0;2;9;0;5;16
2023_17_LV_IND;IND;17;2023;0;0;00-0035269;3;0;3;0;0;0;2;1;0;0;0;0;0;0;0;0;2;0;0;1,0;2;0;0;2;6;4;0;12
2023_17_CAR_JAX;JAX;17;2023;0;0;00-0029822;4;0;4;0;0;2;2;0;0;0;0;0;0;0;0;0;2;0;0;1,0;2;0;0;2;12;0;0;14
2023_17_CIN_KC;KC;17;2023;0;0;00-0033303;6;0;6;0;0;2;0;3;1;0;0;0;0;0;0;0;1;0;0;1,0;1;0;0;1;6;12;5;24
2023_17_LA_NYG;LA;17;2023;0;0;00-0038152;0;0;0;0;0;0;0;0;0;0;0;0;0;0;0;0;4;2;0;0,5;2;0;0;2;0;0;0;2
2023_17_LV_IND;LV;17;2023;0;0;00-0034161;2;0;2;0;0;0;1;1;0;0;0;0;0;0;0;0;2;0;0;1,0;2;0;0;2;3;4;0;9
2023_17_MIA_BAL;MIA;17;2023;0;0;00-0034794;2;0;2;0;0;1;1;0;0;0;0;0;0;0;0;0;1;0;0;1,0;1;0;0;1;6;0;0;7
2023_17_GB_MIN;MIN;17;2023;0;0;00-0034450;1;0;1;0;0;0;0;0;1;0;0;0;0;0;0;0;1;0;0;1,0;1;0;0;1;0;0;5;6
2023_17_NE_BUF;NE;17;2023;0;0;00-0038567;0;1;1;0;0;0;0;0;0;0;0;0;0;1;0;0;3;0;0;1,0;3;0;0;3;0;0;0;3
2023_17_NO_TB;NO;17;2023;0;0;00-0038905;3;0;3;0;0;1;1;1;0;0;0;0;0;0;0;0;2;0;0;1,0;2;0;0;2;6;4;0;12
2023_17_LA_NYG;NYG;17;2023;0;0;00-0025580;2;1;3;0;0;0;2;0;0;0;0;0;0;0;1;0;2;1;0;0,5;1;0;1;1;6;0;0;7
2023_17_NYJ_CLE;NYJ;17;2023;0;0;00-0029621;2;0;3;1;0;0;0;2;0;0;0;0;0;0;0;0;2;0;0;1,0;2;0;0;2;0;8;0;10
2023_17_ARI_PHI;PHI;17;2023;0;0;00-0033787;1;0;1;0;0;0;0;1;0;0;0;0;0;0;0;0;4;0;0;1,0;4;0;0;4;0;4;0;8
2023_17_PIT_SEA;PIT;17;2023;0;0;00-0031136;3;0;3;0;0;2;1;0;0;0;0;0;0;0;0;0;3;0;0;1,0;3;0;0;3;9;0;0;12
2023_17_PIT_SEA;SEA;17;2023;0;0;00-0031492;3;0;3;0;0;1;0;2;0;0;0;0;0;0;0;0;2;0;0;1,0;2;0;0;2;3;8;0;13
2023_17_SF_WAS;SF;17;2023;0;0;00-0038562;2;0;2;0;0;1;1;0;0;0;0;0;0;0;0;0;3;0;0;1,0;3;0;0;3;6;0;0;9
2023_17_NO_TB;TB;17;2023;0;0;00-0035358;0;0;0;0;0;0;0;0;0;0;0;0;0;0;0;0;1;0;0;1,0;1;0;0;1;0;0;0;1
2023_17_SF_WAS;WAS;17;2023;0;0;00-0035192;1;0;1;0;0;0;0;1;0;0;0;0;0;0;0;0;1;0;0;1,0;1;0;0;1;0;4;0;5
2023_18_SEA_ARI;ARI;18;2023;0;0;00-0023853;2;2;4;0;0;1;1;0;0;0;0;0;0;1;1;0;2;0;0;1,0;2;0;1;2;6;0;0;8
2023_18_ATL_NO;ATL;18;2023;0;0;00-0033702;1;0;1;0;0;0;1;0;0;0;0;0;0;0;0;0;2;0;0;1,0;2;0;0;2;3;0;0;5
2023_18_PIT_BAL;BAL;18;2023;0;0;00-0029597;1;0;1;0;0;0;1;0;0;0;0;0;0;0;0;0;1;0;0;1,0;1;0;0;1;3;0;0;4
2023_18_BUF_MIA;BUF;18;2023;0;0;00-0036162;0;0;0;0;0;0;0;0;0;0;0;0;0;0;0;0;3;0;0;1,0;3;0;0;3;0;0;0;3
2023_18_CLE_CIN;CIN;18;2023;0;0;00-0036854;1;0;1;0;0;0;0;1;0;0;0;0;0;0;0;0;4;0;0;1,0;4;0;0;4;0;4;0;8
2023_18_CLE_CIN;CLE;18;2023;0;0;00-0036816;0;0;0;0;0;0;0;0;0;0;0;0;0;0;0;0;2;0;0;1,0;2;0;0;2;0;0;0;2
2023_18_DAL_WAS;DAL;18;2023;0;0;00-0037692;1;1;3;1;0;0;0;0;1;0;0;0;1;0;0;0;5;0;0;1,0;5;0;0;5;0;0;5;10
2023_18_DEN_LV;DEN;18;2023;0;0;00-0032569;0;0;0;0;0;0;0;0;0;0;0;0;0;0;0;0;2;0;0;1,0;2;0;0;2;0;0;0;2
2023_18_MIN_DET;DET;18;2023;0;0;00-0034084;1;0;1;0;0;0;1;0;0;0;0;0;0;0;0;0;4;1;0;0,75;3;0;0;3;3;0;0;6
2023_18_CHI_GB;GB;18;2023;0;0;00-0038402;1;1;2;0;0;1;0;0;0;0;0;0;0;1;0;0;2;0;0;1,0;2;0;0;2;3;0;0;5
2023_18_HOU_IND;HOU;18;2023;0;0;00-0032726;1;0;1;0;0;0;0;0;1;0;0;0;0;0;0;0;3;1;0;0,6666666666666666;2;0;0;2;0;0;5;7
2023_18_JAX_TEN;JAX;18;2023;0;0;00-0029822;2;0;2;0;0;0;1;1;0;0;0;0;0;0;0;0;2;0;0;1,0;2;0;0;2;3;4;0;9
2023_18_KC_LAC;KC;18;2023;0;0;00-0033303;2;0;2;0;0;1;0;1;0;0;0;0;0;0;0;0;1;0;0;1,0;1;0;0;1;3;4;0;8
2023_18_LA_SF;LA;18;2023;1;0;00-0030332;0;0;0;0;0;0;0;0;0;0;0;0;0;0;0;0;2;1;0;0,5;1;0;0;1;0;0;0;1
2023_18_DEN_LV;LV;18;2023;0;0;00-0034161;2;0;2;0;0;1;0;1;0;0;0;0;0;0;0;0;3;0;0;1,0;3;0;0;3;3;4;0;10
2023_18_BUF_MIA;MIA;18;2023;0;0;00-0034794;0;0;0;0;0;0;0;0;0;0;0;0;0;0;0;0;2;0;0;1,0;2;0;0;2;0;0;0;2
2023_18_MIN_DET;MIN;18;2023;0;0;00-0034450;2;0;2;0;0;0;1;1;0;0;0;0;0;0;0;0;2;0;0;1,0;2;0;0;2;3;4;0;9
2023_18_ATL_NO;NO;18;2023;0;0;00-0038905;2;0;2;0;0;2;0;0;0;0;0;0;0;0;0;0;6;0;0;1,0;6;0;0;6;6;0;0;12
2023_18_PHI_NYG;NYG;18;2023;0;0;00-0025580;2;1;3;0;0;2;0;0;0;0;0;0;0;1;0;0;3;0;0;1,0;3;0;0;3;6;0;0;9
2023_18_PHI_NYG;PHI;18;2023;0;0;00-0033787;1;0;1;0;0;0;1;0;0;0;0;0;0;0;0;0;1;0;0;1,0;1;0;0;1;3;0;0;4
2023_18_PIT_BAL;PIT;18;2023;0;0;00-0031136;1;0;1;0;0;1;0;0;0;0;0;0;0;0;0;0;2;0;0;1,0;2;0;0;2;3;0;0;5
2023_18_SEA_ARI;SEA;18;2023;1;0;00-0031492;2;0;2;0;0;1;1;0;0;0;0;0;0;0;0;0;1;0;0;1,0;1;0;0;1;6;0;0;7
2023_18_LA_SF;SF;18;2023;0;0;00-0038562;0;1;1;0;0;0;0;0;0;0;0;0;1;0;0;0;3;1;0;0,6666666666666666;2;0;0;2;0;0;0;2
2023_18_JAX_TEN;TEN;18;2023;0;0;00-0025565;0;0;0;0;0;0;0;0;0;0;0;0;0;0;0;0;4;0;0;1,0;4;0;0;4;0;0;0;4
2023_18_DAL_WAS;WAS;18;2023;0;0;00-0035192;1;0;1;0;0;0;1;0;0;0;0;0;0;0;0;0;1;0;0;1,0;1;0;0;1;3;0;0;4
2023_19_PIT_BUF;BUF;19;2023;0;0;00-0036162;1;1;3;1;0;0;0;1;0;0;0;1;0;0;0;0;4;0;0;1,0;4;0;0;4;0;4;0;8
2023_19_CLE_HOU;CLE;19;2023;0;0;00-0036816;0;0;0;0;0;0;0;0;0;0;0;0;0;0;0;0;2;0;0;1,0;2;0;0;2;0;0;0;2
2023_19_GB_DAL;DAL;19;2023;0;2;00-0037692;1;0;1;0;0;0;1;0;0;0;0;0;0;0;0;0;2;1;0;0,5;1;0;0;1;3;0;0;4
2023_19_LA_DET;DET;19;2023;0;0;00-0034084;1;0;1;0;0;0;0;0;1;0;0;0;0;0;0;0;3;0;0;1,0;3;0;0;3;0;0;5;8
2023_19_GB_DAL;GB;19;2023;0;0;00-0038402;0;0;0;0;0;0;0;0;0;0;0;0;0;0;0;0;7;1;0;0,8571428571428571;6;0;0;6;0;0;0;6
2023_19_CLE_HOU;HOU;19;2023;0;0;00-0032726;1;0;1;0;0;1;0;0;0;0;0;0;0;0;0;0;6;0;0;1,0;6;0;0;6;3;0;0;9
2023_19_MIA_KC;KC;19;2023;0;0;00-0033303;4;0;4;0;0;3;1;0;0;0;0;0;0;0;0;0;2;0;0;1,0;2;0;0;2;12;0;0;14
2023_19_LA_DET;LA;19;2023;0;0;00-0030332;3;0;3;0;0;3;0;0;0;0;0;0;0;0;0;0;2;0;0;1,0;2;0;0;2;9;0;0;11
2023_19_MIA_KC;MIA;19;2023;0;0;00-0034794;0;0;0;0;0;0;0;0;0;0;0;0;0;0;0;0;1;0;0;1,0;1;0;0;1;0;0;0;1
2023_19_PIT_BUF;PIT;19;2023;0;0;00-0031136;1;0;1;0;0;0;0;1;0;0;0;0;0;0;0;0;2;0;0;1,0;2;0;0;2;0;4;0;6
2023_19_PHI_TB;TB;19;2023;0;0;00-0035358;3;0;3;0;0;1;0;1;1;0;0;0;0;0;0;0;3;0;0;1,0;3;0;0;3;3;4;5;15
2023_20_HOU_BAL;BAL;20;2023;0;0;00-0029597;2;0;2;0;0;0;0;1;1;0;0;0;0;0;0;0;4;0;0;1,0;4;0;0;4;0;4;5;13
2023_20_KC_BUF;BUF;20;2023;0;0;00-0036162;1;1;2;0;0;1;0;0;0;0;0;0;0;1;0;0;3;0;0;1,0;3;0;0;3;3;0;0;6
2023_20_TB_DET;DET;20;2023;0;0;00-0034084;1;0;1;0;0;1;0;0;0;0;0;0;0;0;0;0;4;0;0;1,0;4;0;0;4;3;0;0;7
2023_20_GB_SF;GB;20;2023;1;0;00-0038402;2;1;3;0;0;2;0;0;0;0;0;0;0;1;0;0;1;0;0;1,0;1;0;0;1;6;0;0;7
2023_20_HOU_BAL;HOU;20;2023;0;0;00-0032726;1;1;2;0;0;0;0;0;1;0;0;0;0;1;0;0;1;0;0;1,0;1;0;0;1;0;0;5;6
2023_20_KC_BUF;KC;20;2023;0;0;00-0033303;2;0;2;0;0;1;0;1;0;0;0;0;0;0;0;0;3;0;0;1,0;3;0;0;3;3;4;0;10
2023_20_GB_SF;SF;20;2023;0;0;00-0038562;1;0;2;1;0;0;0;0;1;0;0;0;0;0;0;0;3;0;0;1,0;3;0;0;3;0;0;5;8
2023_20_TB_DET;TB;20;2023;0;0;00-0035358;1;1;2;0;0;0;0;1;0;0;0;0;0;0;1;0;2;0;0;1,0;2;0;0;2;0;4;0;6
2023_21_KC_BAL;BAL;21;2023;0;0;00-0029597;1;0;1;0;0;0;0;1;0;0;0;0;0;0;0;0;1;0;0;1,0;1;0;0;1;0;4;0;5
2023_21_DET_SF;DET;21;2023;0;0;00-0034084;1;0;1;0;0;1;0;0;0;0;0;0;0;0;0;0;4;0;0;1,0;4;0;0;4;3;0;0;7
2023_21_KC_BAL;KC;21;2023;0;0;00-0033303;1;0;1;0;0;0;0;0;1;0;0;0;0;0;0;0;2;0;0;1,0;2;0;0;2;0;0;5;7
2023_21_DET_SF;SF;21;2023;0;0;00-0038562;2;1;3;0;0;0;1;1;0;0;0;0;0;1;0;0;4;0;0;1,0;4;0;0;4;3;4;0;11
2023_22_SF_KC;KC;22;2023;0;0;00-0033303;4;0;4;0;0;3;0;0;1;0;0;0;0;0;0;0;1;0;0;1,0;1;0;0;1;9;0;5;15
2023_22_SF_KC;SF;22;2023;0;0;00-0038562;3;0;3;0;0;1;0;0;2;0;0;0;0;0;0;0;2;0;1;0,5;1;0;0;1;3;0;10;14
2024_01_ARI_BUF;ARI;1;2024;0;1;00-0023853;2;0;2;0;0;1;1;0;0;0;0;0;0;0;0;0;2;0;0;1,0;2;0;0;2;6;0;0;8
2024_01_PIT_ATL;ATL;1;2024;0;0;00-0033702;1;0;1;0;0;1;0;0;0;0;0;0;0;0;0;0;1;0;0;1,0;1;0;0;1;3;0;0;4
2024_01_BAL_KC;BAL;1;2024;0;0;00-0029597;2;1;3;0;0;1;1;0;0;0;0;0;0;0;1;0;2;0;0;1,0;2;0;0;2;6;0;0;8
2024_01_ARI_BUF;BUF;1;2024;0;0;00-0036162;2;0;2;0;0;0;2;0;0;0;0;0;0;0;0;0;4;0;0;1,0;4;0;0;4;6;0;0;10
2024_01_CAR_NO;CAR;1;2024;0;0;00-0034173;1;0;1;0;0;0;0;1;0;0;0;0;0;0;0;0;1;0;0;1,0;1;0;0;1;0;4;0;5
2024_01_TEN_CHI;CHI;1;2024;1;0;00-0031203;3;0;3;0;0;1;0;1;1;0;0;0;0;0;0;0;1;0;0;1,0;1;0;0;1;3;4;5;13
2024_01_NE_CIN;CIN;1;2024;0;0;00-0036854;1;0;1;0;0;0;0;0;1;0;0;0;0;0;0;0;1;0;0;1,0;1;0;0;1;0;0;5;6
2024_01_DAL_CLE;CLE;1;2024;0;0;00-0030098;1;0;1;0;0;0;0;0;1;0;0;0;0;0;0;0;2;0;0;1,0;2;0;0;2;0;0;5;7
2024_01_DAL_CLE;DAL;1;2024;0;0;00-0037692;4;0;4;0;0;0;0;2;2;0;0;0;0;0;0;0;3;0;0;1,0;3;0;0;3;0;8;10;21
2024_01_DEN_SEA;DEN;1;2024;0;0;00-0032569;3;0;3;0;0;0;2;1;0;0;0;0;0;0;0;0;1;0;0;1,0;1;0;0;1;6;4;0;11
2024_01_LA_DET;DET;1;2024;0;0;00-0039172;2;0;2;0;0;1;1;0;0;0;0;0;0;0;0;0;2;0;0;1,0;2;0;0;2;6;0;0;8
2024_01_GB_PHI;GB;1;2024;0;0;00-0039649;3;1;4;0;0;2;1;0;0;0;0;0;0;1;0;0;2;0;0;1,0;2;0;0;2;9;0;0;11
2024_01_HOU_IND;HOU;1;2024;0;0;00-0032726;3;0;3;0;0;0;0;0;3;0;0;0;0;0;0;0;2;0;0;1,0;2;0;0;2;0;0;15;17
2024_01_HOU_IND;IND;1;2024;0;0;00-0039576;0;0;0;0;0;0;0;0;0;0;0;0;0;0;0;0;3;0;0;1,0;3;0;0;3;0;0;0;3
2024_01_JAX_MIA;JAX;1;2024;0;0;00-0039409;1;0;1;0;0;0;0;0;1;0;0;0;0;0;0;0;2;0;0;1,0;2;0;0;2;0;0;5;7
2024_01_BAL_KC;KC;1;2024;0;0;00-0033303;2;0;2;0;0;0;2;0;0;0;0;0;0;0;0;0;3;0;0;1,0;3;0;0;3;6;0;0;9
2024_01_LA_DET;LA;1;2024;0;0;00-0039750;2;0;2;0;0;1;0;1;0;0;0;0;0;0;0;0;2;0;0;1,0;2;0;0;2;3;4;0;9
2024_01_LV_LAC;LAC;1;2024;0;0;00-0037224;3;0;3;0;0;2;0;0;1;0;0;0;0;0;0;0;1;0;0;1,0;1;0;0;1;6;0;5;12
2024_01_LV_LAC;LV;1;2024;0;0;00-0034161;1;1;2;0;0;0;1;0;0;0;0;0;0;1;0;0;1;0;0;1,0;1;0;0;1;3;0;0;4
2024_01_JAX_MIA;MIA;1;2024;0;0;00-0034794;2;1;3;0;0;0;1;0;1;0;0;0;0;1;0;0;2;0;0;1,0;2;1;1;2;3;0;5;10
2024_01_MIN_NYG;MIN;1;2024;0;0;00-0039404;0;0;0;0;0;0;0;0;0;0;0;0;0;0;0;0;4;0;0;1,0;4;0;0;4;0;0;0;4
2024_01_NE_CIN;NE;1;2024;0;0;00-0035192;3;0;3;0;0;0;3;0;0;0;0;0;0;0;0;0;1;0;0;1,0;1;0;0;1;9;0;0;10
2024_01_CAR_NO;NO;1;2024;0;0;00-0038905;4;0;4;0;0;0;1;1;2;0;0;0;0;0;0;0;5;0;0;1,0;5;0;0;5;3;4;10;22
2024_01_NYJ_SF;NYJ;1;2024;0;0;00-0029621;0;0;0;0;0;0;0;0;0;0;0;0;0;0;0;0;1;0;0;1,0;1;0;0;1;0;0;0;1
2024_01_GB_PHI;PHI;1;2024;0;0;00-0033787;2;0;2;0;0;1;1;0;0;0;0;0;0;0;0;0;4;0;0;1,0;4;0;0;4;6;0;0;10
2024_01_DEN_SEA;SEA;1;2024;0;0;00-0031492;2;0;2;0;0;1;0;0;1;0;0;0;0;0;0;0;2;0;0;1,0;2;0;0;2;3;0;5;10
2024_01_NYJ_SF;SF;1;2024;0;0;00-0038562;6;0;6;0;0;1;1;2;2;0;0;0;0;0;0;0;2;0;0;1,0;2;0;0;2;6;8;10;26
2024_01_WAS_TB;TB;1;2024;0;0;00-0035358;3;0;3;0;0;1;1;0;1;0;0;0;0;0;0;0;4;0;0;1,0;4;0;0;4;6;0;5;15
2024_01_TEN_CHI;TEN;1;2024;0;0;00-0025565;1;0;1;0;0;0;0;1;0;0;0;0;0;0;0;0;2;0;0;1,0;2;0;0;2;0;4;0;6
2024_01_WAS_TB;WAS;1;2024;0;0;00-0038097;0;2;2;0;0;0;0;0;0;0;0;0;0;1;1;0;2;0;0;1,0;2;0;0;2;0;0;0;2
2024_02_LA_ARI;ARI;2;2024;0;0;00-0023853;2;0;2;0;0;0;0;1;1;0;0;0;0;0;0;0;5;0;0;1,0;5;0;0;5;0;4;5;14
2024_02_ATL_PHI;ATL;2;2024;0;0;00-0033702;3;0;3;0;0;1;2;0;0;0;0;0;0;0;0;0;1;0;0;1,0;1;0;0;1;9;0;0;10
2024_02_LV_BAL;BAL;2;2024;0;0;00-0029597;3;1;4;0;0;0;1;2;0;0;0;0;0;0;1;0;2;0;0;1,0;2;0;0;2;3;8;0;13
2024_02_BUF_MIA;BUF;2;2024;0;0;00-0036162;1;1;2;0;0;0;0;1;0;0;0;0;0;1;0;0;4;0;0;1,0;4;0;0;4;0;4;0;8
2024_02_CHI_HOU;CHI;2;2024;0;0;00-0031203;2;0;2;0;0;0;0;0;2;0;0;0;0;0;0;0;1;0;0;1,0;1;0;0;1;0;0;10;11
2024_02_CIN_KC;CIN;2;2024;0;0;00-0036854;4;0;4;0;0;1;1;1;1;0;0;0;0;0;0;0;2;1;0;0,5;1;0;0;1;6;4;5;16
2024_02_CLE_JAX;CLE;2;2024;0;0;00-0030098;3;0;3;0;0;0;1;1;1;0;0;0;0;0;0;0;1;0;0;1,0;1;0;0;1;3;4;5;13
2024_02_NO_DAL;DAL;2;2024;0;0;00-0037692;4;0;4;0;0;0;1;2;1;0;0;0;0;0;0;0;1;0;0;1,0;1;0;0;1;3;8;5;17
2024_02_TB_DET;DET;2;2024;0;0;00-0039172;3;0;3;0;0;1;2;0;0;0;0;0;0;0;0;0;1;0;0;1,0;1;0;0;1;9;0;0;10
2024_02_IND_GB;GB;2;2024;0;0;00-0039649;3;1;4;0;0;0;1;2;0;0;0;0;0;1;0;0;1;0;0;1,0;1;0;0;1;3;8;0;12
2024_02_CHI_HOU;HOU;2;2024;0;0;00-0032726;4;0;4;0;0;0;0;1;3;0;0;0;0;0;0;0;1;0;0;1,0;1;0;0;1;0;4;15;20
2024_02_IND_GB;IND;2;2024;0;0;00-0035269;1;1;2;0;0;0;1;0;0;0;0;0;0;0;1;0;1;0;0;1,0;1;0;0;1;3;0;0;4
2024_02_CLE_JAX;JAX;2;2024;0;0;00-0039409;2;1;3;0;0;2;0;0;0;0;0;0;0;1;0;0;1;0;0;1,0;1;0;0;1;6;0;0;7
2024_02_CIN_KC;KC;2;2024;0;0;00-0033303;2;0;2;0;1;0;0;0;1;0;0;0;0;0;0;0;2;0;0;1,0;2;1;1;2;3;0;5;10
2024_02_LA_ARI;LA;2;2024;0;0;00-0039750;1;0;1;0;0;1;0;0;0;0;0;0;0;0;0;0;1;0;0;1,0;1;0;0;1;3;0;0;4
2024_02_LAC_CAR;LAC;2;2024;0;0;00-0037224;2;0;2;0;0;0;0;2;0;0;0;0;0;0;0;0;3;1;0;0,6666666666666666;2;0;0;2;0;8;0;10
2024_02_LV_BAL;LV;2;2024;0;0;00-0034161;4;0;4;0;0;1;1;0;2;0;0;0;0;0;0;0;2;0;0;1,0;2;1;1;2;6;0;10;18
2024_02_BUF_MIA;MIA;2;2024;0;0;00-0034794;1;0;1;0;0;0;1;0;0;0;0;0;0;0;0;0;1;0;0;1,0;1;0;0;1;3;0;0;4
2024_02_SF_MIN;MIN;2;2024;0;0;00-0039404;3;0;3;0;0;2;1;0;0;0;0;0;0;0;0;0;2;0;0;1,0;2;0;0;2;9;0;0;11
2024_02_SEA_NE;NE;2;2024;0;0;00-0035192;2;0;3;1;0;2;0;0;0;0;0;0;0;0;0;0;2;0;0;1,0;2;0;0;2;6;0;0;8
2024_02_NO_DAL;NO;2;2024;0;0;00-0038905;1;0;1;0;0;1;0;0;0;0;0;0;0;0;0;0;6;0;1;0,8333333333333334;5;0;0;5;3;0;0;8
2024_02_NYG_WAS;NYG;2;2024;0;0;00-0035042;0;0;0;0;0;0;0;0;0;0;0;0;0;0;0;0;1;1;0;0,0;0;0;0;0;0;0;0;0
2024_02_NYJ_TEN;NYJ;2;2024;0;0;00-0029621;1;0;1;0;0;0;1;0;0;0;0;0;0;0;0;0;3;0;0;1,0;3;0;0;3;3;0;0;6
2024_02_ATL_PHI;PHI;2;2024;0;1;00-0033787;2;0;2;0;0;2;0;0;0;0;0;0;0;0;0;0;1;0;0;1,0;1;0;0;1;6;0;0;7
2024_02_PIT_DEN;PIT;2;2024;0;0;00-0031136;2;0;2;0;0;1;0;0;1;0;0;0;0;0;0;0;1;0;0;1,0;1;0;0;1;3;0;5;9
2024_02_SEA_NE;SEA;2;2024;0;0;00-0031492;3;0;3;0;0;0;2;1;0;0;0;0;0;0;0;0;2;0;0;1,0;2;1;1;2;6;4;0;12
2024_02_SF_MIN;SF;2;2024;0;0;00-0038562;1;0;1;0;0;0;1;0;0;0;0;0;0;0;0;0;2;0;0;1,0;2;0;0;2;3;0;0;5
2024_02_TB_DET;TB;2;2024;0;0;00-0035358;2;0;2;0;0;0;1;0;1;0;0;0;0;0;0;0;2;0;0;1,0;2;0;0;2;3;0;5;10
2024_02_NYJ_TEN;TEN;2;2024;0;0;00-0025565;1;0;1;0;0;0;0;1;0;0;0;0;0;0;0;0;2;0;0;1,0;2;0;0;2;0;4;0;6
2024_03_DET_ARI;ARI;3;2024;0;0;00-0023853;2;0;2;0;0;0;0;2;0;0;0;0;0;0;0;0;1;0;0;1,0;1;0;0;1;0;8;0;9
2024_03_KC_ATL;ATL;3;2024;0;0;00-0033702;1;0;1;0;0;0;0;0;1;0;0;0;0;0;0;0;2;0;0;1,0;2;0;0;2;0;0;5;7
2024_03_BAL_DAL;BAL;3;2024;0;0;00-0029597;0;1;1;0;0;0;0;0;0;0;0;0;0;1;0;0;4;0;0;1,0;4;0;0;4;0;0;0;4
2024_03_JAX_BUF;BUF;3;2024;0;0;00-0036162;2;0;2;0;0;1;0;1;0;0;0;0;0;0;0;0;6;0;1;0,8333333333333334;5;0;0;5;3;4;0;12
2024_03_CAR_LV;CAR;3;2024;0;0;00-0034173;3;0;3;0;0;1;1;1;0;0;0;0;0;0;0;0;3;0;0;1,0;3;0;0;3;6;4;0;13
2024_03_CHI_IND;CHI;3;2024;0;0;00-0031203;1;1;2;0;0;0;0;0;1;0;0;0;0;0;1;0;1;0;0;1,0;1;0;0;1;0;0;5;6
2024_03_WAS_CIN;CIN;3;2024;0;0;00-0036854;2;1;3;0;0;1;1;0;0;0;0;0;0;1;0;0;3;0;0;1,0;3;0;0;3;6;0;0;9
2024_03_NYG_CLE;CLE;3;2024;1;0;00-0030098;0;1;1;0;0;0;0;0;0;0;0;0;0;0;1;0;1;0;0;1,0;1;0;0;1;0;0;0;1
2024_03_BAL_DAL;DAL;3;2024;0;0;00-0037692;2;0;2;0;0;0;0;0;1;1;0;0;0;0;0;0;1;0;0;1,0;1;0;0;1;0;0;10;11
2024_03_DEN_TB;DEN;3;2024;0;0;00-0032569;4;0;4;0;0;0;2;2;0;0;0;0;0;0;0;0;2;0;0;1,0;2;0;0;2;6;8;0;16
2024_03_DET_ARI;DET;3;2024;0;0;00-0039172;0;0;0;0;0;0;0;0;0;0;0;0;0;0;0;0;3;1;0;0,6666666666666666;2;0;0;2;0;0;0;2
2024_03_GB_TEN;GB;3;2024;0;0;00-0039649;3;0;3;0;0;2;0;1;0;0;0;0;0;0;0;0;3;0;0;1,0;3;0;0;3;6;4;0;13
2024_03_HOU_MIN;HOU;3;2024;0;0;00-0032726;0;1;1;0;0;0;0;0;0;0;0;0;0;0;1;0;1;0;0;1,0;1;0;0;1;0;0;0;1
2024_03_CHI_IND;IND;3;2024;0;0;00-0035269;0;0;0;0;0;0;0;0;0;0;0;0;0;0;0;0;3;0;0;1,0;3;0;0;3;0;0;0;3
2024_03_JAX_BUF;JAX;3;2024;0;0;00-0039409;1;0;1;0;0;0;0;1;0;0;0;0;0;0;0;0;1;0;0;1,0;1;0;0;1;0;4;0;5
2024_03_KC_ATL;KC;3;2024;0;0;00-0033303;3;0;3;0;0;1;0;1;1;0;0;0;0;0;0;0;2;1;0;0,5;1;0;0;1;3;4;5;13
2024_03_SF_LA;LA;3;2024;0;0;00-0039750;2;0;2;0;0;0;2;0;0;0;0;0;0;0;0;0;3;0;0;1,0;3;1;1;3;6;0;0;9
2024_03_LAC_PIT;LAC;3;2024;0;0;00-0037224;1;0;1;0;0;1;0;0;0;0;0;0;0;0;0;0;1;0;0;1,0;1;0;0;1;3;0;0;4
2024_03_CAR_LV;LV;3;2024;1;0;00-0034161;0;1;1;0;0;0;0;0;0;0;0;0;0;0;1;0;2;0;0;1,0;2;0;0;2;0;0;0;2
2024_03_HOU_MIN;MIN;3;2024;0;0;00-0039404;2;0;2;0;0;0;1;0;1;0;0;0;0;0;0;0;4;0;0;1,0;4;0;0;4;3;0;5;12
2024_03_NYG_CLE;NYG;3;2024;0;0;00-0034450;0;1;1;0;0;0;0;0;0;0;0;0;0;1;0;0;3;0;0;1,0;3;0;0;3;0;0;0;3
2024_03_NE_NYJ;NYJ;3;2024;0;0;00-0029621;1;1;2;0;0;1;0;0;0;0;0;0;0;1;0;0;3;0;0;1,0;3;0;0;3;3;0;0;6
2024_03_PHI_NO;PHI;3;2024;0;1;00-0033787;0;1;1;0;0;0;0;0;0;0;0;0;0;0;0;1;1;0;0;1,0;1;0;0;1;0;0;0;1
2024_03_LAC_PIT;PIT;3;2024;0;0;00-0031136;2;1;3;0;0;0;2;0;0;0;0;0;0;0;0;1;2;0;0;1,0;2;0;0;2;6;0;0;8
2024_03_MIA_SEA;SEA;3;2024;0;0;00-0031492;1;1;2;0;0;0;0;0;1;0;0;0;0;0;1;0;3;0;0;1,0;3;0;0;3;0;0;5;8
2024_03_SF_LA;SF;3;2024;0;0;00-0038562;1;1;2;0;0;1;0;0;0;0;0;0;0;0;1;0;3;0;0;1,0;3;0;0;3;3;0;0;6
2024_03_DEN_TB;TB;3;2024;0;0;00-0035358;0;0;0;0;0;0;0;0;0;0;0;0;0;0;0;0;1;0;0;1,0;1;0;0;1;0;0;0;1
2024_03_GB_TEN;TEN;3;2024;0;0;00-0025565;0;0;0;0;0;0;0;0;0;0;0;0;0;0;0;0;2;0;0;1,0;2;0;0;2;0;0;0;2
2024_03_WAS_CIN;WAS;3;2024;0;0;00-0035145;1;0;1;0;0;0;0;1;0;0;0;0;0;0;0;0;5;0;0;1,0;5;0;0;5;0;4;0;9
2024_04_WAS_ARI;ARI;4;2024;0;0;00-0023853;0;0;0;0;0;0;0;0;0;0;0;0;0;0;0;0;2;0;0;1,0;2;0;0;2;0;0;0;2
2024_04_NO_ATL;ATL;4;2024;0;0;00-0033702;4;0;4;0;0;0;0;2;2;0;0;0;0;0;0;0;2;0;0;1,0;2;1;1;2;0;8;10;20
2024_04_BUF_BAL;BAL;4;2024;0;0;00-0029597;0;0;0;0;0;0;0;0;0;0;0;0;0;0;0;0;5;0;0;1,0;5;0;0;5;0;0;0;5
2024_04_BUF_BAL;BUF;4;2024;0;0;00-0036162;1;1;2;0;0;0;0;0;1;0;0;0;0;1;0;0;1;0;0;1,0;1;0;0;1;0;0;5;6
2024_04_CIN_CAR;CAR;4;2024;0;0;00-0034173;1;0;1;0;0;0;0;1;0;0;0;0;0;0;0;0;3;0;0;1,0;3;0;0;3;0;4;0;7
2024_04_LA_CHI;CHI;4;2024;0;0;00-0031203;1;0;1;0;0;0;0;1;0;0;0;0;0;0;0;0;3;0;0;1,0;3;0;0;3;0;4;0;7
2024_04_CIN_CAR;CIN;4;2024;0;0;00-0036854;2;0;2;0;0;0;0;1;1;0;0;0;0;0;0;0;4;0;0;1,0;4;0;0;4;0;4;5;13
2024_04_CLE_LV;CLE;4;2024;0;0;00-0030098;1;0;1;0;0;0;0;0;1;0;0;0;0;0;0;0;2;1;0;0,5;1;0;0;1;0;0;5;6
2024_04_DAL_NYG;DAL;4;2024;0;0;00-0037692;2;1;3;0;0;0;0;1;0;1;0;0;0;0;1;0;2;0;0;1,0;2;0;0;2;0;4;5;11
2024_04_DEN_NYJ;DEN;4;2024;0;0;00-0032569;1;1;2;0;0;0;0;1;0;0;0;0;0;0;1;0;1;0;0;1,0;1;0;0;1;0;4;0;5
2024_04_SEA_DET;DET;4;2024;0;0;00-0039172;0;0;0;0;0;0;0;0;0;0;0;0;0;0;0;0;6;0;0;1,0;6;0;0;6;0;0;0;6
2024_04_MIN_GB;GB;4;2024;1;0;00-0039649;0;2;2;0;0;0;0;0;0;0;0;0;1;1;0;0;3;0;0;1,0;3;0;0;3;0;0;0;3
2024_04_JAX_HOU;HOU;4;2024;0;0;00-0032726;1;0;1;0;0;0;1;0;0;0;0;0;0;0;0;0;3;0;0;1,0;3;0;0;3;3;0;0;6
2024_04_PIT_IND;IND;4;2024;0;0;00-0035269;2;1;3;0;0;0;2;0;0;0;0;0;0;0;1;0;3;0;0;1,0;3;0;0;3;6;0;0;9
2024_04_JAX_HOU;JAX;4;2024;0;0;00-0039409;2;0;2;0;0;0;0;1;1;0;0;0;0;0;0;0;2;0;0;1,0;2;0;0;2;0;4;5;11
2024_04_KC_LAC;KC;4;2024;0;0;00-0033303;1;1;2;0;0;0;1;0;0;0;0;0;0;0;0;1;2;0;0;1,0;2;0;0;2;3;0;0;5
2024_04_KC_LAC;LAC;4;2024;0;0;00-0037224;1;1;2;0;0;0;0;0;1;0;0;0;0;0;1;0;1;0;0;1,0;1;0;0;1;0;0;5;6
2024_04_CLE_LV;LV;4;2024;0;0;00-0034161;2;0;2;0;0;0;1;0;1;0;0;0;0;0;0;0;2;0;0;1,0;2;0;0;2;3;0;5;10
2024_04_MIN_GB;MIN;4;2024;0;0;00-0039404;1;0;1;0;0;0;1;0;0;0;0;0;0;0;0;0;4;0;0;1,0;4;0;0;4;3;0;0;7
2024_04_NE_SF;NE;4;2024;0;0;00-0035192;2;0;2;0;0;0;0;0;1;1;0;0;0;0;0;0;1;0;0;1,0;1;0;0;1;0;0;10;11
2024_04_NO_ATL;NO;4;2024;0;0;00-0038905;1;0;1;0;0;0;0;1;0;0;0;0;0;0;0;0;3;0;0;1,0;3;0;0;3;0;4;0;7
2024_04_PHI_TB;PHI;4;2024;0;0;00-0033787;0;0;0;0;0;0;0;0;0;0;0;0;0;0;0;0;2;0;0;1,0;2;0;0;2;0;0;0;2
2024_04_PIT_IND;PIT;4;2024;0;0;00-0031136;1;0;1;0;0;0;0;0;1;0;0;0;0;0;0;0;3;0;0;1,0;3;0;0;3;0;0;5;8
2024_04_SEA_DET;SEA;4;2024;0;0;00-0031492;0;1;1;0;0;0;0;0;0;0;0;0;0;0;0;1;3;0;0;1,0;3;0;0;3;0;0;0;3
2024_04_NE_SF;SF;4;2024;0;0;00-0038562;3;0;3;0;0;2;0;1;0;0;0;0;0;0;0;0;3;0;0;1,0;3;0;0;3;6;4;0;13
2024_04_PHI_TB;TB;4;2024;0;0;00-0035358;2;0;2;0;0;1;0;0;1;0;0;0;0;0;0;0;4;0;1;0,75;3;0;0;3;3;0;5;11
2024_04_TEN_MIA;TEN;4;2024;0;0;00-0025565;5;0;5;0;0;1;0;1;3;0;0;0;0;0;0;0;2;0;0;1,0;2;0;0;2;3;4;15;24
2024_04_WAS_ARI;WAS;4;2024;1;0;00-0035145;2;0;2;0;0;0;1;1;0;0;0;0;0;0;0;0;4;0;0;1,0;4;0;0;4;3;4;0;11
2024_05_ARI_SF;ARI;5;2024;0;1;00-0038567;3;0;4;1;0;0;2;1;0;0;0;0;0;0;0;0;1;0;0;1,0;1;0;0;1;6;4;0;11
2024_05_TB_ATL;ATL;5;2024;0;0;00-0033702;3;1;5;1;0;0;0;1;2;0;0;0;0;1;0;0;3;0;0;1,0;3;0;0;3;0;4;10;17
2024_05_BAL_CIN;BAL;5;2024;0;0;00-0029597;2;0;2;0;0;1;0;0;1;0;0;0;0;0;0;0;5;0;0;1,0;5;1;1;5;3;0;5;13
2024_05_BUF_HOU;BUF;5;2024;0;0;00-0036162;2;0;2;0;0;0;2;0;0;0;0;0;0;0;0;0;2;0;0;1,0;2;0;0;2;6;0;0;8
2024_05_CAR_CHI;CAR;5;2024;0;0;00-0034173;1;1;2;0;0;1;0;0;0;0;0;0;0;1;0;0;1;0;0;1,0;1;0;0;1;3;0;0;4
2024_05_CAR_CHI;CHI;5;2024;0;0;00-0031203;1;0;1;0;0;0;1;0;0;0;0;0;0;0;0;0;4;1;0;0,75;3;0;0;3;3;0;0;6
2024_05_BAL_CIN;CIN;5;2024;0;1;00-0036854;0;1;1;0;0;0;0;0;0;0;0;0;0;0;1;0;4;0;0;1,0;4;0;0;4;0;0;0;4
2024_05_CLE_WAS;CLE;5;2024;0;0;00-0030098;2;0;2;0;0;0;1;0;1;0;0;0;0;0;0;0;1;0;0;1,0;1;0;0;1;3;0;5;9
2024_05_DAL_PIT;DAL;5;2024;0;0;00-0037692;2;0;3;1;0;0;1;0;1;0;0;0;0;0;0;0;2;0;0;1,0;2;0;0;2;3;0;5;10
2024_05_LV_DEN;DEN;5;2024;0;0;00-0032569;2;0;2;0;0;0;0;1;1;0;0;0;0;0;0;0;4;0;0;1,0;4;0;0;4;0;4;5;13
2024_05_GB_LA;GB;5;2024;0;0;00-0039649;1;0;1;0;0;0;0;1;0;0;0;0;0;0;0;0;3;0;0;1,0;3;0;0;3;0;4;0;7
2024_05_BUF_HOU;HOU;5;2024;0;0;00-0032726;3;0;3;0;0;0;0;1;2;0;0;0;0;0;0;0;2;0;0;1,0;2;1;1;2;0;4;10;16
2024_05_IND_JAX;IND;5;2024;0;0;00-0035269;2;0;2;0;0;0;2;0;0;0;0;0;0;0;0;0;4;0;0;1,0;4;0;0;4;6;0;0;10
2024_05_IND_JAX;JAX;5;2024;0;0;00-0039409;3;0;3;0;0;1;1;1;0;0;0;0;0;0;0;0;4;0;0;1,0;4;1;1;4;6;4;0;14
2024_05_NO_KC;KC;5;2024;0;0;00-0033303;4;1;5;0;0;2;2;0;0;0;0;0;0;0;1;0;2;0;0;1,0;2;0;0;2;12;0;0;14
2024_05_GB_LA;LA;5;2024;0;0;00-0039750;0;0;0;0;0;0;0;0;0;0;0;0;0;0;0;0;2;0;1;0,5;1;0;0;1;0;0;0;1
2024_05_LV_DEN;LV;5;2024;0;1;00-0034161;1;0;1;0;0;0;0;1;0;0;0;0;0;0;0;0;1;0;0;1,0;1;0;0;1;0;4;0;5
2024_05_NYJ_MIN;MIN;5;2024;0;0;00-0039404;3;0;3;0;0;0;0;1;2;0;0;0;0;0;0;0;2;0;0;1,0;2;0;0;2;0;4;10;16
2024_05_MIA_NE;NE;5;2024;0;0;00-0035192;1;1;2;0;0;0;1;0;0;0;0;0;1;0;0;0;1;0;0;1,0;1;0;0;1;3;0;0;4
2024_05_NO_KC;NO;5;2024;0;0;00-0038905;0;0;0;0;0;0;0;0;0;0;0;0;0;0;0;0;2;1;0;0,5;1;0;0;1;0;0;0;1
2024_05_NYG_SEA;NYG;5;2024;0;0;00-0034450;3;0;3;0;0;1;2;0;0;0;0;0;0;0;0;0;2;0;0;1,0;2;0;0;2;9;0;0;11
2024_05_NYJ_MIN;NYJ;5;2024;0;0;00-0029621;1;0;1;0;0;0;1;0;0;0;0;0;0;0;0;0;2;0;0;1,0;2;0;0;2;3;0;0;5
2024_05_DAL_PIT;PIT;5;2024;0;0;00-0031136;1;0;1;0;0;0;0;1;0;0;0;0;0;0;0;0;2;0;0;1,0;2;0;0;2;0;4;0;6
2024_05_NYG_SEA;SEA;5;2024;0;0;00-0031492;2;0;3;1;0;0;0;2;0;0;0;0;0;0;0;0;2;0;0;1,0;2;0;0;2;0;8;0;10
2024_05_ARI_SF;SF;5;2024;0;0;00-0038562;2;0;2;0;0;2;0;0;0;0;0;0;0;0;0;0;2;0;0;1,0;2;0;0;2;6;0;0;8
2024_05_TB_ATL;TB;5;2024;0;0;00-0035358;3;0;3;0;0;0;1;0;2;0;0;0;0;0;0;0;3;0;0;1,0;3;0;0;3;3;0;10;16
2024_05_CLE_WAS;WAS;5;2024;0;0;00-0035145;2;0;2;0;0;1;1;0;0;0;0;0;0;0;0;0;4;0;0;1,0;4;0;0;4;6;0;0;10
2024_06_ARI_GB;ARI;6;2024;0;0;00-0038567;2;0;2;0;0;0;1;1;0;0;0;0;0;0;0;0;1;0;0;1,0;1;0;0;1;3;4;0;8
2024_06_ATL_CAR;ATL;6;2024;0;1;00-0033702;3;0;3;0;0;1;2;0;0;0;0;0;0;0;0;0;3;0;0;1,0;3;0;0;3;9;0;0;12
2024_06_WAS_BAL;BAL;6;2024;0;0;00-0029597;3;0;3;0;0;0;2;1;0;0;0;0;0;0;0;0;3;0;0;1,0;3;0;0;3;6;4;0;13
2024_06_BUF_NYJ;BUF;6;2024;0;0;00-0036162;1;1;2;0;0;1;0;0;0;0;0;0;0;1;0;0;3;1;0;0,6666666666666666;2;0;0;2;3;0;0;5
2024_06_ATL_CAR;CAR;6;2024;0;0;00-0034173;2;0;2;0;0;1;0;1;0;0;0;0;0;0;0;0;2;0;0;1,0;2;0;0;2;3;4;0;9
2024_06_JAX_CHI;CHI;6;2024;0;0;00-0031203;0;0;1;1;0;0;0;0;0;0;0;0;0;0;0;0;5;0;0;1,0;5;0;0;5;0;0;0;5
2024_06_CIN_NYG;CIN;6;2024;0;0;00-0036854;1;0;1;0;0;0;1;0;0;0;0;0;0;0;0;0;2;0;0;1,0;2;0;0;2;3;0;0;5
2024_06_CLE_PHI;CLE;6;2024;0;0;00-0030098;3;1;4;0;0;0;1;2;0;0;0;0;0;0;1;0;1;0;0;1,0;1;0;0;1;3;8;0;12
2024_06_LAC_DEN;DEN;6;2024;0;0;00-0032569;1;0;1;0;0;0;0;1;0;0;0;0;0;0;0;0;1;0;0;1,0;1;0;0;1;0;4;0;5
2024_06_DET_DAL;DET;6;2024;0;0;00-0039172;4;0;4;0;0;0;2;2;0;0;0;0;0;0;0;0;5;0;0;1,0;5;0;0;5;6;8;0;19
2024_06_ARI_GB;GB;6;2024;0;0;00-0039649;2;1;3;0;0;0;1;1;0;0;0;0;0;1;0;0;4;0;0;1,0;4;0;0;4;3;4;0;11
2024_06_HOU_NE;HOU;6;2024;0;0;00-0032726;2;1;3;0;0;0;1;1;0;0;0;0;0;1;0;0;5;0;0;1,0;5;0;0;5;3;4;0;12
2024_06_IND_TEN;IND;6;2024;0;0;00-0035269;2;0;2;0;0;2;0;0;0;0;0;0;0;0;0;0;2;0;0;1,0;2;0;0;2;6;0;0;8
2024_06_JAX_CHI;JAX;6;2024;0;0;00-0039409;1;0;1;0;0;0;1;0;0;0;0;0;0;0;0;0;1;0;0;1,0;1;0;0;1;3;0;0;4
2024_06_LAC_DEN;LAC;6;2024;0;0;00-0037224;3;0;3;0;0;1;1;1;0;0;0;0;0;0;0;0;2;0;0;1,0;2;0;0;2;6;4;0;12
2024_06_PIT_LV;LV;6;2024;0;0;00-0034161;0;0;0;0;0;0;0;0;0;0;0;0;0;0;0;0;1;0;0;1,0;1;0;0;1;0;0;0;1
2024_06_HOU_NE;NE;6;2024;0;0;00-0035192;0;0;0;0;0;0;0;0;0;0;0;0;0;0;0;0;3;0;0;1,0;3;0;0;3;0;0;0;3
2024_06_TB_NO;NO;6;2024;0;0;00-0038905;2;0;2;0;0;1;0;1;0;0;0;0;0;0;0;0;3;0;0;1,0;3;0;0;3;3;4;0;10
2024_06_CIN_NYG;NYG;6;2024;0;0;00-0034450;0;2;2;0;0;0;0;0;0;0;0;0;0;2;0;0;1;0;0;1,0;1;0;0;1;0;0;0;1
2024_06_BUF_NYJ;NYJ;6;2024;0;0;00-0029621;2;2;4;0;0;1;1;0;0;0;0;0;1;1;0;0;2;0;0;1,0;2;0;0;2;6;0;0;8
2024_06_CLE_PHI;PHI;6;2024;0;0;00-0033787;2;0;3;1;0;0;0;2;0;0;0;0;0;0;0;0;2;0;0;1,0;2;0;0;2;0;8;0;10
2024_06_PIT_LV;PIT;6;2024;0;0;00-0031136;4;0;4;0;0;0;2;1;1;0;0;0;0;0;0;0;2;0;0;1,0;2;0;0;2;6;4;5;17
2024_06_SF_SEA;SEA;6;2024;0;0;00-0031492;1;0;1;0;0;1;0;0;0;0;0;0;0;0;0;0;3;0;0;1,0;3;0;0;3;3;0;0;6
2024_06_SF_SEA;SF;6;2024;0;0;00-0035189;3;0;3;0;0;1;1;1;0;0;0;0;0;0;0;0;3;0;0;1,0;3;0;0;3;6;4;0;13
2024_06_TB_NO;TB;6;2024;0;0;00-0035358;1;0;1;0;0;1;0;0;0;0;0;0;0;0;0;0;6;0;0;1,0;6;0;0;6;3;0;0;9
2024_06_IND_TEN;TEN;6;2024;0;0;00-0025565;1;0;1;0;0;0;0;1;0;0;0;0;0;0;0;0;2;0;0;1,0;2;0;0;2;0;4;0;6
2024_06_WAS_BAL;WAS;6;2024;0;0;00-0035145;3;0;4;1;0;0;0;2;1;0;0;0;0;0;0;0;2;0;0;1,0;2;0;0;2;0;8;5;15
2024_07_LAC_ARI;ARI;7;2024;0;0;00-0038567;1;0;1;0;0;0;1;0;0;0;0;0;0;0;0;0;2;0;0;1,0;2;1;1;2;3;0;0;5
2024_07_SEA_ATL;ATL;7;2024;0;0;00-0033702;0;1;1;0;0;0;0;0;0;0;0;0;0;0;1;0;2;0;0;1,0;2;0;0;2;0;0;0;2
2024_07_BAL_TB;BAL;7;2024;0;0;00-0029597;2;0;2;0;0;1;0;0;1;0;0;0;0;0;0;0;5;0;0;1,0;5;0;0;5;3;0;5;13
2024_07_TEN_BUF;BUF;7;2024;0;0;00-0036162;2;0;2;0;0;1;1;0;0;0;0;0;0;0;0;0;4;0;0;1,0;4;0;0;4;6;0;0;10
2024_07_CAR_WAS;CAR;7;2024;0;0;00-0034173;0;0;0;0;0;0;0;0;0;0;0;0;0;0;0;0;1;0;0;1,0;1;0;0;1;0;0;0;1
2024_07_CIN_CLE;CIN;7;2024;0;0;00-0036854;0;1;1;0;0;0;0;0;0;0;0;0;0;0;1;0;3;0;0;1,0;3;0;0;3;0;0;0;3
2024_07_CIN_CLE;CLE;7;2024;1;0;00-0030098;0;1;1;0;0;0;0;0;0;0;0;0;0;1;0;0;1;1;0;0,0;0;0;0;0;0;0;0;0
2024_07_DEN_NO;DEN;7;2024;0;0;00-0032569;4;0;4;0;0;0;2;1;1;0;0;0;0;0;0;0;3;0;0;1,0;3;0;0;3;6;4;5;18
2024_07_DET_MIN;DET;7;2024;0;0;00-0039172;1;0;1;0;0;0;0;1;0;0;0;0;0;0;0;0;4;0;0;1,0;4;1;1;4;0;4;0;8
2024_07_HOU_GB;GB;7;2024;0;0;00-0029822;1;0;1;0;0;0;0;1;0;0;0;0;0;0;0;0;3;0;0;1,0;3;1;1;3;0;4;0;7
2024_07_HOU_GB;HOU;7;2024;0;0;00-0032726;3;0;3;0;0;1;1;0;1;0;0;0;0;0;0;0;1;0;0;1,0;1;0;0;1;6;0;5;12
2024_07_MIA_IND;IND;7;2024;0;0;00-0035269;3;0;3;0;0;1;1;0;1;0;0;0;0;0;0;0;1;0;0;1,0;1;0;0;1;6;0;5;12
2024_07_NE_JAX;JAX;7;2024;1;0;00-0039409;1;0;1;0;0;1;0;0;0;0;0;0;0;0;0;0;3;0;0;1,0;3;0;0;3;3;0;0;6
2024_07_KC_SF;KC;7;2024;0;0;00-0033303;0;0;0;0;0;0;0;0;0;0;0;0;0;0;0;0;4;0;0;1,0;4;0;0;4;0;0;0;4
2024_07_LV_LA;LA;7;2024;0;0;00-0039750;0;1;1;0;0;0;0;0;0;0;0;0;1;0;0;0;3;1;0;0,6666666666666666;2;0;0;2;0;0;0;2
2024_07_MIA_IND;MIA;7;2024;0;0;00-0034794;1;1;2;0;0;0;1;0;0;0;0;0;0;0;1;0;1;0;0;1,0;1;0;0;1;3;0;0;4
2024_07_DET_MIN;MIN;7;2024;0;0;00-0039404;3;0;3;0;0;0;0;2;1;0;0;0;0;0;0;0;2;0;0;1,0;2;0;0;2;0;8;5;15
2024_07_NE_JAX;NE;7;2024;0;0;00-0035192;1;0;1;0;0;0;0;1;0;0;0;0;0;0;0;0;1;0;0;1,0;1;0;0;1;0;4;0;5
2024_07_DEN_NO;NO;7;2024;0;0;00-0038905;1;0;1;0;0;0;1;0;0;0;0;0;0;0;0;0;1;0;0;1,0;1;0;0;1;3;0;0;4
2024_07_NYJ_PIT;NYJ;7;2024;1;0;00-0029621;0;0;1;1;0;0;0;0;0;0;0;0;0;0;0;0;1;0;0;1,0;1;0;0;1;0;0;0;1
2024_07_PHI_NYG;PHI;7;2024;0;0;00-0033787;0;0;0;0;0;0;0;0;0;0;0;0;0;0;0;0;4;0;0;1,0;4;0;0;4;0;0;0;4
2024_07_NYJ_PIT;PIT;7;2024;0;0;00-0031136;3;0;3;0;0;2;0;1;0;0;0;0;0;0;0;0;4;0;0;1,0;4;0;0;4;6;4;0;14
2024_07_SEA_ATL;SEA;7;2024;0;0;00-0031492;2;0;2;0;0;0;1;0;1;0;0;0;0;0;0;0;4;0;0;1,0;4;0;0;4;3;0;5;12
2024_07_KC_SF;SF;7;2024;0;0;00-0038402;2;0;2;0;0;1;0;0;1;0;0;0;0;0;0;0;1;1;0;0,0;0;0;0;0;3;0;5;8
2024_07_BAL_TB;TB;7;2024;1;0;00-0035358;1;1;2;0;0;1;0;0;0;0;0;0;0;0;1;0;2;0;0;1,0;2;0;0;2;3;0;0;5
2024_07_TEN_BUF;TEN;7;2024;0;0;00-0025565;1;0;1;0;0;1;0;0;0;0;0;0;0;0;0;0;1;0;0;1,0;1;0;0;1;3;0;0;4
2024_07_CAR_WAS;WAS;7;2024;0;0;00-0035145;4;0;4;0;0;2;1;1;0;0;0;0;0;0;0;0;4;0;0;1,0;4;0;0;4;9;4;0;17
2024_08_ARI_MIA;ARI;8;2024;0;0;00-0038567;2;0;2;0;0;0;1;0;1;0;0;0;0;0;0;0;2;0;0;1,0;2;1;1;2;3;0;5;10
2024_08_ATL_TB;ATL;8;2024;0;0;00-0033702;1;1;2;0;0;0;1;0;0;0;0;0;0;1;0;0;4;0;0;1,0;4;0;0;4;3;0;0;7
2024_08_BAL_CLE;BAL;8;2024;0;0;00-0029597;1;1;2;0;0;0;0;1;0;0;0;0;0;0;1;0;3;0;0;1,0;3;0;0;3;0;4;0;7
2024_08_BUF_SEA;BUF;8;2024;0;0;00-0036162;1;0;1;0;0;1;0;0;0;0;0;0;0;0;0;0;4;0;0;1,0;4;0;0;4;3;0;0;7
2024_08_CAR_DEN;CAR;8;2024;0;0;00-0034173;0;0;0;0;0;0;0;0;0;0;0;0;0;0;0;0;2;0;0;1,0;2;0;0;2;0;0;0;2
2024_08_CHI_WAS;CHI;8;2024;1;0;00-0031203;0;0;0;0;0;0;0;0;0;0;0;0;0;0;0;0;1;0;0;1,0;1;0;0;1;0;0;0;1
2024_08_PHI_CIN;CIN;8;2024;0;0;00-0036854;1;1;2;0;0;1;0;0;0;0;0;0;0;0;1;0;2;0;0;1,0;2;0;0;2;3;0;0;5
2024_08_BAL_CLE;CLE;8;2024;0;0;00-0030098;3;0;3;0;0;1;1;1;0;0;0;0;0;0;0;0;2;0;0;1,0;2;0;0;2;6;4;0;12
2024_08_DAL_SF;DAL;8;2024;0;0;00-0037692;1;0;1;0;0;1;0;0;0;0;0;0;0;0;0;0;3;0;0;1,0;3;0;0;3;3;0;0;6
2024_08_CAR_DEN;DEN;8;2024;0;0;00-0032569;0;0;0;0;0;0;0;0;0;0;0;0;0;0;0;0;4;0;0;1,0;4;0;0;4;0;0;0;4
2024_08_TEN_DET;DET;8;2024;0;0;00-0039172;1;0;1;0;0;0;0;0;1;0;0;0;0;0;0;0;7;0;0;1,0;7;0;0;7;0;0;5;12
2024_08_GB_JAX;GB;8;2024;0;0;00-0029822;3;0;3;0;0;1;2;0;0;0;0;0;0;0;0;0;3;0;0;1,0;3;1;1;3;9;0;0;12
2024_08_IND_HOU;HOU;8;2024;0;0;00-0032726;3;0;3;0;0;0;3;0;0;0;0;0;0;0;0;0;2;0;0;1,0;2;0;0;2;9;0;0;11
2024_08_IND_HOU;IND;8;2024;0;0;00-0035269;2;0;2;0;0;0;1;1;0;0;0;0;0;0;0;0;2;0;0;1,0;2;0;0;2;3;4;0;9
2024_08_GB_JAX;JAX;8;2024;0;0;00-0039409;2;0;2;0;0;0;1;1;0;0;0;0;0;0;0;0;3;0;0;1,0;3;0;0;3;3;4;0;10
2024_08_KC_LV;KC;8;2024;0;0;00-0033303;2;0;2;0;0;1;0;1;0;0;0;0;0;0;0;0;3;0;0;1,0;3;0;0;3;3;4;0;10
2024_08_MIN_LA;LA;8;2024;0;0;00-0039750;0;0;0;0;0;0;0;0;0;0;0;0;0;0;0;0;4;0;0;1,0;4;0;0;4;0;0;0;4
2024_08_NO_LAC;LAC;8;2024;0;0;00-0037224;2;0;2;0;0;1;0;1;0;0;0;0;0;0;0;0;3;1;0;0,6666666666666666;2;0;0;2;3;4;0;9
2024_08_KC_LV;LV;8;2024;0;0;00-0034161;2;0;2;0;0;0;1;0;1;0;0;0;0;0;0;0;2;0;0;1,0;2;0;0;2;3;0;5;10
2024_08_ARI_MIA;MIA;8;2024;0;0;00-0034794;2;0;2;0;0;1;0;0;1;0;0;0;0;0;0;0;3;0;0;1,0;3;0;0;3;3;0;5;11
2024_08_MIN_LA;MIN;8;2024;0;0;00-0039404;2;0;2;0;0;1;1;0;0;0;0;0;0;0;0;0;2;0;0;1,0;2;0;0;2;6;0;0;8
2024_08_NYJ_NE;NE;8;2024;1;0;00-0035192;1;0;1;0;0;1;0;0;0;0;0;0;0;0;0;0;2;0;0;1,0;2;0;0;2;3;0;0;5
2024_08_NYJ_NE;NYJ;8;2024;0;0;00-0029621;1;1;2;0;0;1;0;0;0;0;0;0;0;1;0;0;2;1;0;0,5;1;0;0;1;3;0;0;4
2024_08_PHI_CIN;PHI;8;2024;0;0;00-0033787;3;0;3;0;0;0;1;2;0;0;0;0;0;0;0;0;4;0;0;1,0;4;0;0;4;3;8;0;15
2024_08_NYG_PIT;PIT;8;2024;0;0;00-0031136;4;0;4;0;0;3;1;0;0;0;0;0;0;0;0;0;2;0;0;1,0;2;0;0;2;12;0;0;14
2024_08_BUF_SEA;SEA;8;2024;0;0;00-0031492;1;0;1;0;0;0;1;0;0;0;0;0;0;0;0;0;1;0;0;1,0;1;0;0;1;3;0;0;4
2024_08_DAL_SF;SF;8;2024;0;0;00-0038402;3;0;3;0;0;0;0;2;1;0;0;0;0;0;0;0;3;0;0;1,0;3;0;0;3;0;8;5;16
2024_08_ATL_TB;TB;8;2024;0;0;00-0035358;1;0;1;0;0;0;0;0;1;0;0;0;0;0;0;0;3;0;0;1,0;3;0;0;3;0;0;5;8
2024_08_TEN_DET;TEN;8;2024;0;0;00-0025565;0;0;0;0;0;0;0;0;0;0;0;0;0;0;0;0;2;0;0;1,0;2;0;0;2;0;0;0;2
2024_09_CHI_ARI;ARI;9;2024;0;0;00-0038567;2;0;2;0;0;1;0;0;1;0;0;0;0;0;0;0;3;0;0;1,0;3;0;0;3;3;0;5;11
2024_09_DAL_ATL;ATL;9;2024;0;0;00-0033702;0;0;0;0;0;0;0;0;0;0;0;0;0;0;0;0;3;0;0;1,0;3;0;0;3;0;0;0;3
2024_09_DEN_BAL;BAL;9;2024;0;0;00-0029597;2;0;2;0;0;0;2;0;0;0;0;0;0;0;0;0;5;0;0;1,0;5;0;0;5;6;0;0;11
2024_09_MIA_BUF;BUF;9;2024;1;0;00-0036162;3;0;3;0;0;0;0;2;0;1;0;0;0;0;0;0;2;1;0;0,5;1;1;1;1;0;8;5;14
2024_09_NO_CAR;CAR;9;2024;0;0;00-0034173;1;0;1;0;0;0;0;1;0;0;0;0;0;0;0;0;2;0;0;1,0;2;0;0;2;0;4;0;6
2024_09_LV_CIN;CIN;9;2024;0;0;00-0036854;2;0;2;0;0;1;0;1;0;0;0;0;0;0;0;0;5;0;0;1,0;5;0;0;5;3;4;0;12
2024_09_LAC_CLE;CLE;9;2024;0;0;00-0030098;1;0;2;1;0;0;1;0;0;0;0;0;0;0;0;0;1;0;0;1,0;1;0;0;1;3;0;0;4
2024_09_DAL_ATL;DAL;9;2024;1;0;00-0037692;2;0;2;0;0;0;1;0;1;0;0;0;0;0;0;0;1;0;0;1,0;1;0;0;1;3;0;5;9
2024_09_DEN_BAL;DEN;9;2024;0;0;00-0032569;1;0;1;0;0;0;1;0;0;0;0;0;0;0;0;0;1;0;0;1,0;1;0;0;1;3;0;0;4
2024_09_DET_GB;DET;9;2024;0;0;00-0039172;1;0;1;0;0;1;0;0;0;0;0;0;0;0;0;0;3;0;0;1,0;3;0;0;3;3;0;0;6
2024_09_HOU_NYJ;HOU;9;2024;0;0;00-0032726;2;2;4;0;0;1;0;0;1;0;0;1;0;0;1;0;1;0;0;1,0;1;0;0;1;3;0;5;9
2024_09_IND_MIN;IND;9;2024;0;0;00-0035269;2;1;3;0;0;0;0;1;1;0;0;0;0;0;1;0;1;0;0;1,0;1;0;0;1;0;4;5;10
2024_09_JAX_PHI;JAX;9;2024;2;0;00-0039409;0;0;0;0;0;0;0;0;0;0;0;0;0;0;0;0;1;0;0;1,0;1;0;0;1;0;0;0;1
2024_09_TB_KC;KC;9;2024;0;0;00-0033303;1;0;1;0;0;0;0;1;0;0;0;0;0;0;0;0;3;0;0;1,0;3;0;0;3;0;4;0;7
2024_09_LA_SEA;LA;9;2024;0;0;00-0039750;2;0;2;0;0;1;1;0;0;0;0;0;0;0;0;0;2;0;0;1,0;2;0;0;2;6;0;0;8
2024_09_LAC_CLE;LAC;9;2024;0;0;00-0037224;0;1;1;0;0;0;0;0;0;0;0;0;0;1;0;0;4;1;0;0,75;3;0;0;3;0;0;0;3
2024_09_LV_CIN;LV;9;2024;0;0;00-0034161;1;0;1;0;0;0;0;1;0;0;0;0;0;0;0;0;3;0;0;1,0;3;0;0;3;0;4;0;7
2024_09_MIA_BUF;MIA;9;2024;0;0;00-0034794;2;0;2;0;0;1;1;0;0;0;0;0;0;0;0;0;3;0;0;1,0;3;0;0;3;6;0;0;9
2024_09_IND_MIN;MIN;9;2024;0;0;00-0039404;0;2;2;0;0;0;0;0;0;0;0;0;1;0;1;0;3;0;0;1,0;3;0;0;3;0;0;0;3
2024_09_NE_TEN;NE;9;2024;0;0;00-0035192;1;1;2;0;0;0;0;0;1;0;0;0;0;0;1;0;2;0;0;1,0;2;0;0;2;0;0;5;7
2024_09_NO_CAR;NO;9;2024;0;0;00-0038905;3;0;3;0;0;1;1;0;1;0;0;0;0;0;0;0;1;0;0;1,0;1;0;0;1;6;0;5;12
2024_09_WAS_NYG;NYG;9;2024;0;0;00-0039934;1;0;1;0;0;0;1;0;0;0;0;0;0;0;0;0;1;0;0;1,0;1;0;0;1;3;0;0;4
2024_09_HOU_NYJ;NYJ;9;2024;0;0;00-0036816;0;0;0;0;0;0;0;0;0;0;0;0;0;0;0;0;3;0;0;1,0;3;0;0;3;0;0;0;3
2024_09_JAX_PHI;PHI;9;2024;0;0;00-0033787;1;1;2;0;0;0;0;1;0;0;0;0;0;0;1;0;1;0;0;1,0;1;0;0;1;0;4;0;5
2024_09_LA_SEA;SEA;9;2024;0;0;00-0031492;0;0;0;0;0;0;0;0;0;0;0;0;0;0;0;0;3;0;1;0,6666666666666666;2;0;0;2;0;0;0;2
2024_09_TB_KC;TB;9;2024;0;0;00-0035358;1;0;1;0;0;0;0;1;0;0;0;0;0;0;0;0;3;0;0;1,0;3;0;0;3;0;4;0;7
2024_09_NE_TEN;TEN;9;2024;0;0;00-0025565;2;0;2;0;0;2;0;0;0;0;0;0;0;0;0;0;2;0;0;1,0;2;0;0;2;6;0;0;8
2024_09_WAS_NYG;WAS;9;2024;0;0;00-0035145;2;0;2;0;0;1;1;0;0;0;0;0;0;0;0;0;3;0;0;1,0;3;0;0;3;6;0;0;9
2024_10_NYJ_ARI;ARI;10;2024;0;0;00-0038567;1;0;1;0;0;0;1;0;0;0;0;0;0;0;0;0;4;0;0;1,0;4;0;0;4;3;0;0;7
2024_10_ATL_NO;ATL;10;2024;0;0;00-0033702;1;2;4;1;0;1;0;0;0;0;0;0;0;1;1;0;2;0;0;1,0;2;0;0;2;3;0;0;5
2024_10_CIN_BAL;BAL;10;2024;0;1;00-0029597;0;0;0;0;0;0;0;0;0;0;0;0;0;0;0;0;4;1;0;0,75;3;0;0;3;0;0;0;3
2024_10_BUF_IND;BUF;10;2024;0;0;00-0036162;3;0;3;0;0;2;0;1;0;0;0;0;0;0;0;0;3;0;0;1,0;3;0;0;3;6;4;0;13
2024_10_NYG_CAR;CAR;10;2024;0;0;00-0034173;2;0;2;0;0;0;1;0;1;0;0;0;0;0;0;0;2;0;0;1,0;2;1;1;2;3;0;5;10
2024_10_CIN_BAL;CIN;10;2024;0;0;00-0036854;0;0;0;0;0;0;0;0;0;0;0;0;0;0;0;0;4;0;0;1,0;4;0;0;4;0;0;0;4
2024_10_DEN_KC;DEN;10;2024;0;0;00-0032569;0;1;2;1;0;0;0;0;0;0;0;0;0;0;0;1;2;0;0;1,0;2;0;1;2;0;0;0;2
2024_10_DET_HOU;DET;10;2024;0;0;00-0039172;2;0;2;0;0;0;0;0;2;0;0;0;0;0;0;0;2;0;0;1,0;2;1;1;2;0;0;10;12
2024_10_DET_HOU;HOU;10;2024;0;0;00-0032726;3;1;4;0;0;1;1;0;1;0;0;0;0;0;1;0;2;0;0;1,0;2;0;0;2;6;0;5;13
2024_10_BUF_IND;IND;10;2024;0;0;00-0035269;2;0;2;0;0;2;0;0;0;0;0;0;0;0;0;0;2;0;0;1,0;2;0;0;2;6;0;0;8
2024_10_MIN_JAX;JAX;10;2024;0;0;00-0039409;0;0;0;0;0;0;0;0;0;0;0;0;0;0;0;0;1;0;0;1,0;1;0;0;1;0;0;0;1
2024_10_DEN_KC;KC;10;2024;0;0;00-0033303;3;0;3;0;0;2;1;0;0;0;0;0;0;0;0;0;1;0;0;1,0;1;0;0;1;9;0;0;10
2024_10_TEN_LAC;LAC;10;2024;0;0;00-0037224;2;0;2;0;0;1;1;0;0;0;0;0;0;0;0;0;3;0;0;1,0;3;0;0;3;6;0;0;9
2024_10_MIA_LA;MIA;10;2024;0;0;00-0034794;3;0;3;0;0;0;1;0;2;0;0;0;0;0;0;0;2;0;0;1,0;2;0;0;2;3;0;10;15
2024_10_NE_CHI;NE;10;2024;0;0;00-0035192;4;0;4;0;0;1;3;0;0;0;0;0;0;0;0;0;1;0;0;1,0;1;0;0;1;12;0;0;13
2024_10_ATL_NO;NO;10;2024;0;0;00-0038905;2;0;2;0;0;1;1;0;0;0;0;0;0;0;0;0;2;0;0;1,0;2;0;0;2;6;0;0;8
2024_10_NYG_CAR;NYG;10;2024;0;0;00-0026858;1;1;2;0;0;0;0;1;0;0;0;0;0;1;0;0;2;0;0;1,0;2;0;0;2;0;4;0;6
2024_10_PHI_DAL;PHI;10;2024;0;0;00-0033787;2;0;2;0;0;0;2;0;0;0;0;0;0;0;0;0;4;0;0;1,0;4;0;0;4;6;0;0;10
2024_10_PIT_WAS;PIT;10;2024;0;0;00-0031136;0;0;0;0;0;0;0;0;0;0;0;0;0;0;0;0;4;0;0;1,0;4;0;0;4;0;0;0;4
2024_10_SF_TB;SF;10;2024;0;0;00-0038562;3;3;6;0;0;1;1;1;0;0;0;0;0;2;1;0;2;0;0;1,0;2;1;1;2;6;4;0;12
2024_10_SF_TB;TB;10;2024;0;0;00-0035358;2;0;2;0;0;1;1;0;0;0;0;0;0;0;0;0;2;0;0;1,0;2;0;0;2;6;0;0;8
2024_10_TEN_LAC;TEN;10;2024;0;0;00-0025565;1;1;2;0;0;1;0;0;0;0;0;0;0;1;0;0;2;0;0;1,0;2;0;0;2;3;0;0;5
2024_10_PIT_WAS;WAS;10;2024;0;0;00-0033862;2;0;2;0;0;0;0;2;0;0;0;0;0;0;0;0;3;0;0;1,0;3;0;0;3;0;8;0;11
2024_11_BAL_PIT;BAL;11;2024;0;0;00-0029597;1;2;3;0;0;0;0;0;1;0;0;0;0;1;1;0;1;0;0;1,0;1;0;0;1;0;0;5;6
2024_11_KC_BUF;BUF;11;2024;0;0;00-0036162;1;0;1;0;0;0;1;0;0;0;0;0;0;0;0;0;4;1;0;0,75;3;0;0;3;3;0;0;6
2024_11_GB_CHI;CHI;11;2024;0;0;00-0031203;2;0;3;1;0;1;0;0;1;0;0;0;0;0;0;0;1;0;0;1,0;1;0;1;1;3;0;5;9
2024_11_CIN_LAC;CIN;11;2024;0;0;00-0036854;2;2;4;0;0;2;0;0;0;0;0;0;0;1;1;0;3;0;0;1,0;3;0;0;3;6;0;0;9
2024_11_HOU_DAL;DAL;11;2024;0;0;00-0037692;1;1;2;0;0;0;0;0;1;0;0;0;0;1;0;0;1;0;0;1,0;1;0;0;1;0;0;5;6
2024_11_ATL_DEN;DEN;11;2024;0;0;00-0032569;1;0;1;0;0;0;0;1;0;0;0;0;0;0;0;0;5;0;0;1,0;5;0;0;5;0;4;0;9
2024_11_JAX_DET;DET;11;2024;0;0;00-0039172;1;0;1;0;0;0;0;0;1;0;0;0;0;0;0;0;7;0;0;1,0;7;0;0;7;0;0;5;12
2024_11_GB_CHI;GB;11;2024;0;0;00-0029822;0;0;0;0;0;0;0;0;0;0;0;0;0;0;0;0;2;0;0;1,0;2;0;0;2;0;0;0;2
2024_11_HOU_DAL;HOU;11;2024;0;0;00-0032726;2;0;2;0;0;1;1;0;0;0;0;0;0;0;0;0;4;0;0;1,0;4;0;0;4;6;0;0;10
2024_11_IND_NYJ;IND;11;2024;0;0;00-0035269;3;0;3;0;0;0;0;2;1;0;0;0;0;0;0;0;1;0;0;1,0;1;0;0;1;0;8;5;14
2024_11_KC_BUF;KC;11;2024;0;0;00-0039576;0;0;0;0;0;0;0;0;0;0;0;0;0;0;0;0;3;0;0;1,0;3;0;0;3;0;0;0;3
2024_11_LA_NE;LA;11;2024;0;0;00-0039750;0;1;1;0;0;0;0;0;0;0;0;1;0;0;0;0;4;0;0;1,0;4;0;0;4;0;0;0;4
2024_11_CIN_LAC;LAC;11;2024;0;0;00-0037224;2;0;2;0;1;0;0;0;1;0;0;0;0;0;0;0;4;0;0;1,0;4;0;0;4;3;0;5;12
2024_11_LV_MIA;LV;11;2024;0;0;00-0034161;2;0;2;0;0;2;0;0;0;0;0;0;0;0;0;0;1;0;0;1,0;1;0;0;1;6;0;0;7
2024_11_LV_MIA;MIA;11;2024;0;0;00-0034794;2;0;2;0;0;0;1;1;0;0;0;0;0;0;0;0;4;0;0;1,0;4;0;0;4;3;4;0;11
2024_11_MIN_TEN;MIN;11;2024;0;0;00-0037542;1;0;1;0;0;0;0;1;0;0;0;0;0;0;0;0;3;1;0;0,6666666666666666;2;0;0;2;0;4;0;6
2024_11_LA_NE;NE;11;2024;0;0;00-0035192;3;0;3;0;0;1;1;1;0;0;0;0;0;0;0;0;2;0;1;0,5;1;0;0;1;6;4;0;11
2024_11_CLE_NO;NO;11;2024;0;0;00-0038905;0;0;0;0;0;0;0;0;0;0;0;0;0;0;0;0;5;0;0;1,0;5;0;0;5;0;0;0;5
2024_11_IND_NYJ;NYJ;11;2024;0;0;00-0038402;2;0;2;0;0;0;1;0;1;0;0;0;0;0;0;0;3;0;0;1,0;3;0;0;3;3;0;5;11
2024_11_WAS_PHI;PHI;11;2024;0;0;00-0033787;2;2;4;0;0;1;1;0;0;0;0;0;0;1;1;0;3;1;0;0,6666666666666666;2;0;0;2;6;0;0;8
2024_11_SEA_SF;SEA;11;2024;0;0;00-0031492;2;0;2;0;0;0;0;0;2;0;0;0;0;0;0;0;2;0;0;1,0;2;0;0;2;0;0;10;12
2024_11_SEA_SF;SF;11;2024;0;0;00-0038562;1;0;1;0;0;0;1;0;0;0;0;0;0;0;0;0;2;0;0;1,0;2;0;0;2;3;0;0;5
2024_11_MIN_TEN;TEN;11;2024;0;0;00-0025565;2;0;2;0;0;0;1;1;0;0;0;0;0;0;0;0;1;0;0;1,0;1;0;0;1;3;4;0;8
2024_11_WAS_PHI;WAS;11;2024;1;0;00-0033862;1;0;1;0;0;0;0;1;0;0;0;0;0;0;0;0;1;0;0;1,0;1;0;0;1;0;4;0;5
2024_12_BAL_LAC;BAL;12;2024;0;0;00-0029597;1;0;1;0;0;0;0;1;0;0;0;0;0;0;0;0;3;0;0;1,0;3;0;0;3;0;4;0;7
2024_12_KC_CAR;CAR;12;2024;0;1;00-0034173;4;0;4;0;0;1;3;0;0;0;0;0;0;0;0;0;1;0;0;1,0;1;0;0;1;12;0;0;13
2024_12_MIN_CHI;CHI;12;2024;1;0;00-0031203;2;0;3;1;0;0;0;2;0;0;0;0;0;0;0;0;1;0;0;1,0;1;0;0;1;0;8;0;9
2024_12_PIT_CLE;CLE;12;2024;1;0;00-0030098;1;0;1;0;0;0;1;0;0;0;0;0;0;0;0;0;1;0;0;1,0;1;0;0;1;3;0;0;4
2024_12_DAL_WAS;DAL;12;2024;0;0;00-0037692;2;1;4;1;0;0;0;2;0;0;0;0;0;1;0;0;4;0;0;1,0;4;0;0;4;0;8;0;12
2024_12_DEN_LV;DEN;12;2024;0;0;00-0032569;5;0;5;0;0;0;2;1;2;0;0;0;0;0;0;0;2;0;0;1,0;2;0;0;2;6;4;10;22
2024_12_DET_IND;DET;12;2024;0;0;00-0039172;1;0;1;0;0;0;0;0;1;0;0;0;0;0;0;0;3;0;0;1,0;3;0;0;3;0;0;5;8
2024_12_SF_GB;GB;12;2024;0;0;00-0029822;1;0;1;0;0;0;0;0;1;0;0;0;0;0;0;0;5;0;0;1,0;5;0;0;5;0;0;5;10
2024_12_TEN_HOU;HOU;12;2024;0;0;00-0032726;2;1;3;0;0;1;0;0;1;0;0;1;0;0;0;0;3;0;0;1,0;3;0;0;3;3;0;5;11
2024_12_KC_CAR;KC;12;2024;0;0;00-0039576;3;0;3;0;0;1;1;1;0;0;0;0;0;0;0;0;3;0;0;1,0;3;1;1;3;6;4;0;13
2024_12_PHI_LA;LA;12;2024;0;0;00-0039750;0;1;1;0;0;0;0;0;0;0;0;0;0;1;0;0;2;0;0;1,0;2;0;0;2;0;0;0;2
2024_12_BAL_LAC;LAC;12;2024;0;0;00-0037224;3;0;3;0;0;0;0;1;2;0;0;0;0;0;0;0;2;0;0;1,0;2;0;0;2;0;4;10;16
2024_12_DEN_LV;LV;12;2024;0;0;00-0034161;4;0;4;0;0;1;2;0;1;0;0;0;0;0;0;0;1;0;0;1,0;1;0;0;1;9;0;5;15
2024_12_NE_MIA;MIA;12;2024;0;0;00-0034794;2;0;2;0;0;1;0;0;1;0;0;0;0;0;0;0;4;0;0;1,0;4;0;0;4;3;0;5;12
2024_12_MIN_CHI;MIN;12;2024;0;0;00-0037542;3;0;3;0;0;2;0;1;0;0;0;0;0;0;0;0;3;0;0;1,0;3;1;1;3;6;4;0;13
2024_12_NE_MIA;NE;12;2024;1;0;00-0035192;0;1;1;0;0;0;0;0;0;0;0;0;0;1;0;0;1;0;0;1,0;1;0;0;1;0;0;0;1
2024_12_TB_NYG;NYG;12;2024;0;0;00-0026858;0;0;0;0;0;0;0;0;0;0;0;0;0;0;0;0;1;0;0;1,0;1;0;0;1;0;0;0;1
2024_12_PHI_LA;PHI;12;2024;0;0;00-0033787;3;0;3;0;0;2;1;0;0;0;0;0;0;0;0;0;4;0;0;1,0;4;0;0;4;9;0;0;13
2024_12_PIT_CLE;PIT;12;2024;0;0;00-0031136;2;1;3;0;0;1;0;1;0;0;0;0;0;0;1;0;1;0;0;1,0;1;0;0;1;3;4;0;8
2024_12_ARI_SEA;SEA;12;2024;0;0;00-0031492;1;0;1;0;0;0;0;0;1;0;0;0;0;0;0;0;2;1;0;0,5;1;0;0;1;0;0;5;6
2024_12_SF_GB;SF;12;2024;0;0;00-0038562;1;0;1;0;0;0;0;1;0;0;0;0;0;0;0;0;1;0;0;1,0;1;0;0;1;0;4;0;5
2024_12_TB_NYG;TB;12;2024;0;0;00-0035358;1;0;1;0;0;1;0;0;0;0;0;0;0;0;0;0;4;1;0;0,75;3;0;0;3;3;0;0;6
2024_12_TEN_HOU;TEN;12;2024;0;0;00-0025565;3;0;3;0;0;0;0;0;3;0;0;0;0;0;0;0;3;0;0;1,0;3;0;0;3;0;0;15;18
2024_12_DAL_WAS;WAS;12;2024;0;1;00-0035145;2;1;3;0;0;0;0;1;1;0;0;0;0;0;1;0;2;2;0;0,0;0;0;0;0;0;4;5;9
2024_13_ARI_MIN;ARI;13;2024;0;0;00-0038567;5;1;6;0;0;2;2;1;0;0;0;0;0;1;0;0;1;0;0;1,0;1;0;0;1;12;4;0;17
2024_13_LAC_ATL;ATL;13;2024;0;0;00-0033702;2;1;3;0;0;1;0;1;0;0;0;0;1;0;0;0;1;0;0;1,0;1;0;0;1;3;4;0;8
2024_13_PHI_BAL;BAL;13;2024;0;0;00-0029597;2;2;4;0;0;0;1;0;1;0;0;0;0;1;1;0;2;1;0;0,5;1;0;0;1;3;0;5;9
2024_13_SF_BUF;BUF;13;2024;0;0;00-0036162;0;1;1;0;0;0;0;0;0;0;0;0;0;1;0;0;5;0;0;1,0;5;0;0;5;0;0;0;5
2024_13_TB_CAR;CAR;13;2024;0;0;00-0034173;3;2;5;0;0;2;0;1;0;0;0;0;1;1;0;0;2;0;0;1,0;2;0;0;2;6;4;0;12
2024_13_CHI_DET;CHI;13;2024;0;0;00-0031203;0;0;0;0;0;0;0;0;0;0;0;0;0;0;0;0;2;0;0;1,0;2;0;0;2;0;0;0;2
2024_13_PIT_CIN;CIN;13;2024;0;0;00-0036854;1;0;1;0;0;0;1;0;0;0;0;0;0;0;0;0;5;0;0;1,0;5;0;0;5;3;0;0;8
2024_13_CLE_DEN;CLE;13;2024;1;0;00-0030098;1;1;2;0;0;0;0;1;0;0;0;0;0;1;0;0;3;0;0;1,0;3;0;0;3;0;4;0;7
2024_13_NYG_DAL;DAL;13;2024;0;0;00-0037692;2;0;2;0;0;1;1;0;0;0;0;0;0;0;0;0;3;0;0;1,0;3;0;0;3;6;0;0;9
2024_13_CLE_DEN;DEN;13;2024;0;0;00-0032569;2;0;2;0;0;1;1;0;0;0;0;0;0;0;0;0;5;0;0;1,0;5;0;0;5;6;0;0;11
2024_13_CHI_DET;DET;13;2024;0;0;00-0039172;3;1;4;0;0;0;2;1;0;0;0;0;0;1;0;0;2;0;0;1,0;2;0;0;2;6;4;0;12
2024_13_MIA_GB;GB;13;2024;0;0;00-0029822;3;0;3;0;0;1;1;1;0;0;0;0;0;0;0;0;3;0;0;1,0;3;0;0;3;6;4;0;13
2024_13_HOU_JAX;HOU;13;2024;0;0;00-0032726;3;0;3;0;0;1;1;0;1;0;0;0;0;0;0;0;2;0;0;1,0;2;0;0;2;6;0;5;13
2024_13_IND_NE;IND;13;2024;0;1;00-0035269;1;0;1;0;0;1;0;0;0;0;0;0;0;0;0;0;2;0;0;1,0;2;0;0;2;3;0;0;5
2024_13_LV_KC;KC;13;2024;0;0;00-0035189;4;1;5;0;0;1;2;1;0;0;0;0;0;0;1;0;1;0;0;1,0;1;0;0;1;9;4;0;14
2024_13_LA_NO;LA;13;2024;0;0;00-0039750;0;0;0;0;0;0;0;0;0;0;0;0;0;0;0;0;3;0;0;1,0;3;0;0;3;0;0;0;3
2024_13_LV_KC;LV;13;2024;0;0;00-0034161;1;3;4;0;0;1;0;0;0;0;0;0;0;0;3;0;2;0;0;1,0;2;0;0;2;3;0;0;5
2024_13_ARI_MIN;MIN;13;2024;0;0;00-0037542;3;1;4;0;0;0;1;1;1;0;0;0;0;1;0;0;2;0;0;1,0;2;0;0;2;3;4;5;14
2024_13_IND_NE;NE;13;2024;1;0;00-0035192;3;2;5;0;0;0;2;0;1;0;0;1;0;0;0;1;1;0;0;1,0;1;0;1;1;6;0;5;12
2024_13_NYG_DAL;NYG;13;2024;0;0;00-0026858;2;0;2;0;0;0;0;2;0;0;0;0;0;0;0;0;2;0;0;1,0;2;0;0;2;0;8;0;10
2024_13_SEA_NYJ;NYJ;13;2024;0;1;00-0038402;0;0;0;0;0;0;0;0;0;0;0;0;0;0;0;0;2;0;1;0,5;1;0;0;1;0;0;0;1
2024_13_PHI_BAL;PHI;13;2024;0;0;00-0033787;1;0;1;0;0;0;1;0;0;0;0;0;0;0;0;0;3;0;0;1,0;3;0;0;3;3;0;0;6
2024_13_PIT_CIN;PIT;13;2024;0;0;00-0031136;3;0;4;1;0;0;2;0;1;0;0;0;0;0;0;0;5;0;0;1,0;5;0;0;5;6;0;5;16
2024_13_SEA_NYJ;SEA;13;2024;0;0;00-0031492;2;0;2;0;0;0;0;1;1;0;0;0;0;0;0;0;3;0;1;0,6666666666666666;2;0;0;2;0;4;5;11
2024_13_SF_BUF;SF;13;2024;0;0;00-0038562;1;2;3;0;0;0;1;0;0;0;0;0;0;1;1;0;1;0;0;1,0;1;0;0;1;3;0;0;4
2024_13_TB_CAR;TB;13;2024;0;0;00-0035358;4;1;5;0;0;2;1;0;1;0;0;0;0;0;1;0;2;0;0;1,0;2;1;1;2;9;0;5;16
2024_13_TEN_WAS;TEN;13;2024;0;0;00-0025565;2;0;2;0;0;0;0;2;0;0;0;0;0;0;0;0;1;0;0;1,0;1;0;0;1;0;8;0;9
2024_13_TEN_WAS;WAS;13;2024;0;0;00-0033862;0;2;2;0;0;0;0;0;0;0;0;0;0;1;1;0;6;0;0;1,0;6;0;0;6;0;0;0;6
2024_14_SEA_ARI;ARI;14;2024;0;1;00-0038567;1;1;2;0;0;1;0;0;0;0;0;0;0;1;0;0;1;0;0;1,0;1;0;0;1;3;0;0;4
2024_14_ATL_MIN;ATL;14;2024;0;1;00-0033702;2;0;2;0;0;2;0;0;0;0;0;0;0;0;0;0;1;0;0;1,0;1;0;0;1;6;0;0;7
2024_14_BUF_LA;BUF;14;2024;0;0;00-0036162;0;0;0;0;0;0;0;0;0;0;0;0;0;0;0;0;6;0;0;1,0;6;0;0;6;0;0;0;6
2024_14_CAR_PHI;CAR;14;2024;0;0;00-0034173;1;0;1;0;0;0;1;0;0;0;0;0;0;0;0;0;2;1;0;0,5;1;0;0;1;3;0;0;4
2024_14_CHI_SF;CHI;14;2024;0;0;00-0031203;0;0;0;0;0;0;0;0;0;0;0;0;0;0;0;0;1;0;0;1,0;1;0;0;1;0;0;0;1
2024_14_CIN_DAL;CIN;14;2024;0;0;00-0038097;2;0;2;0;0;1;1;0;0;0;0;0;0;0;0;0;3;0;0;1,0;3;0;0;3;6;0;0;9
2024_14_CLE_PIT;CLE;14;2024;0;0;00-0030098;0;2;2;0;0;0;0;0;0;0;0;0;1;1;0;0;2;0;0;1,0;2;0;0;2;0;0;0;2
2024_14_CIN_DAL;DAL;14;2024;0;0;00-0037692;2;0;2;0;0;0;1;1;0;0;0;0;0;0;0;0;2;0;0;1,0;2;0;0;2;3;4;0;9
2024_14_GB_DET;DET;14;2024;0;0;00-0039172;2;0;2;0;0;0;1;1;0;0;0;0;0;0;0;0;4;0;0;1,0;4;1;1;4;3;4;0;11
2024_14_GB_DET;GB;14;2024;0;0;00-0029822;1;0;1;0;0;0;1;0;0;0;0;0;0;0;0;0;4;0;0;1,0;4;0;0;4;3;0;0;7
2024_14_JAX_TEN;JAX;14;2024;0;0;00-0039409;1;0;1;0;0;1;0;0;0;0;0;0;0;0;0;0;1;0;0;1,0;1;0;0;1;3;0;0;4
2024_14_LAC_KC;KC;14;2024;0;0;00-0035189;4;0;4;0;0;0;2;1;1;0;0;0;0;0;0;0;1;0;0;1,0;1;1;1;1;6;4;5;16
2024_14_BUF_LA;LA;14;2024;0;0;00-0039750;1;0;1;0;0;1;0;0;0;0;0;0;0;0;0;0;6;1;0;0,8333333333333334;5;0;0;5;3;0;0;8
2024_14_LAC_KC;LAC;14;2024;0;0;00-0037224;1;0;1;0;0;0;1;0;0;0;0;0;0;0;0;0;2;0;0;1,0;2;0;0;2;3;0;0;5
2024_14_LV_TB;LV;14;2024;0;0;00-0034161;2;0;2;0;0;2;0;0;0;0;0;0;0;0;0;0;1;0;0;1,0;1;0;0;1;6;0;0;7
2024_14_NYJ_MIA;MIA;14;2024;1;0;00-0034794;4;0;4;0;0;1;1;0;2;0;0;0;0;0;0;0;1;1;0;0,0;0;0;0;0;6;0;10;16
2024_14_ATL_MIN;MIN;14;2024;0;0;00-0039404;0;1;1;0;0;0;0;0;0;0;0;0;0;1;0;0;6;0;0;1,0;6;0;0;6;0;0;0;6
2024_14_NO_NYG;NO;14;2024;0;0;00-0038905;0;1;2;1;0;0;0;0;0;0;0;0;0;0;1;0;2;0;0;1,0;2;0;0;2;0;0;0;2
2024_14_NYJ_MIA;NYJ;14;2024;0;0;00-0038402;4;0;4;0;0;1;1;2;0;0;0;0;0;0;0;0;2;0;0;1,0;2;0;0;2;6;8;0;16
2024_14_CAR_PHI;PHI;14;2024;0;1;00-0033787;0;1;1;0;0;0;0;0;0;0;0;0;0;0;1;0;2;0;0;1,0;2;0;0;2;0;0;0;2
2024_14_CLE_PIT;PIT;14;2024;0;0;00-0031136;2;0;2;0;0;0;1;0;1;0;0;0;0;0;0;0;3;0;0;1,0;3;0;0;3;3;0;5;11
2024_14_SEA_ARI;SEA;14;2024;0;0;00-0031492;3;0;3;0;0;1;2;0;0;0;0;0;0;0;0;0;3;0;0;1,0;3;0;0;3;9;0;0;12
2024_14_CHI_SF;SF;14;2024;0;0;00-0038562;1;0;1;0;0;1;0;0;0;0;0;0;0;0;0;0;5;0;0;1,0;5;0;0;5;3;0;0;8
2024_14_LV_TB;TB;14;2024;0;0;00-0035358;0;0;0;0;0;0;0;0;0;0;0;0;0;0;0;0;4;0;0;1,0;4;0;0;4;0;0;0;4
2024_15_NE_ARI;ARI;15;2024;0;0;00-0038567;3;0;3;0;0;0;1;2;0;0;0;0;0;0;0;0;3;0;0;1,0;3;0;0;3;3;8;0;14
2024_15_ATL_LV;ATL;15;2024;0;0;00-0033702;2;1;3;0;0;0;0;2;0;0;0;0;0;1;0;0;1;0;0;1,0;1;0;0;1;0;8;0;9
2024_15_BAL_NYG;BAL;15;2024;0;0;00-0029597;0;0;0;0;0;0;0;0;0;0;0;0;0;0;0;0;5;0;0;1,0;5;0;0;5;0;0;0;5
2024_15_BUF_DET;BUF;15;2024;0;0;00-0036162;2;1;3;0;0;0;0;1;1;0;0;1;0;0;0;0;6;0;0;1,0;6;0;0;6;0;4;5;15
2024_15_DAL_CAR;CAR;15;2024;0;0;00-0034173;0;0;0;0;0;0;0;0;0;0;0;0;0;0;0;0;2;0;0;1,0;2;0;0;2;0;0;0;2
2024_15_CIN_TEN;CIN;15;2024;0;0;00-0038097;1;0;1;0;0;1;0;0;0;0;0;0;0;0;0;0;5;1;0;0,8;4;0;0;4;3;0;0;7
2024_15_KC_CLE;CLE;15;2024;0;0;00-0036816;0;0;0;0;0;0;0;0;0;0;0;0;0;0;0;0;1;0;0;1,0;1;0;0;1;0;0;0;1
2024_15_DAL_CAR;DAL;15;2024;0;0;00-0037692;3;1;4;0;0;0;0;2;1;0;0;0;0;0;0;1;3;0;0;1,0;3;0;0;3;0;8;5;16
2024_15_IND_DEN;DEN;15;2024;0;0;00-0032569;1;0;1;0;0;0;0;1;0;0;0;0;0;0;0;0;4;0;0;1,0;4;0;0;4;0;4;0;8
2024_15_BUF_DET;DET;15;2024;0;0;00-0039172;0;1;1;0;0;0;0;0;0;0;0;0;0;0;1;0;6;0;0;1,0;6;0;0;6;0;0;0;6
2024_15_GB_SEA;GB;15;2024;0;0;00-0029822;3;0;3;0;0;2;1;0;0;0;0;0;0;0;0;0;3;0;0;1,0;3;0;0;3;9;0;0;12
2024_15_MIA_HOU;HOU;15;2024;0;0;00-0032726;2;0;2;0;0;1;0;1;0;0;0;0;0;0;0;0;2;0;0;1,0;2;0;0;2;3;4;0;9
2024_15_IND_DEN;IND;15;2024;0;0;00-0035269;2;0;2;0;0;0;1;1;0;0;0;0;0;0;0;0;1;0;0;1,0;1;0;0;1;3;4;0;8
2024_15_NYJ_JAX;JAX;15;2024;0;0;00-0039409;4;0;4;0;0;2;0;2;0;0;0;0;0;0;0;0;1;0;0;1,0;1;0;0;1;6;8;0;15
2024_15_KC_CLE;KC;15;2024;0;0;00-0033303;0;1;1;0;0;0;0;0;0;0;0;1;0;0;0;0;3;0;0;1,0;3;0;0;3;0;0;0;3
2024_15_TB_LAC;LAC;15;2024;0;0;00-0037224;1;0;1;0;0;0;0;1;0;0;0;0;0;0;0;0;2;0;0;1,0;2;0;0;2;0;4;0;6
2024_15_ATL_LV;LV;15;2024;0;0;00-0034161;1;0;1;0;0;0;0;0;1;0;0;0;0;0;0;0;1;0;1;0,0;0;0;0;0;0;0;5;5
2024_15_MIA_HOU;MIA;15;2024;0;0;00-0034794;2;0;2;0;0;0;1;0;1;0;0;0;0;0;0;0;1;1;0;0,0;0;0;0;0;3;0;5;8
2024_15_CHI_MIN;MIN;15;2024;0;0;00-0039404;3;0;3;0;0;0;1;1;1;0;0;0;0;0;0;0;3;0;0;1,0;3;0;0;3;3;4;5;15
2024_15_NE_ARI;NE;15;2024;0;0;00-0035192;1;1;2;0;0;0;0;0;1;0;0;0;0;0;1;0;2;0;0;1,0;2;0;0;2;0;0;5;7
2024_15_WAS_NO;NO;15;2024;0;0;00-0038905;2;0;2;0;0;0;0;1;1;0;0;0;0;0;0;0;1;0;0;1,0;1;0;0;1;0;4;5;10
2024_15_BAL_NYG;NYG;15;2024;0;0;00-0026858;0;0;0;0;0;0;0;0;0;0;0;0;0;0;0;0;2;0;0;1,0;2;0;0;2;0;0;0;2
2024_15_NYJ_JAX;NYJ;15;2024;1;0;00-0038402;1;1;2;0;0;0;0;1;0;0;0;0;0;1;0;0;3;0;0;1,0;3;0;0;3;0;4;0;7
2024_15_PIT_PHI;PHI;15;2024;0;0;00-0033787;2;0;2;0;0;0;1;1;0;0;0;0;0;0;0;0;3;0;0;1,0;3;0;0;3;3;4;0;10
2024_15_PIT_PHI;PIT;15;2024;0;0;00-0031136;2;0;2;0;0;0;1;1;0;0;0;0;0;0;0;0;1;0;0;1,0;1;0;0;1;3;4;0;8
2024_15_GB_SEA;SEA;15;2024;0;0;00-0031492;2;0;2;0;0;0;0;2;0;0;0;0;0;0;0;0;1;0;0;1,0;1;0;0;1;0;8;0;9
2024_15_TB_LAC;TB;15;2024;0;0;00-0035358;4;0;4;0;0;1;1;2;0;0;0;0;0;0;0;0;4;0;0;1,0;4;0;0;4;6;8;0;18
2024_15_CIN_TEN;TEN;15;2024;0;0;00-0025565;0;0;0;0;0;0;0;0;0;0;0;0;0;0;0;0;3;0;0;1,0;3;0;0;3;0;0;0;3
2024_15_WAS_NO;WAS;15;2024;0;0;00-0034450;2;1;3;0;0;1;0;1;0;0;0;0;0;0;1;0;2;0;0;1,0;2;0;0;2;3;4;0;9
2024_16_ARI_CAR;ARI;16;2024;0;0;00-0038567;3;0;3;0;0;0;1;1;1;0;0;0;0;0;0;0;3;0;0;1,0;3;0;0;3;3;4;5;15
2024_16_NYG_ATL;ATL;16;2024;0;0;00-0036816;2;1;3;0;0;0;1;0;1;0;0;0;0;1;0;0;4;0;0;1,0;4;0;0;4;3;0;5;12
2024_16_PIT_BAL;BAL;16;2024;0;0;00-0029597;2;0;2;0;0;1;0;0;1;0;0;0;0;0;0;0;4;0;0;1,0;4;0;0;4;3;0;5;12
2024_16_NE_BUF;BUF;16;2024;0;0;00-0036162;1;0;1;0;0;0;0;0;1;0;0;0;0;0;0;0;3;0;0;1,0;3;0;0;3;0;0;5;8
2024_16_ARI_CAR;CAR;16;2024;0;0;00-0034173;1;0;1;0;0;1;0;0;0;0;0;0;0;0;0;0;4;1;0;0,75;3;0;0;3;3;0;0;6
2024_16_DET_CHI;CHI;16;2024;0;0;00-0031203;1;0;1;0;0;0;1;0;0;0;0;0;0;0;0;0;2;0;0;1,0;2;0;0;2;3;0;0;5
2024_16_CLE_CIN;CIN;16;2024;0;0;00-0038097;1;1;2;0;0;0;0;0;1;0;0;0;0;1;0;0;3;0;0;1,0;3;0;0;3;0;0;5;8
2024_16_CLE_CIN;CLE;16;2024;0;0;00-0030098;0;0;0;0;0;0;0;0;0;0;0;0;0;0;0;0;1;1;0;0,0;0;0;0;0;0;0;0;0
2024_16_TB_DAL;DAL;16;2024;0;0;00-0037692;4;0;4;0;0;0;0;1;3;0;0;0;0;0;0;0;2;0;0;1,0;2;0;0;2;0;4;15;21
2024_16_DEN_LAC;DEN;16;2024;0;0;00-0032569;2;0;2;0;0;0;0;1;1;0;0;0;0;0;0;0;3;0;0;1,0;3;0;0;3;0;4;5;12
2024_16_DET_CHI;DET;16;2024;0;0;00-0039172;2;1;3;0;0;0;2;0;0;0;0;0;0;0;0;1;4;0;0;1,0;4;0;0;4;6;0;0;10
2024_16_NO_GB;GB;16;2024;0;0;00-0029822;2;0;2;0;0;0;0;1;1;0;0;0;0;0;0;0;4;0;0;1,0;4;0;0;4;0;4;5;13
2024_16_HOU_KC;HOU;16;2024;0;0;00-0032726;2;0;2;0;0;0;2;0;0;0;0;0;0;0;0;0;2;1;0;0,5;1;0;0;1;6;0;0;7
2024_16_TEN_IND;IND;16;2024;0;0;00-0035269;1;1;2;0;0;0;1;0;0;0;0;0;0;0;1;0;5;0;0;1,0;5;0;0;5;3;0;0;8
2024_16_JAX_LV;JAX;16;2024;0;0;00-0039409;0;0;0;0;0;0;0;0;0;0;0;0;0;0;0;0;2;0;0;1,0;2;0;0;2;0;0;0;2
2024_16_HOU_KC;KC;16;2024;0;0;00-0033303;2;0;2;0;0;1;0;1;0;0;0;0;0;0;0;0;3;0;0;1,0;3;0;0;3;3;4;0;10
2024_16_LA_NYJ;LA;16;2024;0;0;00-0039750;2;0;2;0;0;0;1;1;0;0;0;0;0;0;0;0;2;1;0;0,5;1;0;0;1;3;4;0;8
2024_16_DEN_LAC;LAC;16;2024;1;0;00-0037224;2;0;2;0;0;0;1;0;1;0;0;0;0;0;0;0;2;0;0;1,0;2;0;0;2;3;0;5;10
2024_16_JAX_LV;LV;16;2024;0;0;00-0034161;2;1;3;0;0;0;1;1;0;0;0;0;0;1;0;0;1;0;0;1,0;1;0;0;1;3;4;0;8
2024_16_SF_MIA;MIA;16;2024;0;0;00-0034794;5;0;5;0;0;0;2;2;1;0;0;0;0;0;0;0;2;0;0;1,0;2;0;0;2;6;8;5;21
2024_16_MIN_SEA;MIN;16;2024;0;0;00-0039404;2;0;2;0;0;0;0;1;1;0;0;0;0;0;0;0;3;0;0;1,0;3;0;0;3;0;4;5;12
2024_16_NE_BUF;NE;16;2024;0;0;00-0035192;0;0;0;0;0;0;0;0;0;0;0;0;0;0;0;0;3;0;0;1,0;3;0;0;3;0;0;0;3
2024_16_NYG_ATL;NYG;16;2024;0;0;00-0026858;0;0;0;0;0;0;0;0;0;0;0;0;0;0;0;0;1;0;0;1,0;1;0;0;1;0;0;0;1
2024_16_LA_NYJ;NYJ;16;2024;0;0;00-0038402;1;1;2;0;0;1;0;0;0;0;0;0;0;1;0;0;1;1;0;0,0;0;0;0;0;3;0;0;3
2024_16_PHI_WAS;PHI;16;2024;0;0;00-0033787;4;1;5;0;0;1;0;2;1;0;0;0;0;0;1;0;3;0;0;1,0;3;0;0;3;3;8;5;19
2024_16_PIT_BAL;PIT;16;2024;0;0;00-0031136;1;0;1;0;0;0;0;0;1;0;0;0;0;0;0;0;2;0;0;1,0;2;0;0;2;0;0;5;7
2024_16_MIN_SEA;SEA;16;2024;0;0;00-0031492;1;1;2;0;0;0;0;1;0;0;0;0;0;0;0;1;3;0;0;1,0;3;0;0;3;0;4;0;7
2024_16_SF_MIA;SF;16;2024;0;0;00-0038562;1;1;2;0;0;1;0;0;0;0;0;0;0;1;0;0;2;0;0;1,0;2;0;0;2;3;0;0;5
2024_16_TB_DAL;TB;16;2024;0;0;00-0035358;1;0;1;0;0;0;0;1;0;0;0;0;0;0;0;0;3;0;0;1,0;3;0;0;3;0;4;0;7
2024_16_TEN_IND;TEN;16;2024;1;1;00-0039649;0;1;1;0;0;0;0;0;0;0;0;0;0;0;1;0;2;0;0;1,0;2;0;0;2;0;0;0;2
2024_16_PHI_WAS;WAS;16;2024;0;1;00-0033862;0;0;0;0;0;0;0;0;0;0;0;0;0;0;0;0;4;0;0;1,0;4;0;0;4;0;0;0;4
2024_17_ARI_LA;ARI;17;2024;0;0;00-0038567;1;0;1;0;0;1;0;0;0;0;0;0;0;0;0;0;1;0;1;0,0;0;0;0;0;3;0;0;3
2024_17_ATL_WAS;ATL;17;2024;0;0;00-0036816;1;1;2;0;0;0;1;0;0;0;0;0;0;0;1;0;3;0;0;1,0;3;0;0;3;3;0;0;6
2024_17_BAL_HOU;BAL;17;2024;0;0;00-0029597;1;0;1;0;0;0;0;0;1;0;0;0;0;0;0;0;4;0;0;1,0;4;0;0;4;0;0;5;9
2024_17_NYJ_BUF;BUF;17;2024;0;0;00-0036162;1;0;1;0;0;0;1;0;0;0;0;0;0;0;0;0;5;0;0;1,0;5;0;0;5;3;0;0;8
2024_17_CAR_TB;CAR;17;2024;0;0;00-0034173;0;1;1;0;0;0;0;0;0;0;0;0;0;0;1;0;2;0;0;1,0;2;0;0;2;0;0;0;2
2024_17_DEN_CIN;CIN;17;2024;0;0;00-0038097;1;1;2;0;0;1;0;0;0;0;0;0;1;0;0;0;3;0;0;1,0;3;0;0;3;3;0;0;6
2024_17_DAL_PHI;DAL;17;2024;0;0;00-0037692;0;1;1;0;0;0;0;0;0;0;0;0;0;0;0;1;1;0;0;1,0;1;0;0;1;0;0;0;1
2024_17_DEN_CIN;DEN;17;2024;0;0;00-0032569;1;0;1;0;0;0;1;0;0;0;0;0;0;0;0;0;3;0;0;1,0;3;0;0;3;3;0;0;6
2024_17_DET_SF;DET;17;2024;1;0;00-0039172;2;0;2;0;0;0;0;1;1;0;0;0;0;0;0;0;4;1;1;0,5;2;0;0;2;0;4;5;11
2024_17_GB_MIN;GB;17;2024;1;0;00-0029822;1;0;1;0;0;1;0;0;0;0;0;0;0;0;0;0;2;0;0;1,0;2;0;0;2;3;0;0;5
2024_17_IND_NYG;IND;17;2024;0;0;00-0035269;2;1;3;0;0;1;1;0;0;0;0;0;0;0;1;0;3;0;0;1,0;3;0;0;3;6;0;0;9
2024_17_TEN_JAX;JAX;17;2024;0;0;00-0039409;2;0;2;0;0;0;0;2;0;0;0;0;0;0;0;0;2;0;0;1,0;2;0;0;2;0;8;0;10
2024_17_KC_PIT;KC;17;2024;0;0;00-0033303;1;0;1;0;0;0;1;0;0;0;0;0;0;0;0;0;3;1;0;0,6666666666666666;2;0;0;2;3;0;0;5
2024_17_ARI_LA;LA;17;2024;0;0;00-0039750;2;0;2;0;0;1;0;0;1;0;0;0;0;0;0;0;1;0;0;1,0;1;0;0;1;3;0;5;9
2024_17_LAC_NE;LAC;17;2024;0;0;00-0037224;4;0;4;0;0;1;2;1;0;0;0;0;0;0;0;0;4;0;0;1,0;4;0;0;4;9;4;0;17
2024_17_LV_NO;LV;17;2024;0;0;00-0034161;4;0;4;0;0;1;2;0;1;0;0;0;0;0;0;0;2;0;1;0,5;1;0;0;1;9;0;5;15
2024_17_MIA_CLE;MIA;17;2024;0;0;00-0034794;2;0;2;0;0;0;1;0;1;0;0;0;0;0;0;0;2;0;0;1,0;2;0;0;2;3;0;5;10
2024_17_GB_MIN;MIN;17;2024;0;0;00-0039404;2;2;4;0;0;1;0;0;1;0;0;0;0;1;1;0;3;0;0;1,0;3;0;0;3;3;0;5;11
2024_17_LAC_NE;NE;17;2024;0;0;00-0035192;0;0;0;0;0;0;0;0;0;0;0;0;0;0;0;0;1;0;0;1,0;1;0;0;1;0;0;0;1
2024_17_LV_NO;NO;17;2024;0;0;00-0038905;1;0;1;0;0;0;1;0;0;0;0;0;0;0;0;0;1;0;0;1,0;1;0;0;1;3;0;0;4
2024_17_IND_NYG;NYG;17;2024;0;0;00-0026858;1;0;1;0;0;0;1;0;0;0;0;0;0;0;0;0;6;0;0;1,0;6;0;0;6;3;0;0;9
2024_17_DAL_PHI;PHI;17;2024;0;0;00-0033787;2;0;2;0;0;1;1;0;0;0;0;0;0;0;0;0;5;0;0;1,0;5;0;0;5;6;0;0;11
2024_17_KC_PIT;PIT;17;2024;0;0;00-0031136;1;0;1;0;0;0;1;0;0;0;0;0;0;0;0;0;1;0;0;1,0;1;0;0;1;3;0;0;4
2024_17_DET_SF;SF;17;2024;0;0;00-0038562;0;2;2;0;0;0;0;0;0;0;0;0;0;0;2;0;5;1;0;0,8;4;0;0;4;0;0;0;4
2024_17_CAR_TB;TB;17;2024;0;0;00-0035358;2;0;2;0;0;1;1;0;0;0;0;0;0;0;0;0;6;0;0;1,0;6;0;0;6;6;0;0;12
2024_17_TEN_JAX;TEN;17;2024;0;0;00-0035189;2;0;2;0;0;1;1;0;0;0;0;0;0;0;0;0;1;0;0;1,0;1;0;0;1;6;0;0;7
2024_17_ATL_WAS;WAS;17;2024;0;0;00-0033862;1;0;1;0;0;0;1;0;0;0;0;0;0;0;0;0;3;0;0;1,0;3;0;0;3;3;0;0;6
2024_18_SF_ARI;ARI;18;2024;0;0;00-0038567;2;0;2;0;0;0;0;1;1;0;0;0;0;0;0;0;5;0;0;1,0;5;0;0;5;0;4;5;14
2024_18_CAR_ATL;ATL;18;2024;0;0;00-0036816;1;1;2;0;0;0;1;0;0;0;0;0;0;0;1;0;5;0;0;1,0;5;0;0;5;3;0;0;8
2024_18_CLE_BAL;BAL;18;2024;0;0;00-0029597;0;0;0;0;0;0;0;0;0;0;0;0;0;0;0;0;5;0;0;1,0;5;0;0;5;0;0;0;5
2024_18_BUF_NE;BUF;18;2024;0;0;00-0036162;1;0;1;0;0;0;0;1;0;0;0;0;0;0;0;0;2;1;0;0,5;1;0;0;1;0;4;0;5
2024_18_CAR_ATL;CAR;18;2024;0;0;00-0034173;1;0;1;0;0;0;1;0;0;0;0;0;0;0;0;0;5;0;0;1,0;5;0;0;5;3;0;0;8
2024_18_CHI_GB;CHI;18;2024;0;0;00-0031203;1;0;1;0;0;0;0;0;1;0;0;0;0;0;0;0;3;0;0;1,0;3;1;1;3;0;0;5;8
2024_18_CIN_PIT;CIN;18;2024;0;0;00-0038097;4;0;4;0;0;2;1;1;0;0;0;0;0;0;0;0;1;0;0;1,0;1;0;0;1;9;4;0;14
2024_18_CLE_BAL;CLE;18;2024;0;0;00-0030098;1;0;1;0;0;1;0;0;0;0;0;0;0;0;0;0;1;0;0;1,0;1;0;0;1;3;0;0;4
2024_18_WAS_DAL;DAL;18;2024;0;0;00-0037692;4;0;4;0;0;1;2;1;0;0;0;0;0;0;0;0;1;0;0;1,0;1;0;0;1;9;4;0;14
2024_18_KC_DEN;DEN;18;2024;0;0;00-0032569;1;0;1;0;0;0;1;0;0;0;0;0;0;0;0;0;5;0;0;1,0;5;0;0;5;3;0;0;8
2024_18_MIN_DET;DET;18;2024;0;0;00-0039172;1;0;1;0;0;0;0;1;0;0;0;0;0;0;0;0;4;0;0;1,0;4;0;0;4;0;4;0;8
2024_18_CHI_GB;GB;18;2024;0;0;00-0029822;3;0;3;0;0;0;2;0;1;0;0;0;0;0;0;0;1;0;0;1,0;1;0;0;1;6;0;5;12
2024_18_HOU_TEN;HOU;18;2024;0;0;00-0032726;1;0;1;0;0;1;0;0;0;0;0;0;0;0;0;0;3;1;0;0,6666666666666666;2;0;0;2;3;0;0;5
2024_18_JAX_IND;IND;18;2024;0;0;00-0035269;4;1;5;0;0;0;2;2;0;0;0;0;0;0;1;0;2;0;0;1,0;2;0;0;2;6;8;0;16
2024_18_JAX_IND;JAX;18;2024;0;0;00-0039409;3;0;3;0;0;1;0;0;2;0;0;0;0;0;0;0;2;0;0;1,0;2;0;0;2;3;0;10;15
2024_18_SEA_LA;LA;18;2024;0;0;00-0039750;4;0;4;0;0;0;2;0;2;0;0;0;0;0;0;0;1;0;0;1,0;1;0;0;1;6;0;10;17
2024_18_LAC_LV;LAC;18;2024;1;0;00-0037224;4;1;5;0;0;1;2;1;0;0;0;0;0;0;1;0;2;0;0;1,0;2;0;0;2;9;4;0;15
2024_18_LAC_LV;LV;18;2024;0;0;00-0034161;2;0;2;0;0;0;0;2;0;0;0;0;0;0;0;0;2;0;0;1,0;2;0;0;2;0;8;0;10
2024_18_MIA_NYJ;MIA;18;2024;0;0;00-0034794;2;0;2;0;0;2;0;0;0;0;0;0;0;0;0;0;2;0;0;1,0;2;0;0;2;6;0;0;8
2024_18_BUF_NE;NE;18;2024;0;0;00-0035192;3;0;3;0;0;0;0;2;1;0;0;0;0;0;0;0;2;0;0;1,0;2;0;0;2;0;8;5;15
2024_18_NO_TB;NO;18;2024;0;0;00-0038905;4;0;4;0;0;0;3;1;0;0;0;0;0;0;0;0;1;0;0;1,0;1;0;0;1;9;4;0;14
2024_18_NYG_PHI;NYG;18;2024;0;0;00-0026858;2;0;2;0;0;1;0;0;1;0;0;0;0;0;0;0;1;0;0;1,0;1;0;0;1;3;0;5;9
2024_18_MIA_NYJ;NYJ;18;2024;0;1;00-0034450;1;0;1;0;0;1;0;0;0;0;0;0;0;0;0;0;3;0;0;1,0;3;0;0;3;3;0;0;6
2024_18_NYG_PHI;PHI;18;2024;0;0;00-0033787;2;1;3;0;0;1;1;0;0;0;0;0;1;0;0;0;2;0;0;1,0;2;0;0;2;6;0;0;8
2024_18_CIN_PIT;PIT;18;2024;0;0;00-0031136;1;0;1;0;0;0;0;0;1;0;0;0;0;0;0;0;2;0;0;1,0;2;0;0;2;0;0;5;7
2024_18_SEA_LA;SEA;18;2024;0;0;00-0031492;1;0;1;0;0;0;0;0;1;0;0;0;0;0;0;0;3;0;0;1,0;3;0;0;3;0;0;5;8
2024_18_SF_ARI;SF;18;2024;0;0;00-0038562;1;1;2;0;0;0;0;0;1;0;0;0;0;1;0;0;3;0;0;1,0;3;0;0;3;0;0;5;8
2024_18_NO_TB;TB;18;2024;0;0;00-0035358;2;0;2;0;0;1;0;0;1;0;0;0;0;0;0;0;3;0;0;1,0;3;0;0;3;3;0;5;11
2024_18_WAS_DAL;WAS;18;2024;0;0;00-0033862;1;0;1;0;0;0;0;1;0;0;0;0;0;0;0;0;2;0;0;1,0;2;0;0;2;0;4;0;6
2024_19_PIT_BAL;BAL;19;2024;0;0;00-0029597;0;0;0;0;0;0;0;0;0;0;0;0;0;0;0;0;4;0;0;1,0;4;0;0;4;0;0;0;4
2024_19_DEN_BUF;BUF;19;2024;1;0;00-0036162;3;0;3;0;0;2;1;0;0;0;0;0;0;0;0;0;2;0;0;1,0;2;0;0;2;9;0;0;11
2024_19_DEN_BUF;DEN;19;2024;0;0;00-0032569;0;1;1;0;0;0;0;0;0;0;0;0;0;0;1;0;1;0;0;1,0;1;0;0;1;0;0;0;1
2024_19_GB_PHI;GB;19;2024;0;0;00-0029822;1;1;2;0;0;1;0;0;0;0;0;0;1;0;0;0;1;0;0;1,0;1;0;0;1;3;0;0;4
2024_19_LAC_HOU;HOU;19;2024;0;0;00-0032726;3;0;3;0;0;0;2;1;0;0;0;0;0;0;0;0;3;0;0;1,0;3;0;0;3;6;4;0;13
2024_19_MIN_LA;LA;19;2024;0;0;00-0039750;2;0;2;0;0;0;1;1;0;0;0;0;0;0;0;0;3;0;0;1,0;3;0;0;3;3;4;0;10
2024_19_LAC_HOU;LAC;19;2024;0;0;00-0037224;2;0;2;0;0;0;2;0;0;0;0;0;0;0;0;0;1;0;1;0,0;0;0;0;0;6;0;0;6
2024_19_GB_PHI;PHI;19;2024;0;0;00-0033787;3;0;3;0;0;0;3;0;0;0;0;0;0;0;0;0;2;1;0;0,5;1;0;0;1;9;0;0;10
2024_19_PIT_BAL;PIT;19;2024;0;0;00-0031136;0;0;0;0;0;0;0;0;0;0;0;0;0;0;0;0;2;0;0;1,0;2;0;0;2;0;0;0;2
2024_19_WAS_TB;TB;19;2024;0;0;00-0035358;2;0;2;0;0;0;1;0;1;0;0;0;0;0;0;0;2;0;0;1,0;2;0;0;2;3;0;5;10
2024_19_WAS_TB;WAS;19;2024;0;0;00-0033862;3;0;3;0;0;1;1;0;1;0;0;0;0;0;0;0;2;0;0;1,0;2;1;1;2;6;0;5;13
2024_20_BAL_BUF;BAL;20;2024;0;0;00-0029597;2;0;2;0;0;1;0;1;0;0;0;0;0;0;0;0;1;0;0;1,0;1;0;0;1;3;4;0;8
2024_20_BAL_BUF;BUF;20;2024;0;0;00-0036162;2;0;2;0;0;1;0;0;1;0;0;0;0;0;0;0;3;0;0;1,0;3;0;0;3;3;0;5;11
2024_20_WAS_DET;DET;20;2024;0;0;00-0039172;1;0;1;0;0;1;0;0;0;0;0;0;0;0;0;0;4;0;0;1,0;4;0;0;4;3;0;0;7
2024_20_HOU_KC;HOU;20;2024;0;0;00-0032726;2;1;4;1;0;0;1;1;0;0;0;0;0;0;1;0;1;1;0;0,0;0;0;0;0;3;4;0;7
2024_20_HOU_KC;KC;20;2024;0;0;00-0033303;3;0;3;0;0;1;2;0;0;0;0;0;0;0;0;0;2;0;0;1,0;2;0;0;2;9;0;0;11
2024_20_LA_PHI;LA;20;2024;0;0;00-0039750;2;0;2;0;0;0;2;0;0;0;0;0;0;0;0;0;2;0;0;1,0;2;0;0;2;6;0;0;8
2024_20_LA_PHI;PHI;20;2024;0;0;00-0033787;3;0;3;0;0;1;1;1;0;0;0;0;0;0;0;0;3;2;0;0,3333333333333333;1;0;0;1;6;4;0;11
2024_20_WAS_DET;WAS;20;2024;0;0;00-0033862;1;1;2;0;0;0;0;1;0;0;0;0;0;1;0;0;6;0;0;1,0;6;0;0;6;0;4;0;10
2024_21_BUF_KC;BUF;21;2024;0;0;00-0036162;1;0;1;0;0;0;0;0;1;0;0;0;0;0;0;0;2;0;0;1,0;2;0;0;2;0;0;5;7
2024_21_BUF_KC;KC;21;2024;1;0;00-0033303;1;0;1;0;0;0;1;0;0;0;0;0;0;0;0;0;3;0;0;1,0;3;0;0;3;3;0;0;6
2024_21_WAS_PHI;PHI;21;2024;0;0;00-0033787;0;1;1;0;0;0;0;0;0;0;0;0;0;0;1;0;7;0;0;1,0;7;0;0;7;0;0;0;7
2024_22_KC_PHI;PHI;22;2024;0;0;00-0033787;4;0;4;0;0;1;0;2;1;0;0;0;0;0;0;0;4;0;0;1,0;4;0;0;4;3;8;5;20
2025_01_ARI_NO;ARI;1;2025;0;0;00-0038567;2;0;3;1;0;0;0;1;1;0;0;0;0;0;0;0;2;0;0;1,0;2;0;0;2;0;4;5;11
2025_01_TB_ATL;ATL;1;2025;0;0;00-0033702;2;1;3;0;0;0;1;1;0;0;0;0;0;1;0;0;2;0;0;1,0;2;0;0;2;3;4;0;9
2025_01_BAL_BUF;BAL;1;2025;0;0;00-0040074;2;0;2;0;0;0;0;1;1;0;0;0;0;0;0;0;5;1;0;0,8;4;0;0;4;0;4;5;13
2025_01_BAL_BUF;BUF;1;2025;0;0;00-0023853;3;0;3;0;0;1;1;1;0;0;0;0;0;0;0;0;2;0;0;1,0;2;1;1;2;6;4;0;12
2025_01_CAR_JAX;CAR;1;2025;0;0;00-0040279;1;0;1;0;0;0;0;1;0;0;0;0;0;0;0;0;1;0;0;1,0;1;0;0;1;0;4;0;5
2025_01_MIN_CHI;CHI;1;2025;0;0;00-0031203;1;1;2;0;0;0;0;1;0;0;0;0;0;0;1;0;3;0;0;1,0;3;0;0;3;0;4;0;7
2025_01_CIN_CLE;CIN;1;2025;0;0;00-0036854;1;0;1;0;0;0;1;0;0;0;0;0;0;0;0;0;2;0;0;1,0;2;0;0;2;3;0;0;5
2025_01_CIN_CLE;CLE;1;2025;0;0;00-0038428;1;1;2;0;0;0;0;1;0;0;0;0;1;0;0;0;2;1;0;0,5;1;0;0;1;0;4;0;5
2025_01_DAL_PHI;DAL;1;2025;0;0;00-0037692;2;0;2;0;0;0;0;1;1;0;0;0;0;0;0;0;2;0;0;1,0;2;0;0;2;0;4;5;11
2025_01_TEN_DEN;DEN;1;2025;0;0;00-0032569;2;0;2;0;0;0;2;0;0;0;0;0;0;0;0;0;2;0;0;1,0;2;0;0;2;6;0;0;8
2025_01_DET_GB;DET;1;2025;0;0;00-0039172;2;0;2;0;0;1;1;0;0;0;0;0;0;0;0;0;1;0;0;1,0;1;0;0;1;6;0;0;7
2025_01_DET_GB;GB;1;2025;0;0;00-0029822;2;0;2;0;0;0;2;0;0;0;0;0;0;0;0;0;3;0;0;1,0;3;0;0;3;6;0;0;9
2025_01_MIA_IND;IND;1;2025;0;0;00-0039576;4;0;4;0;0;2;1;1;0;0;0;0;0;0;0;0;3;0;0;1,0;3;0;0;3;9;4;0;16
2025_01_CAR_JAX;JAX;1;2025;0;0;00-0039409;4;0;4;0;0;1;2;1;0;0;0;0;0;0;0;0;2;0;0;1,0;2;0;0;2;9;4;0;15
2025_01_KC_LAC;KC;1;2025;0;0;00-0033303;3;0;3;0;0;1;1;0;1;0;0;0;0;0;0;0;1;1;0;0,0;0;0;0;0;6;0;5;11
2025_01_HOU_LA;LA;1;2025;0;0;00-0039750;0;0;0;0;0;0;0;0;0;0;0;0;0;0;0;0;2;0;0;1,0;2;0;0;2;0;0;0;2
2025_01_KC_LAC;LAC;1;2025;0;0;00-0037224;2;0;2;0;0;0;2;0;0;0;0;0;0;0;0;0;3;0;0;1,0;3;0;0;3;6;0;0;9
2025_01_LV_NE;LV;1;2025;0;0;00-0034161;2;1;3;0;0;0;0;1;1;0;0;0;0;0;1;0;2;0;0;1,0;2;0;0;2;0;4;5;11
2025_01_MIN_CHI;MIN;1;2025;1;0;00-0039404;2;0;2;0;0;0;1;0;1;0;0;0;0;0;0;0;1;0;0;1,0;1;0;0;1;3;0;5;9
2025_01_LV_NE;NE;1;2025;0;0;00-0040200;2;1;3;0;0;0;1;1;0;0;0;0;0;1;0;0;1;0;0;1,0;1;0;0;1;3;4;0;8
2025_01_ARI_NO;NO;1;2025;0;0;00-0038905;2;1;3;0;0;1;1;0;0;0;0;0;1;0;0;0;1;0;0;1,0;1;0;0;1;6;0;0;7
2025_01_PIT_NYJ;NYJ;1;2025;0;0;00-0025565;2;0;2;0;0;0;1;0;1;0;0;0;0;0;0;0;2;0;0;1,0;2;0;0;2;3;0;5;10
2025_01_DAL_PHI;PHI;1;2025;0;0;00-0033787;1;0;1;0;0;0;0;0;1;0;0;0;0;0;0;0;3;0;0;1,0;3;0;0;3;0;0;5;8
2025_01_PIT_NYJ;PIT;1;2025;0;0;00-0031136;2;0;2;0;0;0;0;0;1;1;0;0;0;0;0;0;4;0;0;1,0;4;0;0;4;0;0;10;14
2025_01_SF_SEA;SEA;1;2025;0;0;00-0031492;2;0;2;0;0;0;1;1;0;0;0;0;0;0;0;0;1;0;0;1,0;1;0;0;1;3;4;0;8
2025_01_SF_SEA;SF;1;2025;0;0;00-0038562;1;1;3;1;0;0;1;0;0;0;0;1;0;0;0;0;2;0;0;1,0;2;0;0;2;3;0;0;5
2025_01_TB_ATL;TB;1;2025;0;0;00-0035358;1;1;2;0;0;0;0;1;0;0;0;0;0;1;0;0;3;1;0;0,6666666666666666;2;0;0;2;0;4;0;6
2025_01_NYG_WAS;WAS;1;2025;0;0;00-0035269;0;0;0;0;0;0;0;0;0;0;0;0;0;0;0;0;3;0;0;1,0;3;0;0;3;0;0;0;3
2025_02_CAR_ARI;ARI;2;2025;0;0;00-0038567;2;0;2;0;0;1;0;1;0;0;0;0;0;0;0;0;3;0;0;1,0;3;0;0;3;3;4;0;10
2025_02_ATL_MIN;ATL;2;2025;0;0;00-0037542;5;0;5;0;0;1;3;0;1;0;0;0;0;0;0;0;1;0;0;1,0;1;0;0;1;12;0;5;18
2025_02_CLE_BAL;BAL;2;2025;0;0;00-0040074;2;0;2;0;0;0;1;1;0;0;0;0;0;0;0;0;5;0;0;1,0;5;0;0;5;3;4;0;12
2025_02_BUF_NYJ;BUF;2;2025;0;0;00-0023853;3;0;3;0;0;1;1;0;1;0;0;0;0;0;0;0;3;0;0;1,0;3;0;0;3;6;0;5;14
2025_02_CAR_ARI;CAR;2;2025;0;0;00-0040279;1;0;1;0;0;1;0;0;0;0;0;0;0;0;0;0;1;0;0;1,0;1;0;0;1;3;0;0;4
2025_02_CHI_DET;CHI;2;2025;0;0;00-0031203;0;0;0;0;0;0;0;0;0;0;0;0;0;0;0;0;3;0;0;1,0;3;0;0;3;0;0;0;3
2025_02_JAX_CIN;CIN;2;2025;0;0;00-0036854;1;0;1;0;0;0;1;0;0;0;0;0;0;0;0;0;4;0;0;1,0;4;0;0;4;3;0;0;7
2025_02_CLE_BAL;CLE;2;2025;0;0;00-0038428;1;0;1;0;0;0;1;0;0;0;0;0;0;0;0;0;2;0;0;1,0;2;0;0;2;3;0;0;5
2025_02_NYG_DAL;DAL;2;2025;0;0;00-0037692;4;0;4;0;0;0;0;2;1;1;0;0;0;0;0;0;4;0;0;1,0;4;1;1;4;0;8;10;22
2025_02_DEN_IND;DEN;2;2025;0;0;00-0032569;0;1;1;0;0;0;0;0;0;0;0;0;0;1;0;0;4;0;0;1,0;4;0;0;4;0;0;0;4
2025_02_CHI_DET;DET;2;2025;0;0;00-0039172;1;1;2;0;0;0;1;0;0;0;0;0;0;0;1;0;7;0;0;1,0;7;0;0;7;3;0;0;10
2025_02_WAS_GB;GB;2;2025;0;0;00-0029822;2;1;3;0;0;1;0;0;1;0;0;0;0;1;0;0;3;0;0;1,0;3;0;0;3;3;0;5;11
2025_02_TB_HOU;HOU;2;2025;0;0;00-0032726;2;0;2;0;0;0;1;0;1;0;0;0;0;0;0;0;1;0;0;1,0;1;0;0;1;3;0;5;9
2025_02_DEN_IND;IND;2;2025;0;0;00-0039576;5;0;5;0;0;2;2;1;0;0;0;0;0;0;0;0;2;0;0;1,0;2;1;1;2;12;4;0;18
2025_02_JAX_CIN;JAX;2;2025;0;0;00-0039409;2;0;2;0;0;1;0;1;0;0;0;0;0;0;0;0;3;0;0;1,0;3;0;0;3;3;4;0;10
2025_02_PHI_KC;KC;2;2025;0;0;00-0033303;1;1;2;0;0;0;0;0;1;0;0;0;0;0;1;0;2;0;0;1,0;2;0;0;2;0;0;5;7
2025_02_LA_TEN;LA;2;2025;0;0;00-0039750;2;0;2;0;0;2;0;0;0;0;0;0;0;0;0;0;4;0;1;0,75;3;0;0;3;6;0;0;9
2025_02_LAC_LV;LAC;2;2025;0;0;00-0037224;2;0;2;0;0;1;1;0;0;0;0;0;0;0;0;0;2;0;0;1,0;2;0;0;2;6;0;0;8
2025_02_NE_MIA;MIA;2;2025;0;0;00-0036816;2;0;2;0;0;0;0;2;0;0;0;0;0;0;0;0;3;0;0;1,0;3;0;0;3;0;8;0;11
2025_02_NE_MIA;NE;2;2025;0;1;00-0040200;2;0;2;0;0;1;0;0;1;0;0;0;0;0;0;0;3;2;0;0,3333333333333333;1;0;0;1;3;0;5;9
2025_02_SF_NO;NO;2;2025;0;0;00-0038905;0;1;1;0;0;0;0;0;0;0;0;0;0;1;0;0;3;0;0;1,0;3;0;0;3;0;0;0;3
2025_02_NYG_DAL;NYG;2;2025;0;0;00-0026858;3;0;3;0;0;0;3;0;0;0;0;0;0;0;0;0;4;0;0;1,0;4;0;0;4;9;0;0;13
2025_02_BUF_NYJ;NYJ;2;2025;0;0;00-0025565;1;0;1;0;0;0;0;0;1;0;0;0;0;0;0;0;1;0;0;1,0;1;0;0;1;0;0;5;6
2025_02_PHI_KC;PHI;2;2025;0;0;00-0033787;2;0;2;0;0;0;0;0;2;0;0;0;0;0;0;0;2;0;0;1,0;2;0;0;2;0;0;10;12
2025_02_SEA_PIT;SEA;2;2025;0;0;00-0031492;1;1;2;0;0;0;0;0;1;0;0;0;1;0;0;0;4;0;0;1,0;4;0;0;4;0;0;5;9
2025_02_SF_NO;SF;2;2025;0;0;00-0034173;2;0;2;0;0;0;0;2;0;0;0;0;0;0;0;0;3;1;0;0,6666666666666666;2;0;0;2;0;8;0;10
2025_02_TB_HOU;TB;2;2025;0;0;00-0035358;0;1;1;0;0;0;0;0;0;0;0;0;1;0;0;0;2;0;0;1,0;2;0;0;2;0;0;0;2
2025_02_LA_TEN;TEN;2;2025;0;0;00-0035192;4;0;4;0;0;0;2;0;2;0;0;0;0;0;0;0;1;0;0;1,0;1;0;0;1;6;0;10;17
2025_02_WAS_GB;WAS;2;2025;1;0;00-0035269;1;2;3;0;0;0;0;0;1;0;0;0;0;0;2;0;1;0;0;1,0;1;0;0;1;0;0;5;6
2025_03_ARI_SF;ARI;3;2025;0;0;00-0038567;2;1;3;0;0;1;1;0;0;0;0;0;0;0;1;0;1;0;0;1,0;1;0;0;1;6;0;0;7
2025_03_DET_BAL;BAL;3;2025;0;0;00-0040074;1;0;1;0;0;0;0;1;0;0;0;0;0;0;0;0;3;0;0;1,0;3;0;0;3;0;4;0;7
2025_03_MIA_BUF;BUF;3;2025;0;0;00-0023853;1;1;2;0;0;0;0;1;0;0;0;0;1;0;0;0;4;0;0;1,0;4;0;0;4;0;4;0;8
2025_03_ATL_CAR;CAR;3;2025;0;0;00-0040279;3;0;3;0;0;0;1;1;1;0;0;0;0;0;0;0;3;0;0;1,0;3;0;0;3;3;4;5;15
2025_03_DAL_CHI;CHI;3;2025;0;0;00-0031203;1;0;1;0;0;0;1;0;0;0;0;0;0;0;0;0;4;0;0;1,0;4;0;0;4;3;0;0;7
2025_03_CIN_MIN;CIN;3;2025;0;0;00-0036854;1;0;1;0;0;0;0;1;0;0;0;0;0;0;0;0;1;0;0;1,0;1;0;0;1;0;4;0;5
2025_03_GB_CLE;CLE;3;2025;0;0;00-0038428;2;0;2;0;0;0;1;0;1;0;0;0;0;0;0;0;1;0;0;1,0;1;1;1;1;3;0;5;9
2025_03_DEN_LAC;DEN;3;2025;0;0;00-0032569;2;0;2;0;0;1;0;1;0;0;0;0;0;0;0;0;2;0;0;1,0;2;0;0;2;3;4;0;9
2025_03_DET_BAL;DET;3;2025;0;0;00-0039172;1;1;2;0;0;0;0;1;0;0;0;0;0;0;0;1;5;0;0;1,0;5;0;0;5;0;4;0;9
2025_03_GB_CLE;GB;3;2025;0;0;00-0029822;1;0;2;1;0;0;1;0;0;0;0;0;0;0;0;0;1;0;0;1,0;1;0;0;1;3;0;0;4
2025_03_HOU_JAX;HOU;3;2025;0;0;00-0032726;1;1;2;0;0;1;0;0;0;0;0;0;0;0;1;0;1;0;0;1,0;1;0;0;1;3;0;0;4
2025_03_IND_TEN;IND;3;2025;0;0;00-0039576;2;1;3;0;0;1;1;0;0;0;0;0;0;0;1;0;5;0;0;1,0;5;0;0;5;6;0;0;11
2025_03_HOU_JAX;JAX;3;2025;0;0;00-0039409;1;1;2;0;0;0;1;0;0;0;0;0;0;1;0;0;2;0;0;1,0;2;0;0;2;3;0;0;5
2025_03_KC_NYG;KC;3;2025;0;0;00-0033303;3;1;4;0;0;1;0;1;1;0;0;0;0;1;0;0;2;1;0;0,5;1;0;0;1;3;4;5;13
2025_03_LA_PHI;LA;3;2025;0;0;00-0039750;4;0;6;2;0;1;1;1;1;0;0;0;0;0;0;0;2;0;0;1,0;2;0;0;2;6;4;5;17
2025_03_DEN_LAC;LAC;3;2025;0;0;00-0037224;3;0;3;0;0;1;1;1;0;0;0;0;0;0;0;0;2;0;0;1,0;2;1;1;2;6;4;0;12
2025_03_LV_WAS;LV;3;2025;1;0;00-0034161;1;0;1;0;0;0;1;0;0;0;0;0;0;0;0;0;1;0;0;1,0;1;0;0;1;3;0;0;4
2025_03_MIA_BUF;MIA;3;2025;0;0;00-0036816;0;0;0;0;0;0;0;0;0;0;0;0;0;0;0;0;3;0;0;1,0;3;0;0;3;0;0;0;3
2025_03_CIN_MIN;MIN;3;2025;0;0;00-0039404;2;0;2;0;0;0;1;0;0;1;0;0;0;0;0;0;6;0;0;1,0;6;0;0;6;3;0;5;14
2025_03_PIT_NE;NE;3;2025;0;0;00-0040200;0;0;0;0;0;0;0;0;0;0;0;0;0;0;0;0;2;0;0;1,0;2;0;0;2;0;0;0;2
2025_03_NO_SEA;NO;3;2025;0;0;00-0038905;2;1;3;0;0;2;0;0;0;0;0;0;0;0;1;0;1;0;0;1,0;1;0;0;1;6;0;0;7
2025_03_KC_NYG;NYG;3;2025;0;0;00-0035042;0;0;0;0;0;0;0;0;0;0;0;0;0;0;0;0;1;0;1;0,0;0;0;0;0;0;0;0;0
2025_03_NYJ_TB;NYJ;3;2025;0;0;00-0025565;2;0;2;0;0;0;1;1;0;0;0;0;0;0;0;0;3;0;0;1,0;3;0;0;3;3;4;0;10
2025_03_LA_PHI;PHI;3;2025;0;0;00-0033787;0;0;0;0;0;0;0;0;0;0;0;0;0;0;0;0;3;0;0;1,0;3;0;0;3;0;0;0;3
2025_03_PIT_NE;PIT;3;2025;0;0;00-0031136;0;0;0;0;0;0;0;0;0;0;0;0;0;0;0;0;3;0;0;1,0;3;0;0;3;0;0;0;3
2025_03_NO_SEA;SEA;3;2025;0;0;00-0031492;3;0;3;0;0;0;1;1;1;0;0;0;0;0;0;0;5;0;0;1,0;5;0;0;5;3;4;5;17
2025_03_ARI_SF;SF;3;2025;0;0;00-0034173;3;0;3;0;0;0;2;0;1;0;0;0;0;0;0;0;1;0;0;1,0;1;1;1;1;6;0;5;12
2025_03_NYJ_TB;TB;3;2025;0;0;00-0035358;5;0;6;1;0;1;2;0;2;0;0;0;0;0;0;0;2;0;0;1,0;2;1;1;2;9;0;10;21
2025_03_IND_TEN;TEN;3;2025;0;0;00-0035192;2;1;4;1;0;0;0;1;1;0;0;0;0;0;0;1;2;0;0;1,0;2;0;0;2;0;4;5;11
2025_03_LV_WAS;WAS;3;2025;0;0;00-0035269;2;1;3;0;0;0;0;1;1;0;0;0;1;0;0;0;5;0;0;1,0;5;0;0;5;0;4;5;14
2025_04_SEA_ARI;ARI;4;2025;0;0;00-0038567;2;0;2;0;0;0;1;0;1;0;0;0;0;0;0;0;2;0;0;1,0;2;0;0;2;3;0;5;10
2025_04_WAS_ATL;ATL;4;2025;0;0;00-0037542;2;0;2;0;0;1;1;0;0;0;0;0;0;0;0;0;4;0;0;1,0;4;0;0;4;6;0;0;10
2025_04_BAL_KC;BAL;4;2025;0;0;00-0040074;2;0;2;0;0;0;1;1;0;0;0;0;0;0;0;0;2;0;0;1,0;2;0;0;2;3;4;0;9
2025_04_NO_BUF;BUF;4;2025;0;0;00-0023853;1;0;1;0;0;0;1;0;0;0;0;0;0;0;0;0;4;0;0;1,0;4;0;0;4;3;0;0;7
2025_04_CAR_NE;CAR;4;2025;0;0;00-0040279;0;1;1;0;0;0;0;0;0;0;0;0;0;0;1;0;2;1;0;0,5;1;0;0;1;0;0;0;1
2025_04_CHI_LV;CHI;4;2025;0;0;00-0031203;4;0;4;0;0;0;0;2;2;0;0;0;0;0;0;0;1;0;0;1,0;1;0;0;1;0;8;10;19
2025_04_CLE_DET;CLE;4;2025;0;0;00-0038428;1;1;2;0;0;0;1;0;0;0;0;0;0;0;1;0;1;0;0;1,0;1;0;0;1;3;0;0;4
2025_04_GB_DAL;DAL;4;2025;0;0;00-0037692;1;0;1;0;0;1;0;0;0;0;0;0;0;0;0;0;5;0;0;1,0;5;0;0;5;3;0;0;8
2025_04_CIN_DEN;DEN;4;2025;0;0;00-0032569;0;0;0;0;0;0;0;0;0;0;0;0;0;0;0;0;4;0;0;1,0;4;0;0;4;0;0;0;4
2025_04_CLE_DET;DET;4;2025;0;0;00-0039172;2;0;2;0;0;0;0;1;1;0;0;0;0;0;0;0;4;0;0;1,0;4;0;0;4;0;4;5;13
2025_04_GB_DAL;GB;4;2025;0;0;00-0029822;2;0;2;0;0;0;1;0;1;0;0;0;0;0;0;0;5;0;1;0,8;4;0;0;4;3;0;5;12
2025_04_TEN_HOU;HOU;4;2025;0;0;00-0032726;2;1;3;0;0;0;0;2;0;0;0;0;0;0;1;0;2;0;0;1,0;2;0;0;2;0;8;0;10
2025_04_IND_LA;IND;4;2025;0;0;00-0039576;2;0;2;0;0;0;1;0;1;0;0;0;0;0;0;0;2;0;0;1,0;2;0;0;2;3;0;5;10
2025_04_JAX_SF;JAX;4;2025;0;0;00-0039409;2;1;3;0;0;1;0;1;0;0;0;0;0;1;0;0;2;0;0;1,0;2;0;0;2;3;4;0;9
2025_04_BAL_KC;KC;4;2025;0;0;00-0033303;3;1;4;0;0;1;2;0;0;0;0;0;0;0;1;0;4;0;0;1,0;4;0;0;4;9;0;0;13
2025_04_IND_LA;LA;4;2025;0;0;00-0039750;2;0;2;0;0;0;1;1;0;0;0;0;0;0;0;0;3;0;0;1,0;3;0;0;3;3;4;0;10
2025_04_LAC_NYG;LAC;4;2025;0;1;00-0037224;1;0;1;0;0;0;0;1;0;0;0;0;0;0;0;0;1;0;0;1,0;1;0;0;1;0;4;0;5
2025_04_CHI_LV;LV;4;2025;0;0;00-0034161;1;0;2;1;0;1;0;0;0;0;0;0;0;0;0;0;3;0;0;1,0;3;0;1;3;3;0;0;6
2025_04_NYJ_MIA;MIA;4;2025;0;0;00-0036816;2;0;2;0;0;0;1;1;0;0;0;0;0;0;0;0;3;0;0;1,0;3;0;0;3;3;4;0;10
2025_04_MIN_PIT;MIN;4;2025;1;0;00-0039404;2;0;2;0;0;1;0;1;0;0;0;0;0;0;0;0;1;0;0;1,0;1;0;0;1;3;4;0;8
2025_04_CAR_NE;NE;4;2025;0;0;00-0040200;0;0;0;0;0;0;0;0;0;0;0;0;0;0;0;0;6;0;0;1,0;6;0;0;6;0;0;0;6
2025_04_NO_BUF;NO;4;2025;0;0;00-0038905;2;0;2;0;0;0;1;0;1;0;0;0;0;0;0;0;1;0;0;1,0;1;0;0;1;3;0;5;9
2025_04_LAC_NYG;NYG;4;2025;0;1;00-0039934;2;0;2;0;0;1;1;0;0;0;0;0;0;0;0;0;1;0;0;1,0;1;0;0;1;6;0;0;7
2025_04_NYJ_MIA;NYJ;4;2025;0;1;00-0025565;2;0;2;0;0;0;0;0;2;0;0;0;0;0;0;0;1;0;0;1,0;1;0;0;1;0;0;10;11
2025_04_PHI_TB;PHI;4;2025;0;0;00-0033787;1;0;1;0;0;0;1;0;0;0;0;0;0;0;0;0;4;0;0;1,0;4;0;0;4;3;0;0;7
2025_04_MIN_PIT;PIT;4;2025;0;0;00-0031136;1;0;2;1;0;0;1;0;0;0;0;0;0;0;0;0;3;0;0;1,0;3;0;0;3;3;0;0;6
2025_04_SEA_ARI;SEA;4;2025;0;0;00-0031492;3;1;4;0;0;0;1;1;1;0;0;0;0;0;1;0;2;0;0;1,0;2;1;1;2;3;4;5;14
2025_04_JAX_SF;SF;4;2025;1;0;00-0034173;2;0;2;0;0;2;0;0;0;0;0;0;0;0;0;0;1;0;0;1,0;1;0;0;1;6;0;0;7
2025_04_PHI_TB;TB;4;2025;0;0;00-0035358;3;0;3;0;0;0;0;1;1;1;0;0;0;0;0;0;2;0;0;1,0;2;0;0;2;0;4;10;16
2025_04_WAS_ATL;WAS;4;2025;1;0;00-0035269;4;0;4;0;0;0;0;3;1;0;0;0;0;0;0;0;1;0;0;1,0;1;0;0;1;0;12;5;18
2025_05_TEN_ARI;ARI;5;2025;0;0;00-0038567;0;0;0;0;0;0;0;0;0;0;0;0;0;0;0;0;3;0;0;1,0;3;0;0;3;0;0;0;3
2025_05_HOU_BAL;BAL;5;2025;0;0;00-0040074;1;1;2;0;0;1;0;0;0;0;0;0;0;0;1;0;1;0;0;1,0;1;0;0;1;3;0;0;4
2025_05_NE_BUF;BUF;5;2025;0;0;00-0023853;2;0;2;0;0;0;1;1;0;0;0;0;0;0;0;0;2;0;0;1,0;2;0;0;2;3;4;0;9
2025_05_MIA_CAR;CAR;5;2025;0;0;00-0040279;2;0;2;0;0;0;1;1;0;0;0;0;0;0;0;0;3;0;0;1,0;3;0;0;3;3;4;0;10
2025_05_DET_CIN;CIN;5;2025;0;0;00-0036854;1;0;1;0;0;0;0;0;1;0;0;0;0;0;0;0;3;0;0;1,0;3;0;0;3;0;0;5;8
2025_05_MIN_CLE;CLE;5;2025;0;0;00-0038428;1;0;1;0;0;0;1;0;0;0;0;0;0;0;0;0;2;0;0;1,0;2;0;0;2;3;0;0;5
2025_05_DAL_NYJ;DAL;5;2025;0;0;00-0037692;1;0;1;0;0;0;1;0;0;0;0;0;0;0;0;0;5;1;0;0,8;4;0;0;4;3;0;0;7
2025_05_DEN_PHI;DEN;5;2025;1;0;00-0032569;2;0;2;0;0;0;1;0;1;0;0;0;0;0;0;0;1;0;0;1,0;1;0;0;1;3;0;5;9
2025_05_DET_CIN;DET;5;2025;0;0;00-0039172;0;0;0;0;0;0;0;0;0;0;0;0;0;0;0;0;5;0;0;1,0;5;0;0;5;0;0;0;5
2025_05_HOU_BAL;HOU;5;2025;0;0;00-0032726;3;0;3;0;0;0;1;0;2;0;0;0;0;0;0;0;5;0;0;1,0;5;0;0;5;3;0;10;18
2025_05_LV_IND;IND;5;2025;0;1;00-0039576;0;0;0;0;0;0;0;0;0;0;0;0;0;0;0;0;2;0;0;1,0;2;0;0;2;0;0;0;2
2025_05_KC_JAX;JAX;5;2025;0;0;00-0039409;1;0;1;0;0;0;0;0;1;0;0;0;0;0;0;0;4;0;0;1,0;4;0;0;4;0;0;5;9
2025_05_KC_JAX;KC;5;2025;0;0;00-0033303;0;0;0;0;0;0;0;0;0;0;0;0;0;0;0;0;4;0;0;1,0;4;0;0;4;0;0;0;4
2025_05_SF_LA;LA;5;2025;0;0;00-0039750;1;1;2;0;0;0;0;1;0;0;0;0;0;0;1;0;3;0;1;0,6666666666666666;2;0;0;2;0;4;0;6
2025_05_WAS_LAC;LAC;5;2025;0;0;00-0037224;1;0;1;0;0;0;0;0;1;0;0;0;0;0;0;0;1;0;0;1,0;1;0;0;1;0;0;5;6
2025_05_MIA_CAR;MIA;5;2025;0;0;00-0036816;1;0;1;0;0;0;0;1;0;0;0;0;0;0;0;0;3;0;0;1,0;3;0;0;3;0;4;0;7
2025_05_MIN_CLE;MIN;5;2025;0;0;00-0039404;0;1;1;0;0;0;0;0;0;0;0;0;0;0;1;0;3;0;0;1,0;3;0;0;3;0;0;0;3
2025_05_NE_BUF;NE;5;2025;0;0;00-0040200;3;0;3;0;1;0;1;0;1;0;0;0;0;0;0;0;2;0;0;1,0;2;1;1;2;6;0;5;13
2025_05_NYG_NO;NO;5;2025;0;0;00-0038905;4;2;6;0;0;3;0;0;1;0;0;0;0;1;1;0;2;0;0;1,0;2;0;0;2;9;0;5;16
2025_05_NYG_NO;NYG;5;2025;0;0;00-0039934;0;0;0;0;0;0;0;0;0;0;0;0;0;0;0;0;2;0;0;1,0;2;0;0;2;0;0;0;2
2025_05_DEN_PHI;PHI;5;2025;0;0;00-0033787;1;0;1;0;0;0;1;0;0;0;0;0;0;0;0;0;2;0;0;1,0;2;0;0;2;3;0;0;5
2025_05_TB_SEA;SEA;5;2025;0;0;00-0031492;0;1;1;0;0;0;0;0;0;0;0;0;0;1;0;0;5;0;0;1,0;5;0;0;5;0;0;0;5
2025_05_SF_LA;SF;5;2025;0;0;00-0034173;4;0;4;0;0;1;1;1;1;0;0;0;0;0;0;0;2;0;0;1,0;2;1;1;2;6;4;5;17
2025_05_TB_SEA;TB;5;2025;1;0;00-0035358;3;0;3;0;0;0;3;0;0;0;0;0;0;0;0;0;3;0;0;1,0;3;1;1;3;9;0;0;12
2025_05_TEN_ARI;TEN;5;2025;0;0;00-0035192;3;0;3;0;0;1;0;1;1;0;0;0;0;0;0;0;2;1;0;0,5;1;1;1;1;3;4;5;13
2025_05_WAS_LAC;WAS;5;2025;0;0;00-0035269;2;0;2;0;0;1;1;0;0;0;0;0;0;0;0;0;3;0;0;1,0;3;0;0;3;6;0;0;9
2025_06_ARI_IND;ARI;6;2025;0;0;00-0038567;2;0;2;0;0;0;0;2;0;0;0;0;0;0;0;0;3;0;0;1,0;3;0;0;3;0;8;0;11
2025_06_BUF_ATL;ATL;6;2025;0;0;00-0037542;1;0;2;1;0;0;1;0;0;0;0;0;0;0;0;0;3;0;0;1,0;3;0;0;3;3;0;0;6
2025_06_BUF_ATL;BUF;6;2025;0;0;00-0023853;0;0;0;0;0;0;0;0;0;0;0;0;0;0;0;0;2;0;0;1,0;2;0;0;2;0;0;0;2
2025_06_DAL_CAR;CAR;6;2025;0;0;00-0040279;3;0;3;0;0;0;2;0;1;0;0;0;0;0;0;0;3;0;0;1,0;3;1;1;3;6;0;5;14
2025_06_CHI_WAS;CHI;6;2025;0;0;00-0038562;4;0;5;1;0;0;1;3;0;0;0;0;0;0;0;0;1;0;0;1,0;1;1;1;1;3;12;0;16
2025_06_CIN_GB;CIN;6;2025;1;0;00-0036854;1;2;3;0;0;0;0;1;0;0;0;0;0;0;1;1;1;0;0;1,0;1;0;0;1;0;4;0;5
2025_06_DAL_CAR;DAL;6;2025;0;0;00-0037692;2;0;2;0;0;2;0;0;0;0;0;0;0;0;0;0;3;0;0;1,0;3;0;0;3;6;0;0;9
2025_06_DEN_NYJ;DEN;6;2025;0;0;00-0032569;2;0;2;0;0;1;0;0;1;0;0;0;0;0;0;0;1;0;0;1,0;1;0;0;1;3;0;5;9
2025_06_DET_KC;DET;6;2025;0;0;00-0039172;1;0;1;0;0;1;0;0;0;0;0;0;0;0;0;0;2;0;0;1,0;2;0;0;2;3;0;0;5
2025_06_CIN_GB;GB;6;2025;0;0;00-0038152;2;0;2;0;0;0;1;1;0;0;0;0;0;0;0;0;3;0;0;1,0;3;0;0;3;3;4;0;10
2025_06_ARI_IND;IND;6;2025;0;0;00-0034084;1;0;1;0;0;0;0;1;0;0;0;0;0;0;0;0;4;0;0;1,0;4;0;0;4;0;4;0;8
2025_06_SEA_JAX;JAX;6;2025;0;0;00-0039409;0;1;1;0;0;0;0;0;0;0;0;0;0;0;1;0;1;1;0;0,0;0;0;0;0;0;0;0;0
2025_06_DET_KC;KC;6;2025;0;0;00-0033303;1;0;1;0;0;0;1;0;0;0;0;0;0;0;0;0;4;1;0;0,75;3;0;0;3;3;0;0;6
2025_06_LA_BAL;LA;6;2025;0;0;00-0039750;1;1;2;0;0;0;1;0;0;0;0;1;0;0;0;0;2;0;0;1,0;2;0;0;2;3;0;0;5
2025_06_LAC_MIA;LAC;6;2025;0;0;00-0037224;5;0;5;0;0;1;4;0;0;0;0;0;0;0;0;0;2;0;0;1,0;2;1;1;2;15;0;0;17
2025_06_TEN_LV;LV;6;2025;0;0;00-0034161;2;0;2;0;0;1;0;0;1;0;0;0;0;0;0;0;2;0;0;1,0;2;0;0;2;3;0;5;10
2025_06_LAC_MIA;MIA;6;2025;0;0;00-0036816;2;1;3;0;0;1;0;1;0;0;0;0;0;0;1;0;3;0;0;1,0;3;0;0;3;3;4;0;10
2025_06_NE_NO;NE;6;2025;0;1;00-0040200;1;0;1;0;0;1;0;0;0;0;0;0;0;0;0;0;2;0;0;1,0;2;0;0;2;3;0;0;5
2025_06_NE_NO;NO;6;2025;0;0;00-0038905;4;0;4;0;0;0;2;1;1;0;0;0;0;0;0;0;1;0;0;1,0;1;0;0;1;6;4;5;16
2025_06_PHI_NYG;NYG;6;2025;0;0;00-0039934;0;0;0;0;0;0;0;0;0;0;0;0;0;0;0;0;5;1;0;0,8;4;0;0;4;0;0;0;4
2025_06_PHI_NYG;PHI;6;2025;0;0;00-0033787;1;0;1;0;0;0;0;1;0;0;0;0;0;0;0;0;2;0;0;1,0;2;0;0;2;0;4;0;6
2025_06_CLE_PIT;PIT;6;2025;0;0;00-0031136;3;1;4;0;0;0;0;2;1;0;0;0;0;0;1;0;2;0;0;1,0;2;0;0;2;0;8;5;15
2025_06_SEA_JAX;SEA;6;2025;0;0;00-0031492;2;0;2;0;0;1;0;0;1;0;0;0;0;0;0;0;2;0;0;1,0;2;0;0;2;3;0;5;10
2025_06_SF_TB;SF;6;2025;0;0;00-0034173;4;0;4;0;0;1;0;1;2;0;0;0;0;0;0;0;1;0;0;1,0;1;0;0;1;3;4;10;18
2025_06_SF_TB;TB;6;2025;0;0;00-0035358;1;1;2;0;0;0;0;1;0;0;0;0;0;1;0;0;3;0;0;1,0;3;0;0;3;0;4;0;7
2025_06_TEN_LV;TEN;6;2025;0;0;00-0035189;1;0;1;0;0;0;0;1;0;0;0;0;0;0;0;0;1;0;0;1,0;1;0;0;1;0;4;0;5
2025_06_CHI_WAS;WAS;6;2025;0;0;00-0035269;1;1;2;0;0;0;0;0;1;0;0;0;0;0;1;0;3;0;0;1,0;3;0;0;3;0;0;5;8
2025_07_GB_ARI;ARI;7;2025;0;0;00-0038567;3;0;3;0;0;0;2;1;0;0;0;0;0;0;0;0;2;0;0;1,0;2;0;0;2;6;4;0;12
2025_07_ATL_SF;ATL;7;2025;0;0;00-0037542;1;0;1;0;0;0;1;0;0;0;0;0;0;0;0;0;1;0;0;1,0;1;0;0;1;3;0;0;4
2025_07_CAR_NYJ;CAR;7;2025;0;0;00-0040279;2;0;2;0;0;1;1;0;0;0;0;0;0;0;0;0;1;0;0;1,0;1;0;0;1;6;0;0;7
2025_07_NO_CHI;CHI;7;2025;0;0;00-0038562;4;0;4;0;0;2;2;0;0;0;0;0;0;0;0;0;2;0;0;1,0;2;0;0;2;12;0;0;14
2025_07_PIT_CIN;CIN;7;2025;0;0;00-0036854;4;0;4;0;0;1;1;2;0;0;0;0;0;0;0;0;3;0;0;1,0;3;1;1;3;6;8;0;17
2025_07_MIA_CLE;CLE;7;2025;0;0;00-0038428;1;0;1;0;0;0;1;0;0;0;0;0;0;0;0;0;4;0;0;1,0;4;0;0;4;3;0;0;7
2025_07_WAS_DAL;DAL;7;2025;0;0;00-0037692;3;0;3;0;0;1;0;1;0;1;0;0;0;0;0;0;5;0;0;1,0;5;0;0;5;3;4;5;17
2025_07_NYG_DEN;DEN;7;2025;2;0;00-0032569;1;0;1;0;0;0;1;0;0;0;0;0;0;0;0;0;2;0;0;1,0;2;1;1;2;3;0;0;5
2025_07_TB_DET;DET;7;2025;0;0;00-0039172;1;1;2;0;0;0;0;0;1;0;0;0;0;0;1;0;3;0;0;1,0;3;0;0;3;0;0;5;8
2025_07_GB_ARI;GB;7;2025;0;0;00-0038152;2;0;2;0;0;0;1;0;0;1;0;0;0;0;0;0;3;0;0;1,0;3;0;0;3;3;0;5;11
2025_07_HOU_SEA;HOU;7;2025;0;0;00-0032726;2;0;2;0;0;0;1;1;0;0;0;0;0;0;0;0;1;0;0;1,0;1;0;0;1;3;4;0;8
2025_07_IND_LAC;IND;7;2025;1;0;00-0034084;1;0;1;0;0;0;1;0;0;0;0;0;0;0;0;0;4;1;0;0,75;3;0;0;3;3;0;0;6
2025_07_LA_JAX;JAX;7;2025;0;0;00-0039409;0;1;1;0;0;0;0;0;0;0;0;0;0;0;1;0;1;0;0;1,0;1;0;0;1;0;0;0;1
2025_07_LV_KC;KC;7;2025;0;0;00-0033303;1;0;1;0;0;0;1;0;0;0;0;0;0;0;0;0;4;0;0;1,0;4;0;0;4;3;0;0;7
2025_07_LA_JAX;LA;7;2025;0;0;00-0039750;0;0;0;0;0;0;0;0;0;0;0;0;0;0;0;0;5;0;0;1,0;5;0;0;5;0;0;0;5
2025_07_IND_LAC;LAC;7;2025;0;0;00-0037224;1;0;1;0;0;0;0;1;0;0;0;0;0;0;0;0;3;0;0;1,0;3;0;0;3;0;4;0;7
2025_07_PHI_MIN;MIN;7;2025;0;0;00-0039404;5;0;5;0;0;2;2;0;1;0;0;0;0;0;0;0;1;0;0;1,0;1;0;0;1;12;0;5;18
2025_07_NE_TEN;NE;7;2025;0;0;00-0040200;1;0;1;0;0;0;1;0;0;0;0;0;0;0;0;0;4;0;0;1,0;4;0;0;4;3;0;0;7
2025_07_NO_CHI;NO;7;2025;0;0;00-0038905;0;1;1;0;0;0;0;0;0;0;0;0;0;0;1;0;2;0;0;1,0;2;0;0;2;0;0;0;2
2025_07_NYG_DEN;NYG;7;2025;0;0;00-0039934;0;0;0;0;0;0;0;0;0;0;0;0;0;0;0;0;4;2;0;0,5;2;0;0;2;0;0;0;2
2025_07_PHI_MIN;PHI;7;2025;0;0;00-0033787;0;1;1;0;0;0;0;0;0;0;0;0;0;1;0;0;4;0;0;1,0;4;0;0;4;0;0;0;4
2025_07_PIT_CIN;PIT;7;2025;0;0;00-0031136;1;0;1;0;0;0;0;1;0;0;0;0;0;0;0;0;4;0;0;1,0;4;0;0;4;0;4;0;8
2025_07_HOU_SEA;SEA;7;2025;0;0;00-0031492;2;0;3;1;0;1;0;1;0;0;0;0;0;0;0;0;3;0;0;1,0;3;0;0;3;3;4;0;10
2025_07_ATL_SF;SF;7;2025;0;0;00-0034173;2;0;2;0;0;0;0;1;1;0;0;0;0;0;0;0;2;0;0;1,0;2;0;0;2;0;4;5;11
2025_07_NE_TEN;TEN;7;2025;0;0;00-0035192;2;0;2;0;0;0;0;1;1;0;0;0;0;0;0;0;1;0;0;1,0;1;0;0;1;0;4;5;10
2025_07_WAS_DAL;WAS;7;2025;0;0;00-0035269;0;0;0;0;0;0;0;0;0;0;0;0;0;0;0;0;2;0;0;1,0;2;0;0;2;0;0;0;2
2025_08_MIA_ATL;ATL;8;2025;0;0;00-0037542;1;0;1;0;0;0;0;1;0;0;0;0;0;0;0;0;1;0;0;1,0;1;0;0;1;0;4;0;5
2025_08_CHI_BAL;BAL;8;2025;0;0;00-0040074;3;0;3;0;0;1;1;1;0;0;0;0;0;0;0;0;3;0;0;1,0;3;0;0;3;6;4;0;13
2025_08_BUF_CAR;BUF;8;2025;0;0;00-0023853;2;0;2;0;0;0;0;2;0;0;0;0;0;0;0;0;5;1;0;0,8;4;0;0;4;0;8;0;12
2025_08_BUF_CAR;CAR;8;2025;0;0;00-0040279;1;1;2;0;0;0;0;1;0;0;0;0;1;0;0;0;1;1;0;0,0;0;0;0;0;0;4;0;4
2025_08_CHI_BAL;CHI;8;2025;0;0;00-0031203;3;1;4;0;0;0;2;1;0;0;0;0;0;0;1;0;1;0;0;1,0;1;0;0;1;6;4;0;11
2025_08_NYJ_CIN;CIN;8;2025;0;0;00-0036854;1;0;1;0;0;1;0;0;0;0;0;0;0;0;0;0;5;0;0;1,0;5;0;0;5;3;0;0;8
2025_08_CLE_NE;CLE;8;2025;0;0;00-0038428;0;1;1;0;0;0;0;0;0;0;0;0;0;1;0;0;1;0;0;1,0;1;0;0;1;0;0;0;1
2025_08_DAL_DEN;DAL;8;2025;0;0;00-0037692;1;0;1;0;0;1;0;0;0;0;0;0;0;0;0;0;3;0;0;1,0;3;0;0;3;3;0;0;6
2025_08_DAL_DEN;DEN;8;2025;0;0;00-0032569;1;0;1;0;0;0;0;1;0;0;0;0;0;0;0;0;5;0;0;1,0;5;0;0;5;0;4;0;9
2025_08_GB_PIT;GB;8;2025;1;0;00-0029822;2;2;4;0;0;2;0;0;0;0;0;0;0;1;1;0;3;0;0;1,0;3;0;0;3;6;0;0;9
2025_08_SF_HOU;HOU;8;2025;0;0;00-0032726;4;0;4;0;0;0;4;0;0;0;0;0;0;0;0;0;2;0;0;1,0;2;0;0;2;12;0;0;14
2025_08_TEN_IND;IND;8;2025;0;0;00-0034084;1;0;1;0;0;0;0;1;0;0;0;0;0;0;0;0;5;0;0;1,0;5;0;0;5;0;4;0;9
2025_08_WAS_KC;KC;8;2025;0;0;00-0033303;0;0;0;0;0;0;0;0;0;0;0;0;0;0;0;0;4;0;0;1,0;4;0;0;4;0;0;0;4
2025_08_MIN_LAC;LAC;8;2025;0;0;00-0037224;3;1;4;0;0;0;1;2;0;0;0;0;0;1;0;0;4;0;0;1,0;4;0;0;4;3;8;0;15
2025_08_MIA_ATL;MIA;8;2025;0;0;00-0036816;2;0;2;0;0;0;2;0;0;0;0;0;0;0;0;0;4;0;0;1,0;4;0;0;4;6;0;0;10
2025_08_MIN_LAC;MIN;8;2025;0;0;00-0039404;1;1;2;0;0;0;0;0;1;0;0;0;0;0;1;0;1;0;0;1,0;1;0;0;1;0;0;5;6
2025_08_CLE_NE;NE;8;2025;0;0;00-0040200;3;0;3;0;0;0;2;1;0;0;0;0;0;0;0;0;3;0;0;1,0;3;0;0;3;6;4;0;13
2025_08_NYG_PHI;NYG;8;2025;0;0;00-0026858;2;0;2;0;0;0;1;1;0;0;0;0;0;0;0;0;2;0;0;1,0;2;0;0;2;3;4;0;9
2025_08_NYJ_CIN;NYJ;8;2025;1;1;00-0025565;3;0;3;0;0;2;0;1;0;0;0;0;0;0;0;0;2;0;0;1,0;2;0;0;2;6;4;0;12
2025_08_NYG_PHI;PHI;8;2025;0;0;00-0033787;1;1;2;0;0;0;0;1;0;0;0;0;0;0;1;0;5;0;0;1,0;5;0;0;5;0;4;0;9
2025_08_GB_PIT;PIT;8;2025;0;0;00-0031136;4;0;4;0;0;0;0;1;3;0;0;0;0;0;0;0;1;0;0;1,0;1;0;0;1;0;4;15;20
2025_08_SF_HOU;SF;8;2025;1;0;00-0034173;0;0;0;0;0;0;0;0;0;0;0;0;0;0;0;0;1;0;0;1,0;1;0;0;1;0;0;0;1
2025_08_TB_NO;TB;8;2025;0;0;00-0035358;3;0;3;0;0;0;0;0;3;0;0;0;0;0;0;0;2;0;0;1,0;2;0;0;2;0;0;15;17
2025_08_TEN_IND;TEN;8;2025;0;0;00-0035192;0;1;1;0;0;0;0;0;0;0;0;0;0;0;1;0;2;0;0;1,0;2;0;0;2;0;0;0;2
2025_08_WAS_KC;WAS;8;2025;0;0;00-0035189;0;0;0;0;0;0;0;0;0;0;0;0;0;0;0;0;1;0;0;1,0;1;0;0;1;0;0;0;1
2025_09_ARI_DAL;ARI;9;2025;0;0;00-0038567;2;0;2;0;0;0;1;1;0;0;0;0;0;0;0;0;3;0;0;1,0;3;0;0;3;3;4;0;10
2025_09_ATL_NE;ATL;9;2025;0;0;00-0037542;1;0;1;0;0;0;1;0;0;0;0;0;0;0;0;0;3;1;0;0,6666666666666666;2;0;0;2;3;0;0;5
2025_09_BAL_MIA;BAL;9;2025;0;0;00-0040074;0;0;0;0;0;0;0;0;0;0;0;0;0;0;0;0;4;0;0;1,0;4;0;0;4;0;0;0;4
2025_09_KC_BUF;BUF;9;2025;0;0;00-0023853;0;1;1;0;0;0;0;0;0;0;0;0;0;0;1;0;4;0;0;1,0;4;0;0;4;0;0;0;4
2025_09_CAR_GB;CAR;9;2025;0;0;00-0040279;1;0;1;0;0;0;0;1;0;0;0;0;0;0;0;0;2;1;0;0,5;1;1;1;1;0;4;0;5
2025_09_CHI_CIN;CHI;9;2025;0;0;00-0031203;2;0;3;1;0;1;1;0;0;0;0;0;0;0;0;0;5;0;0;1,0;5;0;0;5;6;0;0;11
2025_09_CHI_CIN;CIN;9;2025;1;0;00-0036854;2;1;3;0;0;0;1;1;0;0;0;0;0;0;1;0;4;0;0;1,0;4;0;0;4;3;4;0;11
2025_09_ARI_DAL;DAL;9;2025;0;0;00-0037692;1;1;2;0;0;1;0;0;0;0;0;0;0;0;0;1;2;0;0;1,0;2;0;0;2;3;0;0;5
2025_09_DEN_HOU;DEN;9;2025;1;0;00-0032569;1;0;2;1;0;0;1;0;0;0;0;0;0;0;0;0;1;0;0;1,0;1;1;1;1;3;0;0;4
2025_09_MIN_DET;DET;9;2025;0;0;00-0039172;1;0;2;1;0;0;0;1;0;0;0;0;0;0;0;0;3;0;0;1,0;3;0;0;3;0;4;0;7
2025_09_CAR_GB;GB;9;2025;0;0;00-0029822;2;1;3;0;0;1;0;1;0;0;0;0;0;1;0;0;1;0;0;1,0;1;0;0;1;3;4;0;8
2025_09_IND_PIT;IND;9;2025;0;0;00-0034084;2;0;2;0;0;0;0;0;2;0;0;0;0;0;0;0;2;0;0;1,0;2;0;0;2;0;0;10;12
2025_09_JAX_LV;JAX;9;2025;0;0;00-0039409;3;0;3;0;0;0;1;1;0;1;0;0;0;0;0;0;3;0;0;1,0;3;0;0;3;3;4;5;15
2025_09_KC_BUF;KC;9;2025;1;0;00-0033303;2;0;2;0;1;0;0;1;0;0;0;0;0;0;0;0;1;0;0;1,0;1;0;0;1;3;4;0;8
2025_09_NO_LA;LA;9;2025;0;0;00-0039750;0;1;1;0;0;0;0;0;0;0;0;0;1;0;0;0;5;1;0;0,8;4;0;0;4;0;0;0;4
2025_09_LAC_TEN;LAC;9;2025;0;0;00-0037224;2;0;2;0;0;1;0;0;1;0;0;0;0;0;0;0;3;0;0;1,0;3;0;0;3;3;0;5;11
2025_09_JAX_LV;LV;9;2025;0;0;00-0034161;1;0;1;0;0;1;0;0;0;0;0;0;0;0;0;0;3;1;0;0,6666666666666666;2;0;0;2;3;0;0;5
2025_09_MIN_DET;MIN;9;2025;0;0;00-0039404;2;0;2;0;0;1;0;0;1;0;0;0;0;0;0;0;3;0;0;1,0;3;0;0;3;3;0;5;11
2025_09_ATL_NE;NE;9;2025;0;0;00-0040200;1;0;1;0;0;0;1;0;0;0;0;0;0;0;0;0;3;0;0;1,0;3;0;0;3;3;0;0;6
2025_09_NO_LA;NO;9;2025;0;0;00-0038905;1;0;1;0;0;0;1;0;0;0;0;0;0;0;0;0;1;0;0;1,0;1;0;0;1;3;0;0;4
2025_09_SF_NYG;NYG;9;2025;0;0;00-0026858;1;1;2;0;0;1;0;0;0;0;0;0;0;1;0;0;3;0;0;1,0;3;0;0;3;3;0;0;6
2025_09_IND_PIT;PIT;9;2025;0;0;00-0031136;2;0;2;0;0;1;0;1;0;0;0;0;0;0;0;0;3;0;0;1,0;3;0;0;3;3;4;0;10
2025_09_SEA_WAS;SEA;9;2025;0;0;00-0031492;1;0;1;0;0;0;0;1;0;0;0;0;0;0;0;0;5;0;0;1,0;5;0;0;5;0;4;0;9
2025_09_SF_NYG;SF;9;2025;0;0;00-0034173;2;0;2;0;0;0;1;0;1;0;0;0;0;0;0;0;4;0;0;1,0;4;0;0;4;3;0;5;12
2025_09_LAC_TEN;TEN;9;2025;0;0;00-0035192;2;0;2;0;0;0;1;1;0;0;0;0;0;0;0;0;2;0;0;1,0;2;0;0;2;3;4;0;9
2025_09_SEA_WAS;WAS;9;2025;0;0;00-0035269;0;0;0;0;0;0;0;0;0;0;0;0;0;0;0;0;2;0;0;1,0;2;0;0;2;0;0;0;2
2025_10_ARI_SEA;ARI;10;2025;1;0;00-0038567;0;0;0;0;0;0;0;0;0;0;0;0;0;0;0;0;2;0;0;1,0;2;0;0;2;0;0;0;2
2025_10_ATL_IND;ATL;10;2025;1;0;00-0033862;1;0;1;0;0;0;0;1;0;0;0;0;0;0;0;0;2;0;0;1,0;2;0;0;2;0;4;0;6
2025_10_BAL_MIN;BAL;10;2025;1;0;00-0040074;4;1;5;0;0;2;1;1;0;0;0;0;0;0;1;0;1;0;0;1,0;1;0;0;1;9;4;0;14
2025_10_BUF_MIA;BUF;10;2025;0;0;00-0023853;0;0;0;0;0;0;0;0;0;0;0;0;0;0;0;0;1;0;0;1,0;1;0;0;1;0;0;0;1
2025_10_NO_CAR;CAR;10;2025;0;0;00-0040279;0;0;1;1;0;0;0;0;0;0;0;0;0;0;0;0;1;0;0;1,0;1;0;0;1;0;0;0;1
2025_10_NYG_CHI;CHI;10;2025;0;0;00-0031203;1;0;1;0;0;1;0;0;0;0;0;0;0;0;0;0;3;0;0;1,0;3;0;0;3;3;0;0;6
2025_10_CLE_NYJ;CLE;10;2025;0;0;00-0038428;2;0;2;0;0;1;0;1;0;0;0;0;0;0;0;0;2;0;0;1,0;2;0;0;2;3;4;0;9
2025_10_LV_DEN;DEN;10;2025;0;0;00-0032569;1;1;2;0;0;0;1;0;0;0;0;0;0;0;1;0;1;0;0;1,0;1;0;0;1;3;0;0;4
2025_10_DET_WAS;DET;10;2025;0;1;00-0039172;3;0;3;0;0;2;0;1;0;0;0;0;0;0;0;0;4;0;1;0,75;3;0;0;3;6;4;0;13
2025_10_PHI_GB;GB;10;2025;0;0;00-0029822;0;1;1;0;0;0;0;0;0;0;0;0;0;0;0;1;1;0;0;1,0;1;0;0;1;0;0;0;1
2025_10_JAX_HOU;HOU;10;2025;1;0;00-0035189;1;0;1;0;0;1;0;0;0;0;0;0;0;0;0;0;1;0;0;1,0;1;0;0;1;3;0;0;4
2025_10_ATL_IND;IND;10;2025;0;0;00-0034084;2;1;3;0;0;0;1;1;0;0;0;0;0;0;1;0;2;1;0;0,5;1;0;0;1;3;4;0;8
2025_10_JAX_HOU;JAX;10;2025;0;0;00-0039409;3;0;3;0;0;0;2;0;1;0;0;0;0;0;0;0;2;0;0;1,0;2;0;0;2;6;0;5;13
2025_10_LA_SF;LA;10;2025;0;0;00-0039498;0;0;0;0;0;0;0;0;0;0;0;0;0;0;0;0;6;0;0;1,0;6;0;0;6;0;0;0;6
2025_10_PIT_LAC;LAC;10;2025;0;0;00-0037224;3;1;4;0;0;0;1;1;1;0;0;0;0;0;1;0;2;0;0;1,0;2;0;0;2;3;4;5;14
2025_10_LV_DEN;LV;10;2025;0;0;00-0034161;0;1;1;0;0;0;0;0;0;0;0;0;0;1;0;0;1;0;0;1,0;1;0;0;1;0;0;0;1
2025_10_BUF_MIA;MIA;10;2025;0;0;00-0036816;1;0;1;0;0;0;0;1;0;0;0;0;0;0;0;0;4;1;0;0,75;3;0;0;3;0;4;0;7
2025_10_BAL_MIN;MIN;10;2025;0;0;00-0039404;2;0;2;0;0;0;0;2;0;0;0;0;0;0;0;0;1;0;0;1,0;1;0;0;1;0;8;0;9
2025_10_NE_TB;NE;10;2025;0;0;00-0040200;0;0;0;0;0;0;0;0;0;0;0;0;0;0;0;0;4;0;0;1,0;4;0;0;4;0;0;0;4
2025_10_NO_CAR;NO;10;2025;0;0;00-0038905;1;0;1;0;0;1;0;0;0;0;0;0;0;0;0;0;2;0;0;1,0;2;0;0;2;3;0;0;5
2025_10_NYG_CHI;NYG;10;2025;0;0;00-0033702;2;0;2;0;1;0;1;0;0;0;0;0;0;0;0;0;2;0;0;1,0;2;0;0;2;6;0;0;8
2025_10_CLE_NYJ;NYJ;10;2025;0;0;00-0025565;2;0;2;0;0;1;1;0;0;0;0;0;0;0;0;0;3;0;0;1,0;3;0;0;3;6;0;0;9
2025_10_PHI_GB;PHI;10;2025;0;0;00-0033787;1;0;1;0;0;0;1;0;0;0;0;0;0;0;0;0;1;0;0;1,0;1;0;0;1;3;0;0;4
2025_10_PIT_LAC;PIT;10;2025;0;0;00-0031136;1;1;2;0;0;0;0;0;1;0;0;0;0;1;0;0;1;0;0;1,0;1;0;0;1;0;0;5;6
2025_10_ARI_SEA;SEA;10;2025;0;0;00-0031492;3;0;3;0;0;0;2;1;0;0;0;0;0;0;0;0;5;0;0;1,0;5;0;0;5;6;4;0;15
2025_10_LA_SF;SF;10;2025;0;0;00-0034173;0;0;0;0;0;0;0;0;0;0;0;0;0;0;0;0;3;0;1;0,6666666666666666;2;0;0;2;0;0;0;2
2025_10_NE_TB;TB;10;2025;0;0;00-0035358;1;0;1;0;0;0;1;0;0;0;0;0;0;0;0;0;2;0;0;1,0;2;0;0;2;3;0;0;5
2025_10_DET_WAS;WAS;10;2025;0;0;00-0035269;1;0;1;0;0;0;0;1;0;0;0;0;0;0;0;0;1;0;0;1,0;1;0;0;1;0;4;0;5
2025_11_SF_ARI;ARI;11;2025;0;0;00-0038567;1;1;2;0;0;1;0;0;0;0;0;0;0;0;1;0;1;0;0;1,0;1;0;0;1;3;0;0;4
2025_11_CAR_ATL;ATL;11;2025;0;0;00-0033862;2;0;2;0;0;0;0;1;1;0;0;0;0;0;0;0;3;0;0;1,0;3;0;0;3;0;4;5;12
2025_11_BAL_CLE;BAL;11;2025;0;0;00-0040074;3;0;3;0;0;2;0;1;0;0;0;0;0;0;0;0;2;0;0;1,0;2;0;0;2;6;4;0;12
2025_11_TB_BUF;BUF;11;2025;0;0;00-0023853;1;0;1;0;0;0;1;0;0;0;0;0;0;0;0;0;5;0;0;1,0;5;0;0;5;3;0;0;8
2025_11_CAR_ATL;CAR;11;2025;1;0;00-0040279;3;0;3;0;0;2;1;0;0;0;0;0;0;0;0;0;1;0;0;1,0;1;1;1;1;9;0;0;10
2025_11_CHI_MIN;CHI;11;2025;0;0;00-0031203;4;1;5;0;0;0;2;1;1;0;0;0;0;1;0;0;1;0;0;1,0;1;1;1;1;6;4;5;16
2025_11_BAL_CLE;CLE;11;2025;0;0;00-0038428;3;0;3;0;0;1;1;1;0;0;0;0;0;0;0;0;1;0;0;1,0;1;0;0;1;6;4;0;11
2025_11_DAL_LV;DAL;11;2025;0;0;00-0037692;1;0;1;0;0;0;0;0;1;0;0;0;0;0;0;0;4;0;0;1,0;4;0;0;4;0;0;5;9
2025_11_KC_DEN;DEN;11;2025;0;0;00-0032569;5;0;5;0;0;2;2;0;1;0;0;0;0;0;0;0;1;0;0;1,0;1;1;1;1;12;0;5;18
2025_11_DET_PHI;DET;11;2025;0;0;00-0039172;1;0;1;0;0;0;0;0;1;0;0;0;0;0;0;0;1;1;0;0,0;0;0;0;0;0;0;5;5
2025_11_GB_NYG;GB;11;2025;1;0;00-0038152;0;0;0;0;0;0;0;0;0;0;0;0;0;0;0;0;3;2;0;0,3333333333333333;1;0;0;1;0;0;0;1
2025_11_HOU_TEN;HOU;11;2025;0;0;00-0035189;3;0;3;0;0;0;1;2;0;0;0;0;0;0;0;0;1;0;0;1,0;1;1;1;1;3;8;0;12
2025_11_LAC_JAX;JAX;11;2025;0;0;00-0039409;0;0;0;0;0;0;0;0;0;0;0;0;0;0;0;0;5;0;0;1,0;5;0;0;5;0;0;0;5
2025_11_KC_DEN;KC;11;2025;0;0;00-0033303;2;0;2;0;0;0;2;0;0;0;0;0;0;0;0;0;2;0;1;0,5;1;0;0;1;6;0;0;7
2025_11_SEA_LA;LA;11;2025;0;0;00-0039498;0;0;0;0;0;0;0;0;0;0;0;0;0;0;0;0;3;0;0;1,0;3;0;0;3;0;0;0;3
2025_11_DAL_LV;LV;11;2025;0;0;00-0034161;3;0;3;0;0;0;2;1;0;0;0;0;0;0;0;0;1;0;0;1,0;1;0;0;1;6;4;0;11
2025_11_WAS_MIA;MIA;11;2025;0;0;00-0036816;3;0;3;0;0;1;1;1;0;0;0;0;0;0;0;0;1;0;0;1,0;1;1;1;1;6;4;0;11
2025_11_CHI_MIN;MIN;11;2025;0;0;00-0039404;1;0;1;0;0;0;1;0;0;0;0;0;0;0;0;0;2;0;0;1,0;2;0;0;2;3;0;0;5
2025_11_NYJ_NE;NE;11;2025;0;0;00-0040200;2;1;3;0;0;1;0;1;0;0;0;0;0;1;0;0;3;0;0;1,0;3;0;0;3;3;4;0;10
2025_11_GB_NYG;NYG;11;2025;0;0;00-0033702;0;0;0;0;0;0;0;0;0;0;0;0;0;0;0;0;3;1;0;0,6666666666666666;2;0;0;2;0;0;0;2
2025_11_NYJ_NE;NYJ;11;2025;0;0;00-0025565;0;0;0;0;0;0;0;0;0;0;0;0;0;0;0;0;2;0;0;1,0;2;0;0;2;0;0;0;2
2025_11_DET_PHI;PHI;11;2025;0;0;00-0033787;3;0;3;0;0;1;1;1;0;0;0;0;0;0;0;0;1;0;0;1,0;1;0;0;1;6;4;0;11
2025_11_CIN_PIT;PIT;11;2025;0;0;00-0031136;2;0;2;0;0;1;1;0;0;0;0;0;0;0;0;0;4;0;0;1,0;4;0;0;4;6;0;0;10
2025_11_SEA_LA;SEA;11;2025;0;0;00-0031492;4;1;5;0;0;2;1;0;1;0;0;0;0;0;0;1;1;0;0;1,0;1;0;1;1;9;0;5;15
2025_11_SF_ARI;SF;11;2025;0;0;00-0034173;3;0;3;0;0;0;0;3;0;0;0;0;0;0;0;0;4;1;1;0,5;2;0;0;2;0;12;0;14
2025_11_TB_BUF;TB;11;2025;0;0;00-0035358;2;0;2;0;0;2;0;0;0;0;0;0;0;0;0;0;2;0;0;1,0;2;0;0;2;6;0;0;8
2025_11_HOU_TEN;TEN;11;2025;0;0;00-0035192;2;0;2;0;0;0;0;1;1;0;0;0;0;0;0;0;1;0;0;1,0;1;0;0;1;0;4;5;10
2025_11_WAS_MIA;WAS;11;2025;0;0;00-0035269;2;2;4;0;0;1;1;0;0;0;0;0;0;0;2;0;1;0;0;1,0;1;0;0;1;6;0;0;7
2025_12_JAX_ARI;ARI;12;2025;0;0;00-0038567;1;1;2;0;0;1;0;0;0;0;0;0;1;0;0;0;3;0;0;1,0;3;0;0;3;3;0;0;6
2025_12_ATL_NO;ATL;12;2025;0;1;00-0033862;3;0;3;0;0;0;0;1;2;0;0;0;0;0;0;0;1;0;0;1,0;1;0;0;1;0;4;10;15
2025_12_NYJ_BAL;BAL;12;2025;0;0;00-0040074;3;0;3;0;0;1;2;0;0;0;0;0;0;0;0;0;2;0;0;1,0;2;0;0;2;9;0;0;11
2025_12_BUF_HOU;BUF;12;2025;0;0;00-0023853;2;0;2;0;0;0;1;1;0;0;0;0;0;0;0;0;2;1;0;0,5;1;0;0;1;3;4;0;8
2025_12_PIT_CHI;CHI;12;2025;0;0;00-0031203;1;0;1;0;0;0;0;1;0;0;0;0;0;0;0;0;4;0;0;1,0;4;0;0;4;0;4;0;8
2025_12_NE_CIN;CIN;12;2025;0;0;00-0036854;2;0;2;0;0;0;0;0;1;1;0;0;0;0;0;0;2;0;0;1,0;2;0;0;2;0;0;10;12
2025_12_CLE_LV;CLE;12;2025;0;0;00-0038428;1;0;1;0;0;0;0;0;1;0;0;0;0;0;0;0;3;0;0;1,0;3;0;0;3;0;0;5;8
2025_12_PHI_DAL;DAL;12;2025;0;0;00-0037692;1;1;2;0;0;0;0;1;0;0;0;0;0;0;1;0;3;0;0;1,0;3;1;1;3;0;4;0;7
2025_12_NYG_DET;DET;12;2025;0;0;00-0039172;2;0;2;0;0;0;1;0;1;0;0;0;0;0;0;0;4;0;0;1,0;4;0;0;4;3;0;5;12
2025_12_MIN_GB;GB;12;2025;0;0;00-0029822;3;0;3;0;0;0;2;1;0;0;0;0;0;0;0;0;2;0;0;1,0;2;0;0;2;6;4;0;12
2025_12_BUF_HOU;HOU;12;2025;0;0;00-0032726;3;0;3;0;0;2;0;1;0;0;0;0;0;0;0;0;2;0;0;1,0;2;0;0;2;6;4;0;12
2025_12_IND_KC;IND;12;2025;0;0;00-0034084;2;0;2;0;0;1;1;0;0;0;0;0;0;0;0;0;2;0;0;1,0;2;0;0;2;6;0;0;8
2025_12_JAX_ARI;JAX;12;2025;0;0;00-0039409;2;0;2;0;0;0;0;0;2;0;0;0;0;0;0;0;3;0;0;1,0;3;1;1;3;0;0;10;13
2025_12_TB_LA;LA;12;2025;0;0;00-0039498;2;0;2;0;0;0;0;1;1;0;0;0;0;0;0;0;4;0;0;1,0;4;0;0;4;0;4;5;13
2025_12_CLE_LV;LV;12;2025;0;0;00-0034161;1;1;2;0;0;0;0;1;0;0;0;0;0;1;0;0;1;0;0;1,0;1;0;0;1;0;4;0;5
2025_12_NE_CIN;NE;12;2025;0;0;00-0040200;4;0;4;0;1;0;0;2;1;0;0;0;0;0;0;0;2;0;0;1,0;2;0;0;2;3;8;5;18
2025_12_ATL_NO;NO;12;2025;0;0;00-0038905;1;2;3;0;0;0;1;0;0;0;0;0;1;1;0;0;1;0;0;1,0;1;0;0;1;3;0;0;4
2025_12_NYG_DET;NYG;12;2025;0;0;00-0033702;2;0;2;0;0;1;0;1;0;0;0;0;0;0;0;0;3;0;0;1,0;3;0;0;3;3;4;0;10
2025_12_NYJ_BAL;NYJ;12;2025;0;0;00-0025565;1;0;1;0;0;0;0;1;0;0;0;0;0;0;0;0;1;0;0;1,0;1;0;0;1;0;4;0;5
2025_12_PHI_DAL;PHI;12;2025;0;0;00-0033787;0;1;1;0;0;0;0;0;0;0;0;0;0;0;1;0;3;0;0;1,0;3;0;0;3;0;0;0;3
2025_12_PIT_CHI;PIT;12;2025;0;0;00-0031136;0;0;0;0;0;0;0;0;0;0;0;0;0;0;0;0;4;0;0;1,0;4;0;0;4;0;0;0;4
2025_12_SEA_TEN;SEA;12;2025;0;0;00-0031492;3;0;3;0;0;0;2;1;0;0;0;0;0;0;0;0;3;0;0;1,0;3;0;0;3;6;4;0;13
2025_12_CAR_SF;SF;12;2025;0;0;00-0035269;2;0;2;0;0;1;0;1;0;0;0;0;0;0;0;0;2;0;0;1,0;2;0;0;2;3;4;0;9
2025_12_TB_LA;TB;12;2025;0;0;00-0035358;0;0;0;0;0;0;0;0;0;0;0;0;0;0;0;0;1;0;0;1,0;1;0;0;1;0;0;0;1
2025_12_SEA_TEN;TEN;12;2025;0;0;00-0035192;1;0;1;0;0;1;0;0;0;0;0;0;0;0;0;0;3;0;0;1,0;3;0;0;3;3;0;0;6
2025_13_ARI_TB;ARI;13;2025;0;0;00-0038567;1;1;2;0;0;0;0;0;1;0;0;0;0;1;0;0;2;0;0;1,0;2;0;0;2;0;0;5;7
2025_13_ATL_NYJ;ATL;13;2025;0;0;00-0033862;1;1;2;0;0;0;0;0;1;0;0;0;0;0;1;0;3;0;0;1,0;3;0;0;3;0;0;5;8
2025_13_CIN_BAL;BAL;13;2025;0;0;00-0040074;0;0;0;0;0;0;0;0;0;0;0;0;0;0;0;0;2;0;0;1,0;2;0;0;2;0;0;0;2
2025_13_BUF_PIT;BUF;13;2025;0;0;00-0023853;2;0;2;0;0;1;1;0;0;0;0;0;0;0;0;0;3;1;0;0,6666666666666666;2;0;0;2;6;0;0;8
2025_13_LA_CAR;CAR;13;2025;0;0;00-0040279;1;0;1;0;0;0;1;0;0;0;0;0;0;0;0;0;4;0;0;1,0;4;0;0;4;3;0;0;7
2025_13_CHI_PHI;CHI;13;2025;0;0;00-0031203;1;0;1;0;0;0;1;0;0;0;0;0;0;0;0;0;3;0;0;1,0;3;0;0;3;3;0;0;6
2025_13_CIN_BAL;CIN;13;2025;0;0;00-0036854;6;0;6;0;0;1;2;2;1;0;0;0;0;0;0;0;2;0;0;1,0;2;0;0;2;9;8;5;24
2025_13_KC_DAL;DAL;13;2025;1;0;00-0037692;3;0;3;0;0;1;1;1;0;0;0;0;0;0;0;0;2;0;0;1,0;2;0;0;2;6;4;0;12
2025_13_DEN_WAS;DEN;13;2025;0;0;00-0032569;2;0;2;0;0;0;2;0;0;0;0;0;0;0;0;0;3;0;0;1,0;3;0;0;3;6;0;0;9
2025_13_GB_DET;DET;13;2025;0;0;00-0039172;1;0;1;0;0;0;1;0;0;0;0;0;0;0;0;0;3;0;0;1,0;3;0;0;3;3;0;0;6
2025_13_GB_DET;GB;13;2025;0;0;00-0029822;1;0;1;0;0;0;0;1;0;0;0;0;0;0;0;0;4;0;0;1,0;4;0;0;4;0;4;0;8
2025_13_HOU_IND;HOU;13;2025;0;0;00-0032726;2;0;2;0;0;1;0;1;0;0;0;0;0;0;0;0;2;0;0;1,0;2;0;0;2;3;4;0;9
2025_13_HOU_IND;IND;13;2025;0;0;00-0034084;1;0;1;0;0;0;0;1;0;0;0;0;0;0;0;0;2;1;0;0,5;1;0;0;1;0;4;0;5
2025_13_JAX_TEN;JAX;13;2025;0;1;00-0039409;1;0;1;0;0;0;0;1;0;0;0;0;0;0;0;0;2;0;0;1,0;2;0;0;2;0;4;0;6
2025_13_KC_DAL;KC;13;2025;0;0;00-0033303;0;0;0;0;0;0;0;0;0;0;0;0;0;0;0;0;4;0;0;1,0;4;0;0;4;0;0;0;4
2025_13_LA_CAR;LA;13;2025;0;0;00-0039498;0;0;0;0;0;0;0;0;0;0;0;0;0;0;0;0;4;0;0;1,0;4;0;0;4;0;0;0;4
2025_13_LV_LAC;LAC;13;2025;0;0;00-0037224;1;0;1;0;0;0;0;0;1;0;0;0;0;0;0;0;4;0;0;1,0;4;0;0;4;0;0;5;9
2025_13_LV_LAC;LV;13;2025;0;0;00-0034161;0;0;0;0;0;0;0;0;0;0;0;0;0;0;0;0;2;0;0;1,0;2;0;0;2;0;0;0;2
2025_13_NO_MIA;MIA;13;2025;0;0;00-0036816;4;0;4;0;0;1;2;1;0;0;0;0;0;0;0;0;1;0;0;1,0;1;0;0;1;9;4;0;14
2025_13_NYG_NE;NE;13;2025;0;0;00-0040200;4;1;5;0;0;3;1;0;0;0;0;0;0;1;0;0;3;0;0;1,0;3;0;0;3;12;0;0;15
2025_13_NYG_NE;NYG;13;2025;1;0;00-0033702;0;0;0;0;0;0;0;0;0;0;0;0;0;0;0;0;1;0;0;1,0;1;0;0;1;0;0;0;1
2025_13_ATL_NYJ;NYJ;13;2025;0;0;00-0025565;2;1;3;0;0;0;1;0;1;0;0;0;0;0;1;0;3;0;0;1,0;3;1;1;3;3;0;5;11
2025_13_CHI_PHI;PHI;13;2025;0;0;00-0033787;1;1;2;0;0;0;0;1;0;0;0;0;0;0;1;0;1;1;0;0,0;0;0;0;0;0;4;0;4
2025_13_BUF_PIT;PIT;13;2025;0;0;00-0031136;0;0;0;0;0;0;0;0;0;0;0;0;0;0;0;0;1;0;0;1,0;1;0;0;1;0;0;0;1
2025_13_MIN_SEA;SEA;13;2025;0;0;00-0031492;4;0;4;0;0;0;1;1;2;0;0;0;0;0;0;0;2;0;0;1,0;2;0;0;2;3;4;10;19
2025_13_SF_CLE;SF;13;2025;0;0;00-0035269;2;0;2;0;0;1;1;0;0;0;0;0;0;0;0;0;2;0;0;1,0;2;0;0;2;6;0;0;8
2025_13_ARI_TB;TB;13;2025;0;0;00-0035358;2;0;2;0;0;1;0;0;1;0;0;0;0;0;0;0;2;0;0;1,0;2;0;0;2;3;0;5;10
2025_13_DEN_WAS;WAS;13;2025;0;0;00-0038562;2;0;2;0;0;0;2;0;0;0;0;0;0;0;0;0;2;0;0;1,0;2;0;0;2;6;0;0;8
2025_14_LA_ARI;ARI;14;2025;0;0;00-0038567;1;1;2;0;0;0;1;0;0;0;0;0;0;0;0;1;2;0;0;1,0;2;0;0;2;3;0;0;5
2025_14_PIT_BAL;BAL;14;2025;0;0;00-0040074;3;0;3;0;0;1;2;0;0;0;0;0;0;0;0;0;2;1;0;0,5;1;0;0;1;9;0;0;10
2025_14_CIN_BUF;BUF;14;2025;1;0;00-0023853;1;0;1;0;0;1;0;0;0;0;0;0;0;0;0;0;4;0;0;1,0;4;0;0;4;3;0;0;7
2025_14_CHI_GB;CHI;14;2025;0;1;00-0031203;2;0;2;0;0;0;1;1;0;0;0;0;0;0;0;0;1;0;0;1,0;1;0;0;1;3;4;0;8
2025_14_CIN_BUF;CIN;14;2025;0;0;00-0036854;0;0;0;0;0;0;0;0;0;0;0;0;0;0;0;0;4;0;0;1,0;4;0;0;4;0;0;0;4
2025_14_TEN_CLE;CLE;14;2025;0;0;00-0038428;1;0;1;0;0;0;1;0;0;0;0;0;0;0;0;0;2;0;0;1,0;2;0;0;2;3;0;0;5
2025_14_DAL_DET;DAL;14;2025;1;0;00-0037692;5;0;5;0;0;1;0;1;2;1;0;0;0;0;0;0;1;0;0;1,0;1;0;0;1;3;4;15;23
2025_14_DEN_LV;DEN;14;2025;0;0;00-0032569;1;0;1;0;0;1;0;0;0;0;0;0;0;0;0;0;3;0;0;1,0;3;0;0;3;3;0;0;6
2025_14_DAL_DET;DET;14;2025;0;0;00-0039172;3;0;4;1;0;0;1;2;0;0;0;0;0;0;0;0;5;0;0;1,0;5;0;0;5;3;8;0;16
2025_14_CHI_GB;GB;14;2025;0;0;00-0029822;0;0;0;0;0;0;0;0;0;0;0;0;0;0;0;0;4;0;0;1,0;4;0;0;4;0;0;0;4
2025_14_HOU_KC;HOU;14;2025;0;0;00-0032726;2;0;2;0;0;1;1;0;0;0;0;0;0;0;0;0;2;0;0;1,0;2;0;0;2;6;0;0;8
2025_14_IND_JAX;IND;14;2025;0;0;00-0038905;2;0;2;0;0;1;1;0;0;0;0;0;0;0;0;0;1;0;0;1,0;1;0;0;1;6;0;0;7
2025_14_IND_JAX;JAX;14;2025;0;0;00-0039409;2;0;2;0;0;0;1;1;0;0;0;0;0;0;0;0;4;0;0;1,0;4;0;0;4;3;4;0;11
2025_14_HOU_KC;KC;14;2025;0;0;00-0033303;1;1;2;0;0;0;1;0;0;0;0;0;0;1;0;0;1;0;0;1,0;1;0;0;1;3;0;0;4
2025_14_LA_ARI;LA;14;2025;0;0;00-0039498;1;0;1;0;0;1;0;0;0;0;0;0;0;0;0;0;6;0;0;1,0;6;0;0;6;3;0;0;9
2025_14_PHI_LAC;LAC;14;2025;0;0;00-0037224;5;0;5;0;0;0;2;2;1;0;0;0;0;0;0;0;1;0;0;1,0;1;0;0;1;6;8;5;20
2025_14_DEN_LV;LV;14;2025;0;0;00-0034161;1;0;1;0;0;0;0;1;0;0;0;0;0;0;0;0;2;0;0;1,0;2;0;0;2;0;4;0;6
2025_14_MIA_NYJ;MIA;14;2025;0;0;00-0036816;2;0;2;0;0;0;0;1;1;0;0;0;0;0;0;0;4;0;0;1,0;4;0;0;4;0;4;5;13
2025_14_WAS_MIN;MIN;14;2025;0;0;00-0039404;1;0;1;0;0;0;0;1;0;0;0;0;0;0;0;0;4;0;0;1,0;4;0;0;4;0;4;0;8
2025_14_NO_TB;NO;14;2025;0;0;00-0039229;1;1;2;0;0;0;1;0;0;0;0;0;0;1;0;0;3;0;0;1,0;3;0;0;3;3;0;0;6
2025_14_MIA_NYJ;NYJ;14;2025;0;0;00-0025565;1;0;1;0;0;0;1;0;0;0;0;0;0;0;0;0;1;0;0;1,0;1;0;0;1;3;0;0;4
2025_14_PHI_LAC;PHI;14;2025;0;0;00-0033787;4;1;5;0;0;0;1;2;1;0;0;0;0;1;0;0;1;0;0;1,0;1;0;0;1;3;8;5;17
2025_14_PIT_BAL;PIT;14;2025;0;0;00-0031136;2;0;2;0;0;2;0;0;0;0;0;0;0;0;0;0;3;0;0;1,0;3;0;0;3;6;0;0;9
2025_14_SEA_ATL;SEA;14;2025;0;0;00-0031492;3;0;3;0;0;1;1;1;0;0;0;0;0;0;0;0;4;0;0;1,0;4;0;0;4;6;4;0;14
2025_14_NO_TB;TB;14;2025;0;0;00-0035358;2;0;2;0;0;0;1;1;0;0;0;0;0;0;0;0;2;0;0;1,0;2;0;0;2;3;4;0;9
2025_14_TEN_CLE;TEN;14;2025;0;0;00-0035192;1;0;1;0;0;0;0;1;0;0;0;0;0;0;0;0;4;0;0;1,0;4;0;0;4;0;4;0;8
2025_15_ARI_HOU;ARI;15;2025;0;0;00-0038567;0;0;0;0;0;0;0;0;0;0;0;0;0;0;0;0;2;0;0;1,0;2;0;0;2;0;0;0;2
2025_15_ATL_TB;ATL;15;2025;0;0;00-0033862;1;0;1;0;0;0;0;1;0;0;0;0;0;0;0;0;2;0;0;1,0;2;1;1;2;0;4;0;6
2025_15_BAL_CIN;BAL;15;2025;0;0;00-0040074;1;0;1;0;0;1;0;0;0;0;0;0;0;0;0;0;3;0;0;1,0;3;0;0;3;3;0;0;6
2025_15_BUF_NE;BUF;15;2025;0;0;00-0023853;0;0;0;0;0;0;0;0;0;0;0;0;0;0;0;0;5;0;0;1,0;5;0;0;5;0;0;0;5
2025_15_CAR_NO;CAR;15;2025;0;0;00-0040279;1;0;1;0;0;0;0;1;0;0;0;0;0;0;0;0;2;0;0;1,0;2;0;0;2;0;4;0;6
2025_15_CLE_CHI;CHI;15;2025;0;0;00-0031203;1;1;2;0;0;0;0;1;0;0;0;0;1;0;0;0;4;0;0;1,0;4;0;0;4;0;4;0;8
2025_15_MIN_DAL;DAL;15;2025;0;0;00-0037692;4;2;6;0;0;1;1;2;0;0;0;0;0;0;2;0;2;0;0;1,0;2;0;0;2;6;8;0;16
2025_15_GB_DEN;DEN;15;2025;0;0;00-0032569;0;0;0;0;0;0;0;0;0;0;0;0;0;0;0;0;4;0;0;1,0;4;0;0;4;0;0;0;4
2025_15_DET_LA;DET;15;2025;0;0;00-0039172;2;1;3;0;0;1;0;1;0;0;0;0;0;1;0;0;4;0;0;1,0;4;0;0;4;3;4;0;11
2025_15_GB_DEN;GB;15;2025;0;0;00-0029822;4;0;4;0;0;1;2;0;1;0;0;0;0;0;0;0;2;0;0;1,0;2;0;0;2;9;0;5;16
2025_15_ARI_HOU;HOU;15;2025;0;0;00-0032726;4;0;5;1;0;1;2;0;1;0;0;0;0;0;0;0;4;0;0;1,0;4;0;0;4;9;0;5;18
2025_15_IND_SEA;IND;15;2025;0;0;00-0038905;3;0;3;0;0;0;0;1;1;1;0;0;0;0;0;0;1;0;0;1,0;1;0;0;1;0;4;10;15
2025_15_NYJ_JAX;JAX;15;2025;0;0;00-0039409;2;0;2;0;0;1;1;0;0;0;0;0;0;0;0;0;6;0;0;1,0;6;0;0;6;6;0;0;12
2025_15_LAC_KC;KC;15;2025;0;0;00-0033303;2;0;2;0;0;1;0;1;0;0;0;0;0;0;0;0;1;0;0;1,0;1;0;0;1;3;4;0;8
2025_15_DET_LA;LA;15;2025;0;0;00-0039498;2;0;2;0;0;0;1;1;0;0;0;0;0;0;0;0;5;0;0;1,0;5;0;0;5;3;4;0;12
2025_15_LAC_KC;LAC;15;2025;0;0;00-0037224;3;0;3;0;0;1;0;2;0;0;0;0;0;0;0;0;1;0;0;1,0;1;0;0;1;3;8;0;12
2025_15_MIN_DAL;MIN;15;2025;0;0;00-0039404;2;0;2;0;0;1;0;0;1;0;0;0;0;0;0;0;4;0;0;1,0;4;0;0;4;3;0;5;12
2025_15_BUF_NE;NE;15;2025;0;0;00-0040200;1;0;1;0;0;0;1;0;0;0;0;0;0;0;0;0;4;0;0;1,0;4;0;0;4;3;0;0;7
2025_15_CAR_NO;NO;15;2025;0;0;00-0039229;2;0;2;0;0;0;0;2;0;0;0;0;0;0;0;0;2;0;0;1,0;2;0;0;2;0;8;0;10
2025_15_WAS_NYG;NYG;15;2025;0;0;00-0033702;0;2;2;0;0;0;0;0;0;0;0;0;0;0;2;0;3;0;0;1,0;3;0;0;3;0;0;0;3
2025_15_NYJ_JAX;NYJ;15;2025;0;0;00-0025565;2;0;2;0;0;0;0;1;1;0;0;0;0;0;0;0;2;0;0;1,0;2;0;0;2;0;4;5;11
2025_15_LV_PHI;PHI;15;2025;0;0;00-0033787;1;0;1;0;0;1;0;0;0;0;0;0;0;0;0;0;4;0;0;1,0;4;0;0;4;3;0;0;7
2025_15_MIA_PIT;PIT;15;2025;0;0;00-0031136;0;0;0;0;0;0;0;0;0;0;0;0;0;0;0;0;4;0;0;1,0;4;0;0;4;0;0;0;4
2025_15_TEN_SF;SF;15;2025;0;0;00-0034173;3;0;3;0;0;0;2;1;0;0;0;0;0;0;0;0;4;0;0;1,0;4;0;0;4;6;4;0;14
2025_15_ATL_TB;TB;15;2025;1;0;00-0035358;2;0;2;0;0;0;0;1;1;0;0;0;0;0;0;0;2;0;0;1,0;2;0;0;2;0;4;5;11
2025_15_TEN_SF;TEN;15;2025;0;0;00-0035192;1;1;2;0;0;1;0;0;0;0;0;0;0;0;1;0;3;0;0;1,0;3;0;0;3;3;0;0;6
2025_15_WAS_NYG;WAS;15;2025;0;0;00-0038562;3;0;3;0;0;0;1;2;0;0;0;0;0;0;0;0;3;1;0;0,6666666666666666;2;0;0;2;3;8;0;13
2025_16_ATL_ARI;ARI;16;2025;0;0;00-0038567;4;2;6;0;0;1;1;0;2;0;0;0;0;1;1;0;1;0;0;1,0;1;0;0;1;6;0;10;17
2025_16_ATL_ARI;ATL;16;2025;0;0;00-0033862;2;0;2;0;0;0;0;2;0;0;0;0;0;0;0;0;3;0;1;0,6666666666666666;2;0;0;2;0;8;0;10
2025_16_NE_BAL;BAL;16;2025;0;0;00-0040074;1;1;2;0;0;0;1;0;0;0;0;0;0;0;1;0;3;0;0;1,0;3;0;0;3;3;0;0;6
2025_16_BUF_CLE;BUF;16;2025;0;0;00-0034084;1;0;1;0;0;0;0;1;0;0;0;0;0;0;0;0;3;1;0;0,6666666666666666;2;0;0;2;0;4;0;6
2025_16_TB_CAR;CAR;16;2025;0;0;00-0040279;3;0;3;0;0;1;0;2;0;0;0;0;0;0;0;0;2;0;0;1,0;2;0;0;2;3;8;0;13
2025_16_GB_CHI;CHI;16;2025;0;0;00-0031203;3;0;3;0;0;0;0;2;1;0;0;0;0;0;0;0;1;0;0;1,0;1;0;0;1;0;8;5;14
2025_16_CIN_MIA;CIN;16;2025;0;0;00-0036854;1;0;1;0;0;0;0;1;0;0;0;0;0;0;0;0;6;0;0;1,0;6;0;0;6;0;4;0;10
2025_16_BUF_CLE;CLE;16;2025;0;0;00-0038428;2;0;2;0;0;1;0;1;0;0;0;0;0;0;0;0;2;0;0;1,0;2;0;0;2;3;4;0;9
2025_16_LAC_DAL;DAL;16;2025;0;0;00-0037692;1;0;1;0;0;0;1;0;0;0;0;0;0;0;0;0;2;0;0;1,0;2;0;0;2;3;0;0;5
2025_16_JAX_DEN;DEN;16;2025;0;0;00-0032569;2;1;3;0;0;1;0;0;1;0;0;0;0;1;0;0;2;0;0;1,0;2;0;0;2;3;0;5;10
2025_16_PIT_DET;DET;16;2025;0;0;00-0039172;1;0;1;0;0;0;1;0;0;0;0;0;0;0;0;0;3;0;0;1,0;3;0;0;3;3;0;0;6
2025_16_GB_CHI;GB;16;2025;0;0;00-0029822;3;0;3;0;0;3;0;0;0;0;0;0;0;0;0;0;1;0;0;1,0;1;0;0;1;9;0;0;10
2025_16_LV_HOU;HOU;16;2025;0;0;00-0032726;3;0;3;0;0;0;0;1;2;0;0;0;0;0;0;0;2;0;0;1,0;2;0;0;2;0;4;10;16
2025_16_SF_IND;IND;16;2025;0;0;00-0038905;2;0;2;0;0;0;1;0;1;0;0;0;0;0;0;0;3;0;0;1,0;3;0;0;3;3;0;5;11
2025_16_JAX_DEN;JAX;16;2025;0;0;00-0039409;2;0;2;0;0;1;0;1;0;0;0;0;0;0;0;0;4;0;0;1,0;4;0;0;4;3;4;0;11
2025_16_LA_SEA;LA;16;2025;0;0;00-0039498;3;1;4;0;0;2;0;1;0;0;0;0;0;1;0;0;4;0;0;1,0;4;0;0;4;6;4;0;14
2025_16_LAC_DAL;LAC;16;2025;0;0;00-0037224;2;0;2;0;0;1;1;0;0;0;0;0;0;0;0;0;4;0;0;1,0;4;0;0;4;6;0;0;10
2025_16_LV_HOU;LV;16;2025;0;0;00-0034161;0;0;0;0;0;0;0;0;0;0;0;0;0;0;0;0;3;0;0;1,0;3;0;0;3;0;0;0;3
2025_16_CIN_MIA;MIA;16;2025;0;0;00-0036816;0;0;0;0;0;0;0;0;0;0;0;0;0;0;0;0;3;0;0;1,0;3;0;0;3;0;0;0;3
2025_16_MIN_NYG;MIN;16;2025;0;0;00-0039404;3;0;3;0;0;0;2;1;0;0;0;0;0;0;0;0;1;0;0;1,0;1;0;0;1;6;4;0;11
2025_16_NE_BAL;NE;16;2025;1;0;00-0040200;2;0;2;0;0;0;0;2;0;0;0;0;0;0;0;0;2;0;0;1,0;2;0;0;2;0;8;0;10
2025_16_NYJ_NO;NO;16;2025;0;0;00-0039229;5;1;6;0;0;0;3;1;1;0;0;0;0;0;0;1;2;0;0;1,0;2;0;0;2;9;4;5;20
2025_16_MIN_NYG;NYG;16;2025;0;0;00-0040530;2;0;2;0;0;1;1;0;0;0;0;0;0;0;0;0;1;0;0;1,0;1;0;0;1;6;0;0;7
2025_16_PHI_WAS;PHI;16;2025;0;1;00-0033787;0;2;2;0;0;0;0;0;0;0;0;0;0;1;1;0;3;0;0;1,0;3;0;0;3;0;0;0;3
2025_16_PIT_DET;PIT;16;2025;0;0;00-0031136;2;1;3;0;0;1;0;0;1;0;0;0;1;0;0;0;3;0;0;1,0;3;0;0;3;3;0;5;11
2025_16_LA_SEA;SEA;16;2025;2;1;00-0031492;0;0;0;0;0;0;0;0;0;0;0;0;0;0;0;0;2;0;0;1,0;2;0;0;2;0;0;0;2
2025_16_SF_IND;SF;16;2025;0;0;00-0034173;2;1;3;0;0;1;1;0;0;0;0;0;0;0;0;1;6;0;0;1,0;6;0;0;6;6;0;0;12
2025_16_TB_CAR;TB;16;2025;0;0;00-0035358;2;0;2;0;0;1;0;0;1;0;0;0;0;0;0;0;2;0;0;1,0;2;0;0;2;3;0;5;10
2025_16_KC_TEN;TEN;16;2025;0;0;00-0035192;1;0;1;0;0;1;0;0;0;0;0;0;0;0;0;0;3;0;0;1,0;3;0;0;3;3;0;0;6
2025_16_PHI_WAS;WAS;16;2025;0;1;00-0038562;1;0;1;0;0;1;0;0;0;0;0;0;0;0;0;0;1;0;0;1,0;1;0;0;1;3;0;0;4
2025_17_ARI_CIN;ARI;17;2025;0;0;00-0038567;0;0;0;0;0;0;0;0;0;0;0;0;0;0;0;0;2;0;0;1,0;2;0;0;2;0;0;0;2
2025_17_LA_ATL;ATL;17;2025;0;0;00-0033862;2;0;3;1;0;0;0;0;2;0;0;0;0;0;0;0;3;0;0;1,0;3;0;0;3;0;0;10;13
2025_17_BAL_GB;BAL;17;2025;0;0;00-0040074;2;0;2;0;0;1;1;0;0;0;0;0;0;0;0;0;5;0;0;1,0;5;0;0;5;6;0;0;11
2025_17_PHI_BUF;BUF;17;2025;0;0;00-0034084;0;0;0;0;0;0;0;0;0;0;0;0;0;0;0;0;1;0;1;0,0;0;0;0;0;0;0;0;0
2025_17_SEA_CAR;CAR;17;2025;0;0;00-0040279;1;0;1;0;0;0;1;0;0;0;0;0;0;0;0;0;1;0;0;1,0;1;0;0;1;3;0;0;4
2025_17_CHI_SF;CHI;17;2025;0;0;00-0031203;1;0;1;0;0;1;0;0;0;0;0;0;0;0;0;0;5;0;0;1,0;5;0;0;5;3;0;0;8
2025_17_ARI_CIN;CIN;17;2025;0;0;00-0036854;1;0;1;0;0;0;0;0;1;0;0;0;0;0;0;0;5;1;0;0,8;4;0;0;4;0;0;5;9
2025_17_PIT_CLE;CLE;17;2025;0;0;00-0038428;2;0;2;0;0;0;1;0;1;0;0;0;0;0;0;0;1;0;0;1,0;1;0;0;1;3;0;5;9
2025_17_DAL_WAS;DAL;17;2025;0;0;00-0037692;3;1;4;0;0;0;0;1;2;0;0;0;0;0;1;0;3;0;0;1,0;3;0;0;3;0;4;10;17
2025_17_DEN_KC;DEN;17;2025;0;0;00-0032569;2;0;2;0;0;1;1;0;0;0;0;0;0;0;0;0;2;0;0;1,0;2;0;0;2;6;0;0;8
2025_17_DET_MIN;DET;17;2025;0;0;00-0039172;1;0;1;0;0;0;0;1;0;0;0;0;0;0;0;0;1;0;0;1,0;1;0;0;1;0;4;0;5
2025_17_BAL_GB;GB;17;2025;0;0;00-0029822;1;0;1;0;0;1;0;0;0;0;0;0;0;0;0;0;3;0;0;1,0;3;0;0;3;3;0;0;6
2025_17_HOU_LAC;HOU;17;2025;0;0;00-0032726;2;0;2;0;0;0;0;2;0;0;0;0;0;0;0;0;2;0;0;1,0;2;0;0;2;0;8;0;10
2025_17_JAX_IND;IND;17;2025;0;0;00-0038905;1;0;1;0;0;0;1;0;0;0;0;0;0;0;0;0;2;0;0;1,0;2;0;0;2;3;0;0;5
2025_17_JAX_IND;JAX;17;2025;0;0;00-0039409;3;0;3;0;0;0;1;1;1;0;0;0;0;0;0;0;2;0;0;1,0;2;0;0;2;3;4;5;14
2025_17_DEN_KC;KC;17;2025;0;0;00-0033303;2;0;2;0;0;0;0;1;1;0;0;0;0;0;0;0;1;0;0;1,0;1;0;0;1;0;4;5;10
2025_17_LA_ATL;LA;17;2025;0;0;00-0039498;1;0;1;0;0;0;1;0;0;0;0;0;0;0;0;0;3;0;0;1,0;3;0;0;3;3;0;0;6
2025_17_HOU_LAC;LAC;17;2025;0;0;00-0037224;1;1;2;0;0;1;0;0;0;0;0;0;1;0;0;0;2;1;0;0,5;1;0;0;1;3;0;0;4
2025_17_NYG_LV;LV;17;2025;0;0;00-0034161;1;0;1;0;0;0;0;1;0;0;0;0;0;0;0;0;1;0;0;1,0;1;0;0;1;0;4;0;5
2025_17_TB_MIA;MIA;17;2025;0;0;00-0036816;2;0;2;0;0;1;1;0;0;0;0;0;0;0;0;0;2;0;0;1,0;2;0;0;2;6;0;0;8
2025_17_DET_MIN;MIN;17;2025;0;0;00-0039404;3;0;3;0;0;0;0;1;2;0;0;0;0;0;0;0;2;0;0;1,0;2;0;0;2;0;4;10;16
2025_17_NE_NYJ;NE;17;2025;0;0;00-0040200;0;1;1;0;0;0;0;0;0;0;0;0;0;1;0;0;6;0;0;1,0;6;0;0;6;0;0;0;6
2025_17_NO_TEN;NO;17;2025;0;0;00-0039229;2;1;3;0;0;0;0;0;2;0;0;0;0;1;0;0;4;0;0;1,0;4;0;0;4;0;0;10;14
2025_17_NYG_LV;NYG;17;2025;0;0;00-0040530;2;0;2;0;0;1;1;0;0;0;0;0;0;0;0;0;4;0;0;1,0;4;0;0;4;6;0;0;10
2025_17_NE_NYJ;NYJ;17;2025;0;0;00-0025565;1;0;1;0;0;0;1;0;0;0;0;0;0;0;0;0;1;0;0;1,0;1;0;0;1;3;0;0;4
2025_17_PHI_BUF;PHI;17;2025;0;0;00-0033787;2;0;2;0;0;1;0;1;0;0;0;0;0;0;0;0;1;0;0;1,0;1;0;0;1;3;4;0;8
2025_17_SEA_CAR;SEA;17;2025;0;0;00-0031492;2;0;2;0;0;0;1;1;0;0;0;0;0;0;0;0;3;0;0;1,0;3;0;0;3;3;4;0;10
2025_17_CHI_SF;SF;17;2025;0;0;00-0034173;0;0;0;0;0;0;0;0;0;0;0;0;0;0;0;0;6;0;0;1,0;6;0;0;6;0;0;0;6
2025_17_TB_MIA;TB;17;2025;0;0;00-0035358;1;0;2;1;0;0;1;0;0;0;0;0;0;0;0;0;2;0;0;1,0;2;0;0;2;3;0;0;5
2025_17_NO_TEN;TEN;17;2025;0;0;00-0035192;4;0;4;0;0;1;1;0;2;0;0;0;0;0;0;0;2;0;0;1,0;2;0;0;2;6;0;10;18
2025_17_DAL_WAS;WAS;17;2025;0;0;00-0038562;3;0;3;0;0;2;0;0;1;0;0;0;0;0;0;0;2;0;0;1,0;2;0;0;2;6;0;5;13
2025_18_ARI_LA;ARI;18;2025;0;0;00-0038567;2;0;2;0;0;0;0;1;1;0;0;0;0;0;0;0;2;0;0;1,0;2;0;0;2;0;4;5;11
2025_18_NO_ATL;ATL;18;2025;0;0;00-0033862;4;0;4;0;0;0;2;1;1;0;0;0;0;0;0;0;1;0;0;1,0;1;0;0;1;6;4;5;16
2025_18_BAL_PIT;BAL;18;2025;0;0;00-0040074;1;1;2;0;0;0;0;1;0;0;0;0;0;1;0;0;3;0;0;1,0;3;0;1;3;0;4;0;7
2025_18_NYJ_BUF;BUF;18;2025;1;0;00-0023853;0;0;0;0;0;0;0;0;0;0;0;0;0;0;0;0;3;0;0;1,0;3;0;0;3;0;0;0;3
2025_18_CAR_TB;CAR;18;2025;0;0;00-0040279;0;1;1;0;0;0;0;0;0;0;0;0;0;0;1;0;2;0;0;1,0;2;0;0;2;0;0;0;2
2025_18_CLE_CIN;CIN;18;2025;0;0;00-0036854;0;0;0;0;0;0;0;0;0;0;0;0;0;0;0;0;2;1;1;0,0;0;0;0;0;0;0;0;0
2025_18_CLE_CIN;CLE;18;2025;0;0;00-0038428;2;0;2;0;0;1;0;1;0;0;0;0;0;0;0;0;2;0;0;1,0;2;1;1;2;3;4;0;9
2025_18_DAL_NYG;DAL;18;2025;0;0;00-0037692;1;1;2;0;0;1;0;0;0;0;0;0;0;0;1;0;2;0;0;1,0;2;0;0;2;3;0;0;5
2025_18_LAC_DEN;DEN;18;2025;0;0;00-0032569;4;0;4;0;0;3;0;1;0;0;0;0;0;0;0;0;1;0;0;1,0;1;0;0;1;9;4;0;14
2025_18_DET_CHI;DET;18;2025;0;0;00-0039172;4;1;5;0;0;1;2;1;0;0;0;0;0;0;1;0;1;0;0;1,0;1;1;1;1;9;4;0;14
2025_18_IND_HOU;HOU;18;2025;0;0;00-0032726;6;0;6;0;0;1;0;4;1;0;0;0;0;0;0;0;2;0;0;1,0;2;0;0;2;3;16;5;26
2025_18_IND_HOU;IND;18;2025;0;0;00-0038905;3;0;3;0;0;1;1;0;1;0;0;0;0;0;0;0;3;0;0;1,0;3;0;0;3;6;0;5;14
2025_18_TEN_JAX;JAX;18;2025;0;0;00-0039409;2;0;2;0;0;0;0;0;1;1;0;0;0;0;0;0;5;0;0;1,0;5;0;0;5;0;0;10;15
2025_18_ARI_LA;LA;18;2025;0;0;00-0039498;3;0;3;0;0;0;1;2;0;0;0;0;0;0;0;0;4;0;0;1,0;4;0;0;4;3;8;0;15
2025_18_MIA_NE;MIA;18;2025;0;0;00-0036816;1;0;1;0;0;0;0;0;1;0;0;0;0;0;0;0;1;0;0;1,0;1;0;0;1;0;0;5;6
2025_18_GB_MIN;MIN;18;2025;0;0;00-0039404;3;0;3;0;0;1;1;1;0;0;0;0;0;0;0;0;1;0;0;1,0;1;0;0;1;6;4;0;11
2025_18_MIA_NE;NE;18;2025;0;0;00-0040200;1;0;2;1;0;0;0;0;1;0;0;0;0;0;0;0;5;0;0;1,0;5;0;0;5;0;0;5;10
2025_18_NO_ATL;NO;18;2025;0;0;00-0039229;1;1;2;0;0;1;0;0;0;0;0;0;0;0;1;0;2;0;0;1,0;2;0;0;2;3;0;0;5
2025_18_DAL_NYG;NYG;18;2025;1;0;00-0040530;4;0;4;0;0;1;2;1;0;0;0;0;0;0;0;0;2;0;0;1,0;2;0;0;2;9;4;0;15
2025_18_WAS_PHI;PHI;18;2025;0;0;00-0033787;1;0;1;0;0;0;1;0;0;0;0;0;0;0;0;0;2;0;0;1,0;2;0;0;2;3;0;0;5
2025_18_BAL_PIT;PIT;18;2025;0;0;00-0031136;2;0;2;0;0;1;0;0;1;0;0;0;0;0;0;0;3;0;1;0,6666666666666666;2;0;0;2;3;0;5;10
2025_18_SEA_SF;SEA;18;2025;0;0;00-0031492;2;2;4;0;0;0;1;1;0;0;0;1;0;1;0;0;1;0;0;1,0;1;0;0;1;3;4;0;8
2025_18_CAR_TB;TB;18;2025;0;0;00-0035358;3;0;4;1;0;1;1;1;0;0;0;0;0;0;0;0;1;0;0;1,0;1;0;0;1;6;4;0;11
2025_18_TEN_JAX;TEN;18;2025;0;0;00-0035192;0;1;1;0;0;0;0;0;0;0;0;0;0;0;1;0;1;0;0;1,0;1;0;0;1;0;0;0;1
2025_18_WAS_PHI;WAS;18;2025;0;0;00-0038562;1;1;2;0;0;0;0;0;1;0;0;1;0;0;0;0;3;0;0;1,0;3;0;0;3;0;0;5;8
2025_19_BUF_JAX;BUF;19;2025;0;0;00-0023853;2;0;2;0;0;0;0;1;1;0;0;0;0;0;0;0;3;0;0;1,0;3;0;0;3;0;4;5;12
2025_19_LA_CAR;CAR;19;2025;0;0;00-0040279;1;0;1;0;0;0;0;1;0;0;0;0;0;0;0;0;4;0;0;1,0;4;0;0;4;0;4;0;8
2025_19_GB_CHI;CHI;19;2025;1;0;00-0031203;3;0;3;0;0;1;1;0;1;0;0;0;0;0;0;0;2;0;0;1,0;2;0;0;2;6;0;5;13
2025_19_GB_CHI;GB;19;2025;0;0;00-0029822;0;2;2;0;0;0;0;0;0;0;0;0;0;1;1;0;4;1;0;0,75;3;0;0;3;0;0;0;3
2025_19_HOU_PIT;HOU;19;2025;0;0;00-0032726;1;0;1;0;0;0;0;0;1;0;0;0;0;0;0;0;4;1;0;0,75;3;0;0;3;0;0;5;8
2025_19_BUF_JAX;JAX;19;2025;0;0;00-0039409;1;1;2;0;0;0;0;1;0;0;0;0;0;0;1;0;3;0;0;1,0;3;0;0;3;0;4;0;7
2025_19_LA_CAR;LA;19;2025;0;0;00-0039498;2;0;2;0;0;0;0;2;0;0;0;0;0;0;0;0;4;0;0;1,0;4;0;0;4;0;8;0;12
2025_19_LAC_NE;NE;19;2025;0;0;00-0040200;3;0;3;0;0;1;2;0;0;0;0;0;0;0;0;0;1;0;0;1,0;1;0;0;1;9;0;0;10
2025_19_SF_PHI;PHI;19;2025;0;0;00-0033787;2;0;2;0;0;0;1;1;0;0;0;0;0;0;0;0;2;1;0;0,5;1;0;0;1;3;4;0;8
2025_19_SF_PHI;SF;19;2025;0;0;00-0034173;1;0;1;0;0;0;1;0;0;0;0;0;0;0;0;0;3;1;0;0,6666666666666666;2;0;0;2;3;0;0;5
2025_20_BUF_DEN;BUF;20;2025;0;0;00-0023853;3;0;3;0;0;0;2;0;1;0;0;0;0;0;0;0;3;0;0;1,0;3;0;0;3;6;0;5;14
2025_20_LA_CHI;CHI;20;2025;0;0;00-0031203;1;0;1;0;0;0;0;1;0;0;0;0;0;0;0;0;2;0;0;1,0;2;0;0;2;0;4;0;6
2025_20_BUF_DEN;DEN;20;2025;0;0;00-0032569;4;0;4;0;0;2;1;0;1;0;0;0;0;0;0;0;3;0;0;1,0;3;1;1;3;9;0;5;17
2025_20_HOU_NE;HOU;20;2025;0;0;00-0032726;3;0;3;0;0;2;0;0;1;0;0;0;0;0;0;0;1;0;0;1,0;1;0;0;1;6;0;5;12
2025_20_LA_CHI;LA;20;2025;0;0;00-0039498;2;0;2;0;0;0;1;1;0;0;0;0;0;0;0;0;2;0;0;1,0;2;1;1;2;3;4;0;9
2025_20_HOU_NE;NE;20;2025;0;0;00-0040200;0;0;0;0;0;0;0;0;0;0;0;0;0;0;0;0;4;0;0;1,0;4;0;0;4;0;0;0;4
2025_20_SF_SEA;SEA;20;2025;0;0;00-0031492;2;0;2;0;0;1;1;0;0;0;0;0;0;0;0;0;5;0;0;1,0;5;0;0;5;6;0;0;11
2025_21_NE_DEN;DEN;21;2025;0;0;00-0032569;0;1;2;1;0;0;0;0;0;0;0;0;0;0;1;0;1;0;0;1,0;1;0;0;1;0;0;0;1
2025_21_LA_SEA;LA;21;2025;0;0;00-0039498;2;0;2;0;0;0;0;1;1;0;0;0;0;0;0;0;3;0;0;1,0;3;0;0;3;0;4;5;12
2025_21_NE_DEN;NE;21;2025;0;0;00-0040200;1;2;3;0;0;1;0;0;0;0;0;0;0;1;0;1;1;0;0;1,0;1;0;0;1;3;0;0;4
2025_21_LA_SEA;SEA;21;2025;0;0;00-0031492;1;0;1;0;0;1;0;0;0;0;0;0;0;0;0;0;4;0;0;1,0;4;0;0;4;3;0;0;7
2025_22_SEA_NE;NE;22;2025;0;0;00-0040200;0;0;0;0;0;0;0;0;0;0;0;0;0;0;0;0;1;0;0;1,0;1;0;0;1;0;0;0;1
2025_22_SEA_NE;SEA;22;2025;0;0;00-0031492;5;0;5;0;0;1;2;2;0;0;0;0;0;0;0;0;2;0;0;1,0;2;0;0;2;9;8;0;19
2026_01_ARI_LAC;ARI;1;2026;0;0;00-0038567;4;1;5;0;0;1;1;2;0;0;0;0;0;0;1;0;2;0;0;1,0;2;0;0;2;6;8;0;16
2026_01_ATL_PIT;ATL;1;2026;0;0;00-0025565;2;2;4;0;0;0;0;1;1;0;0;0;0;1;1;0;1;0;0;1,0;1;0;0;1;0;4;5;10
2026_01_BAL_IND;BAL;1;2026;0;0;00-0040074;2;0;2;0;0;0;0;1;1;0;0;0;0;0;0;0;5;0;0;1,0;5;0;0;5;0;4;5;14
2026_01_BUF_HOU;BUF;1;2026;0;0;00-0036162;3;0;3;0;0;0;2;1;0;0;0;0;0;0;0;0;3;0;0;1,0;3;0;0;3;6;4;0;13
2026_01_CHI_CAR;CAR;1;2026;0;0;00-0040279;1;0;1;0;0;0;0;1;0;0;0;0;0;0;0;0;5;0;1;0,8;4;0;0;4;0;4;0;8
2026_01_CHI_CAR;CHI;1;2026;0;0;00-0031203;1;0;1;0;0;0;0;1;0;0;0;0;0;0;0;0;8;0;0;1,0;8;0;0;8;0;4;0;12
2026_01_TB_CIN;CIN;1;2026;0;0;00-0036854;4;0;4;0;0;1;1;0;2;0;0;0;0;0;0;0;3;0;0;1,0;3;0;0;3;6;0;10;19
2026_01_CLE_JAX;CLE;1;2026;0;0;00-0038428;1;0;1;0;0;1;0;0;0;0;0;0;0;0;0;0;1;0;0;1,0;1;0;0;1;3;0;0;4
2026_01_DAL_NYG;DAL;1;2026;0;0;00-0037692;0;0;0;0;0;0;0;0;0;0;0;0;0;0;0;0;3;1;0;0,6666666666666666;2;0;0;2;0;0;0;2
2026_01_DEN_KC;DEN;1;2026;0;0;00-0032569;1;0;1;0;0;0;1;0;0;0;0;0;0;0;0;0;1;0;0;1,0;1;0;0;1;3;0;0;4
2026_01_NO_DET;DET;1;2026;0;0;00-0039172;1;0;1;0;0;1;0;0;0;0;0;0;0;0;0;0;4;0;0;1,0;4;0;0;4;3;0;0;7
2026_01_GB_MIN;GB;1;2026;0;0;00-0040899;3;0;3;0;0;1;0;1;1;0;0;0;0;0;0;0;2;1;0;0,5;1;0;0;1;3;4;5;13
2026_01_BUF_HOU;HOU;1;2026;0;0;00-0032726;1;0;1;0;0;0;0;0;1;0;0;0;0;0;0;0;4;0;0;1,0;4;0;0;4;0;0;5;9
2026_01_BAL_IND;IND;1;2026;0;0;00-0039576;1;0;1;0;0;0;0;0;1;0;0;0;0;0;0;0;3;1;0;0,6666666666666666;2;0;0;2;0;0;5;7
2026_01_CLE_JAX;JAX;1;2026;0;0;00-0039409;2;0;2;0;0;0;0;2;0;0;0;0;0;0;0;0;4;0;0;1,0;4;0;0;4;0;8;0;12
2026_01_DEN_KC;KC;1;2026;0;0;00-0033303;1;0;1;0;0;1;0;0;0;0;0;0;0;0;0;0;4;0;0;1,0;4;0;0;4;3;0;0;7
2026_01_SF_LA;LA;1;2026;0;0;00-0039498;0;0;0;0;0;0;0;0;0;0;0;0;0;0;0;0;1;0;0;1,0;1;0;0;1;0;0;0;1
2026_01_ARI_LAC;LAC;1;2026;0;0;00-0037224;0;0;0;0;0;0;0;0;0;0;0;0;0;0;0;0;2;0;0;1,0;2;0;0;2;0;0;0;2
2026_01_MIA_LV;LV;1;2026;0;0;00-0035269;2;0;2;0;0;0;1;1;0;0;0;0;0;0;0;0;3;0;0;1,0;3;0;0;3;3;4;0;10
2026_01_MIA_LV;MIA;1;2026;0;0;00-0036816;2;1;3;0;0;0;1;1;0;0;0;0;0;1;0;0;1;0;0;1,0;1;0;0;1;3;4;0;8
2026_01_GB_MIN;MIN;1;2026;1;0;00-0039404;1;0;1;0;0;0;1;0;0;0;0;0;0;0;0;0;4;0;0;1,0;4;0;0;4;3;0;0;7
2026_01_NE_SEA;NE;1;2026;0;0;00-0040200;1;0;1;0;0;0;0;0;1;0;0;0;0;0;0;0;1;0;0;1,0;1;0;0;1;0;0;5;6
2026_01_NO_DET;NO;1;2026;0;0;00-0034161;1;1;2;0;0;1;0;0;0;0;0;0;0;0;0;1;3;0;0;1,0;3;0;0;3;3;0;0;6
2026_01_DAL_NYG;NYG;1;2026;0;0;00-0041145;0;0;0;0;0;0;0;0;0;0;0;0;0;0;0;0;4;0;0;1,0;4;0;0;4;0;0;0;4
2026_01_NYJ_TEN;NYJ;1;2026;0;0;00-0034794;3;1;4;0;0;0;1;0;2;0;0;0;0;0;1;0;2;0;0;1,0;2;0;0;2;3;0;10;15
2026_01_WAS_PHI;PHI;1;2026;0;0;00-0033787;1;0;1;0;0;0;1;0;0;0;0;0;0;0;0;0;3;0;0;1,0;3;0;0;3;3;0;0;6
2026_01_ATL_PIT;PIT;1;2026;0;0;00-0031136;2;1;3;0;0;1;0;1;0;0;0;0;0;0;1;0;2;0;0;1,0;2;0;0;2;3;4;0;9
2026_01_NE_SEA;SEA;1;2026;0;0;00-0031492;2;0;2;0;0;1;1;0;0;0;0;0;0;0;0;0;1;0;0;1,0;1;0;0;1;6;0;0;7
2026_01_SF_LA;SF;1;2026;0;0;00-0034173;2;1;3;0;0;1;0;0;1;0;0;0;0;0;1;0;3;0;0;1,0;3;0;0;3;3;0;5;11
2026_01_TB_CIN;TB;1;2026;0;0;00-0035358;2;0;2;0;0;0;1;0;1;0;0;0;0;0;0;0;3;0;0;1,0;3;0;0;3;3;0;5;11
2026_01_NYJ_TEN;TEN;1;2026;0;0;00-0035192;1;0;1;0;0;0;0;1;0;0;0;0;0;0;0;0;1;0;0;1,0;1;0;0;1;0;4;0;5
2026_01_WAS_PHI;WAS;1;2026;0;0;00-0041182;1;1;2;0;0;0;0;0;1;0;0;0;0;0;1;0;2;0;1;0,5;1;0;0;1;0;0;5;6
2026_02_SEA_ARI;ARI;2;2026;0;0;00-0038567;0;0;0;0;0;0;0;0;0;0;0;0;0;0;0;0;1;0;0;1,0;1;0;0;1;0;0;0;1
2026_02_NO_BAL;BAL;2;2026;0;0;00-0040074;1;0;2;1;0;0;0;1;0;0;0;0;0;0;0;0;2;0;0;1,0;2;0;0;2;0;4;0;6
2026_02_DET_BUF;BUF;2;2026;0;0;00-0036162;0;0;0;0;0;0;0;0;0;0;0;0;0;0;0;0;6;1;0;0,8333333333333334;5;0;0;5;0;0;0;5
2026_02_CAR_ATL;CAR;2;2026;0;0;00-0040279;2;0;2;0;0;1;1;0;0;0;0;0;0;0;0;0;4;0;0;1,0;4;0;0;4;6;0;0;10
2026_02_CIN_HOU;CIN;2;2026;0;0;00-0036854;2;0;2;0;0;0;0;0;2;0;0;0;0;0;0;0;2;0;0;1,0;2;0;0;2;0;0;10;12
2026_02_CLE_TB;CLE;2;2026;0;0;00-0038428;3;0;3;0;0;0;2;0;1;0;0;0;0;0;0;0;2;0;0;1,0;2;0;0;2;6;0;5;13
2026_02_WAS_DAL;DAL;2;2026;0;0;00-0037692;3;0;3;0;0;1;0;1;0;1;0;0;0;0;0;0;4;0;0;1,0;4;0;0;4;3;4;5;16
2026_02_JAX_DEN;DEN;2;2026;0;0;00-0032569;2;0;2;0;0;1;0;1;0;0;0;0;0;0;0;0;2;0;0;1,0;2;0;0;2;3;4;0;9
2026_02_DET_BUF;DET;2;2026;0;0;00-0039172;1;0;1;0;0;0;1;0;0;0;0;0;0;0;0;0;4;0;0;1,0;4;0;0;4;3;0;0;7
2026_02_GB_NYJ;GB;2;2026;0;0;00-0040899;2;0;2;0;0;1;1;0;0;0;0;0;0;0;0;0;2;0;0;1,0;2;1;1;2;6;0;0;8
2026_02_IND_KC;IND;2;2026;0;0;00-0039576;3;0;3;0;0;0;1;2;0;0;0;0;0;0;0;0;3;0;0;1,0;3;0;0;3;3;8;0;14
2026_02_JAX_DEN;JAX;2;2026;0;0;00-0039409;2;1;3;0;0;1;0;1;0;0;0;0;0;0;1;0;1;0;0;1,0;1;0;0;1;3;4;0;8
2026_02_IND_KC;KC;2;2026;0;0;00-0033303;4;1;5;0;0;1;1;2;0;0;0;0;0;0;1;0;3;0;0;1,0;3;1;1;3;6;8;0;17
2026_02_NYG_LA;LA;2;2026;0;0;00-0039498;0;1;1;0;0;0;0;0;0;0;0;0;0;1;0;0;4;0;0;1,0;4;0;0;4;0;0;0;4
2026_02_LV_LAC;LAC;2;2026;0;0;00-0037224;0;1;1;0;0;0;0;0;0;0;0;0;0;0;1;0;2;0;0;1,0;2;0;0;2;0;0;0;2
2026_02_LV_LAC;LV;2;2026;0;0;00-0035269;1;0;1;0;0;0;0;0;1;0;0;0;0;0;0;0;3;0;0;1,0;3;0;0;3;0;0;5;8
2026_02_MIA_SF;MIA;2;2026;0;0;00-0036816;2;1;3;0;0;2;0;0;0;0;0;0;0;0;1;0;1;0;0;1,0;1;0;0;1;6;0;0;7
2026_02_PIT_NE;NE;2;2026;0;0;00-0040200;2;1;3;0;0;0;1;1;0;0;0;0;0;1;0;0;2;0;0;1,0;2;0;0;2;3;4;0;9
2026_02_NO_BAL;NO;2;2026;0;1;00-0034161;3;0;3;0;0;1;0;1;1;0;0;0;0;0;0;0;1;0;0;1,0;1;0;0;1;3;4;5;13
2026_02_GB_NYJ;NYJ;2;2026;0;0;00-0034794;1;0;1;0;0;0;1;0;0;0;0;0;0;0;0;0;2;0;0;1,0;2;0;0;2;3;0;0;5
2026_02_PHI_TEN;PHI;2;2026;0;0;00-0033787;1;0;1;0;0;0;0;0;1;0;0;0;0;0;0;0;3;0;0;1,0;3;0;0;3;0;0;5;8
2026_02_SEA_ARI;SEA;2;2026;0;0;00-0031492;1;0;1;0;0;0;1;0;0;0;0;0;0;0;0;0;4;0;0;1,0;4;0;0;4;3;0;0;7
2026_02_MIA_SF;SF;2;2026;0;0;00-0034173;0;0;0;0;0;0;0;0;0;0;0;0;0;0;0;0;5;0;0;1,0;5;0;0;5;0;0;0;5
2026_02_CLE_TB;TB;2;2026;0;0;00-0035358;4;0;4;0;0;0;2;1;1;0;0;0;0;0;0;0;1;0;0;1,0;1;0;0;1;6;4;5;16
2026_02_PHI_TEN;TEN;2;2026;0;0;00-0035192;2;0;2;0;0;0;2;0;0;0;0;0;0;0;0;0;2;0;0;1,0;2;0;0;2;6;0;0;8
2026_02_WAS_DAL;WAS;2;2026;0;0;00-0041182;2;1;3;0;0;1;0;1;0;0;0;0;0;0;1;0;2;0;0;1,0;2;0;0;2;3;4;0;9
2026_03_ARI_SF;ARI;3;2026;0;0;00-0038567;3;0;3;0;0;1;0;2;0;0;0;0;0;0;0;0;3;0;0;1,0;3;0;0;3;3;8;0;14
2026_03_ATL_GB;ATL;3;2026;1;0;00-0025565;2;0;2;0;0;0;1;1;0;0;0;0;0;0;0;0;3;0;0;1,0;3;0;0;3;3;4;0;10
2026_03_BAL_DAL;BAL;3;2026;0;0;00-0040074;2;0;2;0;0;1;0;0;1;0;0;0;0;0;0;0;4;0;0;1,0;4;1;1;4;3;0;5;12
2026_03_LAC_BUF;BUF;3;2026;0;0;00-0036162;1;0;1;0;0;1;0;0;0;0;0;0;0;0;0;0;3;0;0;1,0;3;0;0;3;3;0;0;6
2026_03_PHI_CHI;CHI;3;2026;0;0;00-0031203;2;0;2;0;0;1;0;1;0;0;0;0;0;0;0;0;3;0;0;1,0;3;0;0;3;3;4;0;10
2026_03_CIN_PIT;CIN;3;2026;0;0;00-0036854;2;0;2;0;0;0;1;0;1;0;0;0;0;0;0;0;3;0;0;1,0;3;0;0;3;3;0;5;11
2026_03_CAR_CLE;CLE;3;2026;1;0;00-0038428;2;0;2;0;0;0;0;2;0;0;0;0;0;0;0;0;1;0;0;1,0;1;0;0;1;0;8;0;9
2026_03_BAL_DAL;DAL;3;2026;1;0;00-0037692;3;0;4;1;0;2;1;0;0;0;0;0;0;0;0;0;2;0;0;1,0;2;0;0;2;9;0;0;11
2026_03_LA_DEN;DEN;3;2026;2;0;00-0032569;0;1;1;0;0;0;0;0;0;0;0;0;0;1;0;0;2;0;0;1,0;2;0;0;2;0;0;0;2
2026_03_NYJ_DET;DET;3;2026;0;0;00-0039172;1;0;1;0;0;0;1;0;0;0;0;0;0;0;0;0;4;0;0;1,0;4;0;0;4;3;0;0;7
2026_03_ATL_GB;GB;3;2026;0;0;00-0040899;0;0;1;1;0;0;0;0;0;0;0;0;0;0;0;0;2;0;0;1,0;2;0;0;2;0;0;0;2
2026_03_HOU_IND;HOU;3;2026;0;0;00-0032726;1;0;1;0;0;1;0;0;0;0;0;0;0;0;0;0;2;0;0;1,0;2;0;0;2;3;0;0;5
2026_03_HOU_IND;IND;3;2026;0;0;00-0039576;4;0;4;0;0;0;2;0;2;0;0;0;0;0;0;0;1;0;0;1,0;1;1;1;1;6;0;10;17
2026_03_NE_JAX;JAX;3;2026;0;0;00-0039409;0;1;1;0;0;0;0;0;0;0;0;0;0;0;0;1;5;0;0;1,0;5;0;0;5;0;0;0;5
2026_03_KC_MIA;KC;3;2026;0;0;00-0033303;1;1;2;0;0;0;1;0;0;0;0;0;0;0;1;0;3;0;0;1,0;3;0;0;3;3;0;0;6
2026_03_LA_DEN;LA;3;2026;0;0;00-0039498;4;0;4;0;0;0;2;2;0;0;0;0;0;0;0;0;2;0;0;1,0;2;0;0;2;6;8;0;16
2026_03_LAC_BUF;LAC;3;2026;0;0;00-0037224;3;1;4;0;0;1;2;0;0;0;0;0;0;1;0;0;1;0;0;1,0;1;0;0;1;9;0;0;10
2026_03_LV_NO;LV;3;2026;0;0;00-0035269;3;0;3;0;0;1;1;1;0;0;0;0;0;0;0;0;2;0;0;1,0;2;0;0;2;6;4;0;12
2026_03_KC_MIA;MIA;3;2026;0;0;00-0036816;1;0;1;0;0;0;1;0;0;0;0;0;0;0;0;0;1;0;0;1,0;1;0;0;1;3;0;0;4
2026_03_MIN_TB;MIN;3;2026;0;0;00-0039404;3;0;3;0;0;0;0;1;2;0;0;0;0;0;0;0;2;0;0;1,0;2;0;0;2;0;4;10;16
2026_03_LV_NO;NO;3;2026;0;0;00-0034161;0;0;0;0;0;0;0;0;0;0;0;0;0;0;0;0;4;0;1;0,75;3;0;0;3;0;0;0;3
2026_03_NYJ_DET;NYJ;3;2026;1;0;00-0034794;1;0;1;0;0;0;0;1;0;0;0;0;0;0;0;0;1;0;0;1,0;1;0;0;1;0;4;0;5
2026_03_PHI_CHI;PHI;3;2026;0;0;00-0033787;0;0;0;0;0;0;0;0;0;0;0;0;0;0;0;0;1;0;0;1,0;1;0;0;1;0;0;0;1
2026_03_CIN_PIT;PIT;3;2026;0;0;00-0031136;3;0;3;0;0;0;2;1;0;0;0;0;0;0;0;0;3;0;0;1,0;3;0;0;3;6;4;0;13
2026_03_SEA_WAS;SEA;3;2026;0;0;00-0031492;1;0;1;0;0;0;0;0;1;0;0;0;0;0;0;0;4;0;0;1,0;4;0;0;4;0;0;5;9
2026_03_ARI_SF;SF;3;2026;0;0;00-0034173;1;0;1;0;0;0;0;0;1;0;0;0;0;0;0;0;5;2;0;0,6;3;0;0;3;0;0;5;8
2026_03_MIN_TB;TB;3;2026;0;0;00-0035358;3;0;3;0;0;1;1;0;1;0;0;0;0;0;0;0;1;0;0;1,0;1;0;0;1;6;0;5;12
2026_03_TEN_NYG;TEN;3;2026;0;0;00-0035192;0;1;1;0;0;0;0;0;0;0;0;0;0;0;1;0;1;0;0;1,0;1;0;0;1;0;0;0;1
2026_03_SEA_WAS;WAS;3;2026;0;0;00-0041182;2;0;2;0;0;0;1;0;1;0;0;0;0;0;0;0;4;1;0;0,75;3;0;0;3;3;0;5;11
