game_id;season;week;team;opponent;team_score;opp_score;moneyline
2022_01_BAL_NYJ;2022;1;BAL;NYJ;24;9;-265
2022_01_BAL_NYJ;2022;1;NYJ;BAL;9;24;231
2022_01_BUF_LA;2022;1;BUF;LA;31;10;-117
2022_01_BUF_LA;2022;1;LA;BUF;10;31;106
2022_01_CLE_CAR;2022;1;CAR;CLE;24;26;-125
2022_01_CLE_CAR;2022;1;CLE;CAR;26;24;114
2022_01_DEN_SEA;2022;1;DEN;SEA;16;17;-253
2022_01_DEN_SEA;2022;1;SEA;DEN;17;16;221
2022_01_GB_MIN;2022;1;GB;MIN;7;23;113
2022_01_GB_MIN;2022;1;MIN;GB;23;7;-125
2022_01_IND_HOU;2022;1;HOU;IND;20;20;250
2022_01_IND_HOU;2022;1;IND;HOU;20;20;-290
2022_01_JAX_WAS;2022;1;JAX;WAS;22;28;143
2022_01_JAX_WAS;2022;1;WAS;JAX;28;22;-159
2022_01_KC_ARI;2022;1;ARI;KC;21;44;221
2022_01_KC_ARI;2022;1;KC;ARI;44;21;-252
2022_01_LV_LAC;2022;1;LAC;LV;24;19;-180
2022_01_LV_LAC;2022;1;LV;LAC;19;24;161
2022_01_NE_MIA;2022;1;MIA;NE;20;7;-155
2022_01_NE_MIA;2022;1;NE;MIA;7;20;140
2022_01_NO_ATL;2022;1;ATL;NO;26;27;201
2022_01_NO_ATL;2022;1;NO;ATL;27;26;-228
2022_01_NYG_TEN;2022;1;NYG;TEN;21;20;209
2022_01_NYG_TEN;2022;1;TEN;NYG;20;21;-239
2022_01_PHI_DET;2022;1;DET;PHI;35;38;211
2022_01_PHI_DET;2022;1;PHI;DET;38;35;-240
2022_01_PIT_CIN;2022;1;CIN;PIT;20;23;-308
2022_01_PIT_CIN;2022;1;PIT;CIN;23;20;264
2022_01_SF_CHI;2022;1;CHI;SF;19;10;217
2022_01_SF_CHI;2022;1;SF;CHI;10;19;-248
2022_01_TB_DAL;2022;1;DAL;TB;3;19;120
2022_01_TB_DAL;2022;1;TB;DAL;19;3;-133
2022_02_ARI_LV;2022;2;ARI;LV;29;23;197
2022_02_ARI_LV;2022;2;LV;ARI;23;29;-223
2022_02_ATL_LA;2022;2;ATL;LA;27;31;385
2022_02_ATL_LA;2022;2;LA;ATL;31;27;-473
2022_02_CAR_NYG;2022;2;CAR;NYG;16;19;-114
2022_02_CAR_NYG;2022;2;NYG;CAR;19;16;103
2022_02_CHI_GB;2022;2;CHI;GB;10;27;348
2022_02_CHI_GB;2022;2;GB;CHI;27;10;-420
2022_02_CIN_DAL;2022;2;CIN;DAL;17;20;-303
2022_02_CIN_DAL;2022;2;DAL;CIN;20;17;260
2022_02_HOU_DEN;2022;2;DEN;HOU;16;9;-481
2022_02_HOU_DEN;2022;2;HOU;DEN;9;16;391
2022_02_IND_JAX;2022;2;IND;JAX;0;24;-157
2022_02_IND_JAX;2022;2;JAX;IND;24;0;142
2022_02_LAC_KC;2022;2;KC;LAC;27;24;-188
2022_02_LAC_KC;2022;2;LAC;KC;24;27;167
2022_02_MIA_BAL;2022;2;BAL;MIA;38;42;-164
2022_02_MIA_BAL;2022;2;MIA;BAL;42;38;148
2022_02_MIN_PHI;2022;2;MIN;PHI;7;24;127
2022_02_MIN_PHI;2022;2;PHI;MIN;24;7;-141
2022_02_NE_PIT;2022;2;NE;PIT;17;14;-150
2022_02_NE_PIT;2022;2;PIT;NE;14;17;135
2022_02_NYJ_CLE;2022;2;CLE;NYJ;30;31;-235
2022_02_NYJ_CLE;2022;2;NYJ;CLE;31;30;207
2022_02_SEA_SF;2022;2;SEA;SF;7;27;318
2022_02_SEA_SF;2022;2;SF;SEA;27;7;-379
2022_02_TB_NO;2022;2;NO;TB;10;20;124
2022_02_TB_NO;2022;2;TB;NO;20;10;-138
2022_02_TEN_BUF;2022;2;BUF;TEN;41;7;-395
2022_02_TEN_BUF;2022;2;TEN;BUF;7;41;329
2022_02_WAS_DET;2022;2;DET;WAS;36;27;103
2022_02_WAS_DET;2022;2;WAS;DET;27;36;-114
2022_03_ATL_SEA;2022;3;ATL;SEA;27;23;-104
2022_03_ATL_SEA;2022;3;SEA;ATL;23;27;-106
2022_03_BAL_NE;2022;3;BAL;NE;37;26;-143
2022_03_BAL_NE;2022;3;NE;BAL;26;37;129
2022_03_BUF_MIA;2022;3;BUF;MIA;19;21;-196
2022_03_BUF_MIA;2022;3;MIA;BUF;21;19;175
2022_03_CIN_NYJ;2022;3;CIN;NYJ;27;12;-247
2022_03_CIN_NYJ;2022;3;NYJ;CIN;12;27;220
2022_03_DAL_NYG;2022;3;DAL;NYG;23;16;109
2022_03_DAL_NYG;2022;3;NYG;DAL;16;23;-120
2022_03_DET_MIN;2022;3;DET;MIN;24;28;232
2022_03_DET_MIN;2022;3;MIN;DET;28;24;-266
2022_03_GB_TB;2022;3;GB;TB;14;12;112
2022_03_GB_TB;2022;3;TB;GB;12;14;-123
2022_03_HOU_CHI;2022;3;CHI;HOU;23;20;-156
2022_03_HOU_CHI;2022;3;HOU;CHI;20;23;141
2022_03_JAX_LAC;2022;3;JAX;LAC;38;10;220
2022_03_JAX_LAC;2022;3;LAC;JAX;10;38;-252
2022_03_KC_IND;2022;3;IND;KC;20;17;177
2022_03_KC_IND;2022;3;KC;IND;17;20;-199
2022_03_LA_ARI;2022;3;ARI;LA;12;20;153
2022_03_LA_ARI;2022;3;LA;ARI;20;12;-171
2022_03_LV_TEN;2022;3;LV;TEN;22;24;-130
2022_03_LV_TEN;2022;3;TEN;LV;24;22;117
2022_03_NO_CAR;2022;3;CAR;NO;22;14;112
2022_03_NO_CAR;2022;3;NO;CAR;14;22;-123
2022_03_PHI_WAS;2022;3;PHI;WAS;24;8;-240
2022_03_PHI_WAS;2022;3;WAS;PHI;8;24;210
2022_03_PIT_CLE;2022;3;CLE;PIT;29;17;-206
2022_03_PIT_CLE;2022;3;PIT;CLE;17;29;183
2022_03_SF_DEN;2022;3;DEN;SF;11;10;-101
2022_03_SF_DEN;2022;3;SF;DEN;10;11;-110
2022_04_ARI_CAR;2022;4;ARI;CAR;26;16;102
2022_04_ARI_CAR;2022;4;CAR;ARI;16;26;-113
2022_04_BUF_BAL;2022;4;BAL;BUF;20;23;154
2022_04_BUF_BAL;2022;4;BUF;BAL;23;20;-172
2022_04_CHI_NYG;2022;4;CHI;NYG;12;20;130
2022_04_CHI_NYG;2022;4;NYG;CHI;20;12;-144
2022_04_CLE_ATL;2022;4;ATL;CLE;23;20;-103
2022_04_CLE_ATL;2022;4;CLE;ATL;20;23;-107
2022_04_DEN_LV;2022;4;DEN;LV;23;32;124
2022_04_DEN_LV;2022;4;LV;DEN;32;23;-137
2022_04_JAX_PHI;2022;4;JAX;PHI;21;29;223
2022_04_JAX_PHI;2022;4;PHI;JAX;29;21;-256
2022_04_KC_TB;2022;4;KC;TB;41;31;113
2022_04_KC_TB;2022;4;TB;KC;31;41;-125
2022_04_LAC_HOU;2022;4;HOU;LAC;24;34;205
2022_04_LAC_HOU;2022;4;LAC;HOU;34;24;-234
2022_04_LA_SF;2022;4;LA;SF;9;24;112
2022_04_LA_SF;2022;4;SF;LA;24;9;-124
2022_04_MIA_CIN;2022;4;CIN;MIA;27;15;-190
2022_04_MIA_CIN;2022;4;MIA;CIN;15;27;169
2022_04_MIN_NO;2022;4;MIN;NO;28;25;-199
2022_04_MIN_NO;2022;4;NO;MIN;25;28;177
2022_04_NE_GB;2022;4;GB;NE;27;24;-435
2022_04_NE_GB;2022;4;NE;GB;24;27;358
2022_04_NYJ_PIT;2022;4;NYJ;PIT;24;20;145
2022_04_NYJ_PIT;2022;4;PIT;NYJ;20;24;-161
2022_04_SEA_DET;2022;4;DET;SEA;45;48;-169
2022_04_SEA_DET;2022;4;SEA;DET;48;45;151
2022_04_TEN_IND;2022;4;IND;TEN;17;24;-205
2022_04_TEN_IND;2022;4;TEN;IND;24;17;182
2022_04_WAS_DAL;2022;4;DAL;WAS;25;10;-155
2022_04_WAS_DAL;2022;4;WAS;DAL;10;25;140
2022_05_ATL_TB;2022;5;ATL;TB;15;21;355
2022_05_ATL_TB;2022;5;TB;ATL;21;15;-430
2022_05_CHI_MIN;2022;5;CHI;MIN;22;29;322
2022_05_CHI_MIN;2022;5;MIN;CHI;29;22;-385
2022_05_CIN_BAL;2022;5;BAL;CIN;19;17;-168
2022_05_CIN_BAL;2022;5;CIN;BAL;17;19;151
2022_05_DAL_LA;2022;5;DAL;LA;22;10;195
2022_05_DAL_LA;2022;5;LA;DAL;10;22;-220
2022_05_DET_NE;2022;5;DET;NE;0;29;133
2022_05_DET_NE;2022;5;NE;DET;29;0;-148
2022_05_HOU_JAX;2022;5;HOU;JAX;13;6;261
2022_05_HOU_JAX;2022;5;JAX;HOU;6;13;-304
2022_05_IND_DEN;2022;5;DEN;IND;9;12;-178
2022_05_IND_DEN;2022;5;IND;DEN;12;9;159
2022_05_LAC_CLE;2022;5;CLE;LAC;28;30;103
2022_05_LAC_CLE;2022;5;LAC;CLE;30;28;-114
2022_05_LV_KC;2022;5;KC;LV;30;29;-321
2022_05_LV_KC;2022;5;LV;KC;29;30;275
2022_05_MIA_NYJ;2022;5;MIA;NYJ;17;40;-162
2022_05_MIA_NYJ;2022;5;NYJ;MIA;40;17;146
2022_05_NYG_GB;2022;5;GB;NYG;22;27;-397
2022_05_NYG_GB;2022;5;NYG;GB;27;22;331
2022_05_PHI_ARI;2022;5;ARI;PHI;17;20;196
2022_05_PHI_ARI;2022;5;PHI;ARI;20;17;-222
2022_05_PIT_BUF;2022;5;BUF;PIT;38;3;-749
2022_05_PIT_BUF;2022;5;PIT;BUF;3;38;568
2022_05_SEA_NO;2022;5;NO;SEA;39;32;-229
2022_05_SEA_NO;2022;5;SEA;NO;32;39;201
2022_05_SF_CAR;2022;5;CAR;SF;15;37;206
2022_05_SF_CAR;2022;5;SF;CAR;37;15;-234
2022_05_TEN_WAS;2022;5;TEN;WAS;21;17;-110
2022_05_TEN_WAS;2022;5;WAS;TEN;17;21;-100
2022_06_ARI_SEA;2022;6;ARI;SEA;9;19;-136
2022_06_ARI_SEA;2022;6;SEA;ARI;19;9;123
2022_06_BAL_NYG;2022;6;BAL;NYG;20;24;-234
2022_06_BAL_NYG;2022;6;NYG;BAL;24;20;206
2022_06_BUF_KC;2022;6;BUF;KC;24;20;-146
2022_06_BUF_KC;2022;6;KC;BUF;20;24;132
2022_06_CAR_LA;2022;6;CAR;LA;10;24;343
2022_06_CAR_LA;2022;6;LA;CAR;24;10;-413
2022_06_CIN_NO;2022;6;CIN;NO;30;26;-164
2022_06_CIN_NO;2022;6;NO;CIN;26;30;148
2022_06_DAL_PHI;2022;6;DAL;PHI;17;26;252
2022_06_DAL_PHI;2022;6;PHI;DAL;26;17;-292
2022_06_DEN_LAC;2022;6;DEN;LAC;16;19;166
2022_06_DEN_LAC;2022;6;LAC;DEN;19;16;-186
2022_06_JAX_IND;2022;6;IND;JAX;34;27;-122
2022_06_JAX_IND;2022;6;JAX;IND;27;34;110
2022_06_MIN_MIA;2022;6;MIA;MIN;16;24;157
2022_06_MIN_MIA;2022;6;MIN;MIA;24;16;-175
2022_06_NE_CLE;2022;6;CLE;NE;15;38;-140
2022_06_NE_CLE;2022;6;NE;CLE;38;15;127
2022_06_NYJ_GB;2022;6;GB;NYJ;10;27;-362
2022_06_NYJ_GB;2022;6;NYJ;GB;27;10;305
2022_06_SF_ATL;2022;6;ATL;SF;28;14;166
2022_06_SF_ATL;2022;6;SF;ATL;14;28;-185
2022_06_TB_PIT;2022;6;PIT;TB;20;18;323
2022_06_TB_PIT;2022;6;TB;PIT;18;20;-386
2022_06_WAS_CHI;2022;6;CHI;WAS;7;12;109
2022_06_WAS_CHI;2022;6;WAS;CHI;12;7;-120
2022_07_ATL_CIN;2022;7;ATL;CIN;17;35;235
2022_07_ATL_CIN;2022;7;CIN;ATL;35;17;-271
2022_07_CHI_NE;2022;7;CHI;NE;33;14;327
2022_07_CHI_NE;2022;7;NE;CHI;14;33;-392
2022_07_CLE_BAL;2022;7;BAL;CLE;23;20;-282
2022_07_CLE_BAL;2022;7;CLE;BAL;20;23;244
2022_07_DET_DAL;2022;7;DAL;DET;24;6;-278
2022_07_DET_DAL;2022;7;DET;DAL;6;24;241
2022_07_GB_WAS;2022;7;GB;WAS;21;23;-195
2022_07_GB_WAS;2022;7;WAS;GB;23;21;173
2022_07_HOU_LV;2022;7;HOU;LV;20;38;278
2022_07_HOU_LV;2022;7;LV;HOU;38;20;-325
2022_07_IND_TEN;2022;7;IND;TEN;10;19;129
2022_07_IND_TEN;2022;7;TEN;IND;19;10;-143
2022_07_KC_SF;2022;7;KC;SF;44;23;-106
2022_07_KC_SF;2022;7;SF;KC;23;44;-104
2022_07_NO_ARI;2022;7;ARI;NO;42;34;-140
2022_07_NO_ARI;2022;7;NO;ARI;34;42;126
2022_07_NYG_JAX;2022;7;JAX;NYG;17;23;-165
2022_07_NYG_JAX;2022;7;NYG;JAX;23;17;148
2022_07_NYJ_DEN;2022;7;DEN;NYJ;9;16;115
2022_07_NYJ_DEN;2022;7;NYJ;DEN;16;9;-127
2022_07_PIT_MIA;2022;7;MIA;PIT;16;10;-297
2022_07_PIT_MIA;2022;7;PIT;MIA;10;16;255
2022_07_SEA_LAC;2022;7;LAC;SEA;23;37;-219
2022_07_SEA_LAC;2022;7;SEA;LAC;37;23;193
2022_07_TB_CAR;2022;7;CAR;TB;21;3;524
2022_07_TB_CAR;2022;7;TB;CAR;3;21;-680
2022_08_ARI_MIN;2022;8;ARI;MIN;26;34;177
2022_08_ARI_MIN;2022;8;MIN;ARI;34;26;-199
2022_08_BAL_TB;2022;8;BAL;TB;27;22;116
2022_08_BAL_TB;2022;8;TB;BAL;22;27;-128
2022_08_CAR_ATL;2022;8;ATL;CAR;37;34;-201
2022_08_CAR_ATL;2022;8;CAR;ATL;34;37;178
2022_08_CHI_DAL;2022;8;CHI;DAL;29;49;355
2022_08_CHI_DAL;2022;8;DAL;CHI;49;29;-430
2022_08_CIN_CLE;2022;8;CIN;CLE;13;32;-163
2022_08_CIN_CLE;2022;8;CLE;CIN;32;13;147
2022_08_DEN_JAX;2022;8;DEN;JAX;21;17;-103
2022_08_DEN_JAX;2022;8;JAX;DEN;17;21;-107
2022_08_GB_BUF;2022;8;BUF;GB;27;17;-445
2022_08_GB_BUF;2022;8;GB;BUF;17;27;365
2022_08_LV_NO;2022;8;LV;NO;0;24;-119
2022_08_LV_NO;2022;8;NO;LV;24;0;108
2022_08_MIA_DET;2022;8;DET;MIA;27;31;169
2022_08_MIA_DET;2022;8;MIA;DET;31;27;-190
2022_08_NE_NYJ;2022;8;NE;NYJ;22;17;-155
2022_08_NE_NYJ;2022;8;NYJ;NE;17;22;140
2022_08_NYG_SEA;2022;8;NYG;SEA;13;27;147
2022_08_NYG_SEA;2022;8;SEA;NYG;27;13;-164
2022_08_PIT_PHI;2022;8;PHI;PIT;35;13;-490
2022_08_PIT_PHI;2022;8;PIT;PHI;13;35;397
2022_08_SF_LA;2022;8;LA;SF;14;31;-106
2022_08_SF_LA;2022;8;SF;LA;31;14;-104
2022_08_TEN_HOU;2022;8;HOU;TEN;10;17;104
2022_08_TEN_HOU;2022;8;TEN;HOU;17;10;-115
2022_08_WAS_IND;2022;8;IND;WAS;16;17;-151
2022_08_WAS_IND;2022;8;WAS;IND;17;16;136
2022_09_BAL_NO;2022;9;BAL;NO;27;13;-124
2022_09_BAL_NO;2022;9;NO;BAL;13;27;112
2022_09_BUF_NYJ;2022;9;BUF;NYJ;17;20;-494
2022_09_BUF_NYJ;2022;9;NYJ;BUF;20;17;400
2022_09_CAR_CIN;2022;9;CAR;CIN;21;42;282
2022_09_CAR_CIN;2022;9;CIN;CAR;42;21;-331
2022_09_GB_DET;2022;9;DET;GB;15;9;170
2022_09_GB_DET;2022;9;GB;DET;9;15;-191
2022_09_IND_NE;2022;9;IND;NE;3;26;188
2022_09_IND_NE;2022;9;NE;IND;26;3;-212
2022_09_LAC_ATL;2022;9;ATL;LAC;17;20;130
2022_09_LAC_ATL;2022;9;LAC;ATL;20;17;-143
2022_09_LA_TB;2022;9;LA;TB;13;16;142
2022_09_LA_TB;2022;9;TB;LA;16;13;-158
2022_09_LV_JAX;2022;9;JAX;LV;27;20;116
2022_09_LV_JAX;2022;9;LV;JAX;20;27;-129
2022_09_MIA_CHI;2022;9;CHI;MIA;32;35;172
2022_09_MIA_CHI;2022;9;MIA;CHI;35;32;-193
2022_09_MIN_WAS;2022;9;MIN;WAS;20;17;-169
2022_09_MIN_WAS;2022;9;WAS;MIN;17;20;151
2022_09_PHI_HOU;2022;9;HOU;PHI;17;29;539
2022_09_PHI_HOU;2022;9;PHI;HOU;29;17;-702
2022_09_SEA_ARI;2022;9;ARI;SEA;21;31;-128
2022_09_SEA_ARI;2022;9;SEA;ARI;31;21;116
2022_09_TEN_KC;2022;9;KC;TEN;20;17;-689
2022_09_TEN_KC;2022;9;TEN;KC;17;20;530
2022_10_ARI_LA;2022;10;ARI;LA;27;17;160
2022_10_ARI_LA;2022;10;LA;ARI;17;27;-183
2022_10_ATL_CAR;2022;10;ATL;CAR;15;25;-132
2022_10_ATL_CAR;2022;10;CAR;ATL;25;15;119
2022_10_CLE_MIA;2022;10;CLE;MIA;17;39;158
2022_10_CLE_MIA;2022;10;MIA;CLE;39;17;-177
2022_10_DAL_GB;2022;10;DAL;GB;28;31;-199
2022_10_DAL_GB;2022;10;GB;DAL;31;28;177
2022_10_DEN_TEN;2022;10;DEN;TEN;10;17;122
2022_10_DEN_TEN;2022;10;TEN;DEN;17;10;-135
2022_10_DET_CHI;2022;10;CHI;DET;30;31;-159
2022_10_DET_CHI;2022;10;DET;CHI;31;30;143
2022_10_HOU_NYG;2022;10;HOU;NYG;16;24;195
2022_10_HOU_NYG;2022;10;NYG;HOU;24;16;-221
2022_10_IND_LV;2022;10;IND;LV;25;20;177
2022_10_IND_LV;2022;10;LV;IND;20;25;-199
2022_10_JAX_KC;2022;10;JAX;KC;17;27;333
2022_10_JAX_KC;2022;10;KC;JAX;27;17;-399
2022_10_LAC_SF;2022;10;LAC;SF;16;22;302
2022_10_LAC_SF;2022;10;SF;LAC;22;16;-357
2022_10_MIN_BUF;2022;10;BUF;MIN;30;33;-264
2022_10_MIN_BUF;2022;10;MIN;BUF;33;30;230
2022_10_NO_PIT;2022;10;NO;PIT;10;20;105
2022_10_NO_PIT;2022;10;PIT;NO;20;10;-116
2022_10_SEA_TB;2022;10;SEA;TB;16;21;124
2022_10_SEA_TB;2022;10;TB;SEA;21;16;-138
2022_10_WAS_PHI;2022;10;PHI;WAS;21;32;-501
2022_10_WAS_PHI;2022;10;WAS;PHI;32;21;405
2022_11_CAR_BAL;2022;11;BAL;CAR;13;3;-647
2022_11_CAR_BAL;2022;11;CAR;BAL;3;13;503
2022_11_CHI_ATL;2022;11;ATL;CHI;27;24;-138
2022_11_CHI_ATL;2022;11;CHI;ATL;24;27;125
2022_11_CIN_PIT;2022;11;CIN;PIT;37;30;-182
2022_11_CIN_PIT;2022;11;PIT;CIN;30;37;163
2022_11_CLE_BUF;2022;11;BUF;CLE;31;23;-353
2022_11_CLE_BUF;2022;11;CLE;BUF;23;31;298
2022_11_DAL_MIN;2022;11;DAL;MIN;40;3;-131
2022_11_DAL_MIN;2022;11;MIN;DAL;3;40;118
2022_11_DET_NYG;2022;11;DET;NYG;31;18;143
2022_11_DET_NYG;2022;11;NYG;DET;18;31;-159
2022_11_KC_LAC;2022;11;KC;LAC;30;27;-231
2022_11_KC_LAC;2022;11;LAC;KC;27;30;203
2022_11_LA_NO;2022;11;LA;NO;20;27;112
2022_11_LA_NO;2022;11;NO;LA;27;20;-124
2022_11_LV_DEN;2022;11;DEN;LV;16;22;-145
2022_11_LV_DEN;2022;11;LV;DEN;22;16;131
2022_11_NYJ_NE;2022;11;NE;NYJ;10;3;-182
2022_11_NYJ_NE;2022;11;NYJ;NE;3;10;163
2022_11_PHI_IND;2022;11;IND;PHI;16;17;235
2022_11_PHI_IND;2022;11;PHI;IND;17;16;-270
2022_11_SF_ARI;2022;11;ARI;SF;10;38;350
2022_11_SF_ARI;2022;11;SF;ARI;38;10;-422
2022_11_TEN_GB;2022;11;GB;TEN;17;27;-171
2022_11_TEN_GB;2022;11;TEN;GB;27;17;153
2022_11_WAS_HOU;2022;11;HOU;WAS;10;23;135
2022_11_WAS_HOU;2022;11;WAS;HOU;23;10;-150
2022_12_ATL_WAS;2022;12;ATL;WAS;13;19;163
2022_12_ATL_WAS;2022;12;WAS;ATL;19;13;-183
2022_12_BAL_JAX;2022;12;BAL;JAX;27;28;-164
2022_12_BAL_JAX;2022;12;JAX;BAL;28;27;147
2022_12_BUF_DET;2022;12;BUF;DET;28;25;-412
2022_12_BUF_DET;2022;12;DET;BUF;25;28;342
2022_12_CHI_NYJ;2022;12;CHI;NYJ;10;31;315
2022_12_CHI_NYJ;2022;12;NYJ;CHI;31;10;-375
2022_12_CIN_TEN;2022;12;CIN;TEN;20;16;-105
2022_12_CIN_TEN;2022;12;TEN;CIN;16;20;-105
2022_12_DEN_CAR;2022;12;CAR;DEN;23;10;105
2022_12_DEN_CAR;2022;12;DEN;CAR;10;23;-116
2022_12_GB_PHI;2022;12;GB;PHI;33;40;241
2022_12_GB_PHI;2022;12;PHI;GB;40;33;-278
2022_12_HOU_MIA;2022;12;HOU;MIA;15;30;613
2022_12_HOU_MIA;2022;12;MIA;HOU;30;15;-822
2022_12_LAC_ARI;2022;12;ARI;LAC;24;25;123
2022_12_LAC_ARI;2022;12;LAC;ARI;25;24;-136
2022_12_LA_KC;2022;12;KC;LA;26;10;-1088
2022_12_LA_KC;2022;12;LA;KC;10;26;768
2022_12_LV_SEA;2022;12;LV;SEA;40;34;174
2022_12_LV_SEA;2022;12;SEA;LV;34;40;-196
2022_12_NE_MIN;2022;12;MIN;NE;33;26;-136
2022_12_NE_MIN;2022;12;NE;MIN;26;33;123
2022_12_NO_SF;2022;12;NO;SF;0;13;327
2022_12_NO_SF;2022;12;SF;NO;13;0;-392
2022_12_NYG_DAL;2022;12;DAL;NYG;28;20;-441
2022_12_NYG_DAL;2022;12;NYG;DAL;20;28;363
2022_12_PIT_IND;2022;12;IND;PIT;17;24;-128
2022_12_PIT_IND;2022;12;PIT;IND;24;17;116
2022_12_TB_CLE;2022;12;CLE;TB;23;17;151
2022_12_TB_CLE;2022;12;TB;CLE;17;23;-169
2022_13_BUF_NE;2022;13;BUF;NE;24;10;-185
2022_13_BUF_NE;2022;13;NE;BUF;10;24;165
2022_13_CLE_HOU;2022;13;CLE;HOU;27;14;-329
2022_13_CLE_HOU;2022;13;HOU;CLE;14;27;280
2022_13_DEN_BAL;2022;13;BAL;DEN;10;9;-347
2022_13_DEN_BAL;2022;13;DEN;BAL;9;10;294
2022_13_GB_CHI;2022;13;CHI;GB;19;28;163
2022_13_GB_CHI;2022;13;GB;CHI;28;19;-182
2022_13_IND_DAL;2022;13;DAL;IND;54;19;-460
2022_13_IND_DAL;2022;13;IND;DAL;19;54;376
2022_13_JAX_DET;2022;13;DET;JAX;40;14;-118
2022_13_JAX_DET;2022;13;JAX;DET;14;40;107
2022_13_KC_CIN;2022;13;CIN;KC;27;24;120
2022_13_KC_CIN;2022;13;KC;CIN;24;27;-132
2022_13_LAC_LV;2022;13;LAC;LV;20;27;125
2022_13_LAC_LV;2022;13;LV;LAC;27;20;-139
2022_13_MIA_SF;2022;13;MIA;SF;17;33;196
2022_13_MIA_SF;2022;13;SF;MIA;33;17;-222
2022_13_NO_TB;2022;13;NO;TB;16;17;169
2022_13_NO_TB;2022;13;TB;NO;17;16;-190
2022_13_NYJ_MIN;2022;13;MIN;NYJ;27;22;-146
2022_13_NYJ_MIN;2022;13;NYJ;MIN;22;27;132
2022_13_PIT_ATL;2022;13;ATL;PIT;16;19;103
2022_13_PIT_ATL;2022;13;PIT;ATL;19;16;-113
2022_13_SEA_LA;2022;13;LA;SEA;23;27;252
2022_13_SEA_LA;2022;13;SEA;LA;27;23;-292
2022_13_TEN_PHI;2022;13;PHI;TEN;35;10;-213
2022_13_TEN_PHI;2022;13;TEN;PHI;10;35;189
2022_13_WAS_NYG;2022;13;NYG;WAS;20;20;113
2022_13_WAS_NYG;2022;13;WAS;NYG;20;20;-124
2022_14_BAL_PIT;2022;14;BAL;PIT;16;14;112
2022_14_BAL_PIT;2022;14;PIT;BAL;14;16;-124
2022_14_CAR_SEA;2022;14;CAR;SEA;30;24;178
2022_14_CAR_SEA;2022;14;SEA;CAR;24;30;-200
2022_14_CLE_CIN;2022;14;CIN;CLE;23;10;-204
2022_14_CLE_CIN;2022;14;CLE;CIN;10;23;181
2022_14_HOU_DAL;2022;14;DAL;HOU;27;23;-1365
2022_14_HOU_DAL;2022;14;HOU;DAL;23;27;918
2022_14_JAX_TEN;2022;14;JAX;TEN;36;22;151
2022_14_JAX_TEN;2022;14;TEN;JAX;22;36;-169
2022_14_KC_DEN;2022;14;DEN;KC;28;34;329
2022_14_KC_DEN;2022;14;KC;DEN;34;28;-394
2022_14_LV_LA;2022;14;LA;LV;17;16;245
2022_14_LV_LA;2022;14;LV;LA;16;17;-283
2022_14_MIA_LAC;2022;14;LAC;MIA;23;17;146
2022_14_MIA_LAC;2022;14;MIA;LAC;17;23;-163
2022_14_MIN_DET;2022;14;DET;MIN;34;23;-132
2022_14_MIN_DET;2022;14;MIN;DET;23;34;119
2022_14_NE_ARI;2022;14;ARI;NE;13;27;113
2022_14_NE_ARI;2022;14;NE;ARI;27;13;-125
2022_14_NYJ_BUF;2022;14;BUF;NYJ;20;12;-398
2022_14_NYJ_BUF;2022;14;NYJ;BUF;12;20;332
2022_14_PHI_NYG;2022;14;NYG;PHI;22;48;260
2022_14_PHI_NYG;2022;14;PHI;NYG;48;22;-302
2022_14_TB_SF;2022;14;SF;TB;35;7;-196
2022_14_TB_SF;2022;14;TB;SF;7;35;175
2022_15_ARI_DEN;2022;15;ARI;DEN;15;24;110
2022_15_ARI_DEN;2022;15;DEN;ARI;24;15;-121
2022_15_ATL_NO;2022;15;ATL;NO;18;21;203
2022_15_ATL_NO;2022;15;NO;ATL;21;18;-231
2022_15_BAL_CLE;2022;15;BAL;CLE;3;13;139
2022_15_BAL_CLE;2022;15;CLE;BAL;13;3;-155
2022_15_CIN_TB;2022;15;CIN;TB;34;23;-167
2022_15_CIN_TB;2022;15;TB;CIN;23;34;150
2022_15_DAL_JAX;2022;15;DAL;JAX;34;40;-188
2022_15_DAL_JAX;2022;15;JAX;DAL;40;34;168
2022_15_DET_NYJ;2022;15;DET;NYJ;20;17;120
2022_15_DET_NYJ;2022;15;NYJ;DET;17;20;-132
2022_15_IND_MIN;2022;15;IND;MIN;36;39;168
2022_15_IND_MIN;2022;15;MIN;IND;39;36;-188
2022_15_KC_HOU;2022;15;HOU;KC;24;30;572
2022_15_KC_HOU;2022;15;KC;HOU;30;24;-755
2022_15_LA_GB;2022;15;GB;LA;24;12;-356
2022_15_LA_GB;2022;15;LA;GB;12;24;301
2022_15_MIA_BUF;2022;15;BUF;MIA;32;29;-320
2022_15_MIA_BUF;2022;15;MIA;BUF;29;32;273
2022_15_NE_LV;2022;15;LV;NE;30;24;-129
2022_15_NE_LV;2022;15;NE;LV;24;30;117
2022_15_NYG_WAS;2022;15;NYG;WAS;20;12;180
2022_15_NYG_WAS;2022;15;WAS;NYG;12;20;-203
2022_15_PHI_CHI;2022;15;CHI;PHI;20;25;323
2022_15_PHI_CHI;2022;15;PHI;CHI;25;20;-386
2022_15_PIT_CAR;2022;15;CAR;PIT;16;24;-145
2022_15_PIT_CAR;2022;15;PIT;CAR;24;16;130
2022_15_SF_SEA;2022;15;SEA;SF;13;21;152
2022_15_SF_SEA;2022;15;SF;SEA;21;13;-169
2022_15_TEN_LAC;2022;15;LAC;TEN;17;14;-158
2022_15_TEN_LAC;2022;15;TEN;LAC;14;17;142
2022_16_ATL_BAL;2022;16;ATL;BAL;9;17;238
2022_16_ATL_BAL;2022;16;BAL;ATL;17;9;-274
2022_16_BUF_CHI;2022;16;BUF;CHI;35;13;-360
2022_16_BUF_CHI;2022;16;CHI;BUF;13;35;304
2022_16_CIN_NE;2022;16;CIN;NE;22;18;-151
2022_16_CIN_NE;2022;16;NE;CIN;18;22;136
2022_16_DEN_LA;2022;16;DEN;LA;14;51;-173
2022_16_DEN_LA;2022;16;LA;DEN;51;14;155
2022_16_DET_CAR;2022;16;CAR;DET;37;23;117
2022_16_DET_CAR;2022;16;DET;CAR;23;37;-129
2022_16_GB_MIA;2022;16;GB;MIA;26;20;163
2022_16_GB_MIA;2022;16;MIA;GB;20;26;-182
2022_16_HOU_TEN;2022;16;HOU;TEN;19;14;153
2022_16_HOU_TEN;2022;16;TEN;HOU;14;19;-170
2022_16_JAX_NYJ;2022;16;JAX;NYJ;19;3;123
2022_16_JAX_NYJ;2022;16;NYJ;JAX;3;19;-136
2022_16_LAC_IND;2022;16;IND;LAC;3;20;165
2022_16_LAC_IND;2022;16;LAC;IND;20;3;-185
2022_16_LV_PIT;2022;16;LV;PIT;10;13;127
2022_16_LV_PIT;2022;16;PIT;LV;13;10;-141
2022_16_NO_CLE;2022;16;CLE;NO;10;17;-181
2022_16_NO_CLE;2022;16;NO;CLE;17;10;162
2022_16_NYG_MIN;2022;16;MIN;NYG;27;24;-215
2022_16_NYG_MIN;2022;16;NYG;MIN;24;27;191
2022_16_PHI_DAL;2022;16;DAL;PHI;40;34;-200
2022_16_PHI_DAL;2022;16;PHI;DAL;34;40;178
2022_16_SEA_KC;2022;16;KC;SEA;24;10;-447
2022_16_SEA_KC;2022;16;SEA;KC;10;24;367
2022_16_TB_ARI;2022;16;ARI;TB;16;19;273
2022_16_TB_ARI;2022;16;TB;ARI;19;16;-320
2022_16_WAS_SF;2022;16;SF;WAS;37;20;-279
2022_16_WAS_SF;2022;16;WAS;SF;20;37;241
2022_17_ARI_ATL;2022;17;ARI;ATL;19;20;241
2022_17_ARI_ATL;2022;17;ATL;ARI;20;19;-279
2022_17_CAR_TB;2022;17;CAR;TB;24;30;164
2022_17_CAR_TB;2022;17;TB;CAR;30;24;-184
2022_17_CHI_DET;2022;17;CHI;DET;10;41;194
2022_17_CHI_DET;2022;17;DET;CHI;41;10;-219
2022_17_CLE_WAS;2022;17;CLE;WAS;24;10;106
2022_17_CLE_WAS;2022;17;WAS;CLE;10;24;-117
2022_17_DAL_TEN;2022;17;DAL;TEN;27;13;-741
2022_17_DAL_TEN;2022;17;TEN;DAL;13;27;563
2022_17_DEN_KC;2022;17;DEN;KC;24;27;544
2022_17_DEN_KC;2022;17;KC;DEN;27;24;-711
2022_17_IND_NYG;2022;17;IND;NYG;10;38;202
2022_17_IND_NYG;2022;17;NYG;IND;38;10;-229
2022_17_JAX_HOU;2022;17;HOU;JAX;3;31;167
2022_17_JAX_HOU;2022;17;JAX;HOU;31;3;-187
2022_17_LA_LAC;2022;17;LA;LAC;10;31;244
2022_17_LA_LAC;2022;17;LAC;LA;31;10;-283
2022_17_MIA_NE;2022;17;MIA;NE;21;23;144
2022_17_MIA_NE;2022;17;NE;MIA;23;21;-160
2022_17_MIN_GB;2022;17;GB;MIN;41;17;-173
2022_17_MIN_GB;2022;17;MIN;GB;17;41;155
2022_17_NO_PHI;2022;17;NO;PHI;20;10;198
2022_17_NO_PHI;2022;17;PHI;NO;10;20;-225
2022_17_NYJ_SEA;2022;17;NYJ;SEA;6;23;-113
2022_17_NYJ_SEA;2022;17;SEA;NYJ;23;6;102
2022_17_PIT_BAL;2022;17;BAL;PIT;13;16;-121
2022_17_PIT_BAL;2022;17;PIT;BAL;16;13;110
2022_17_SF_LV;2022;17;LV;SF;34;37;371
2022_17_SF_LV;2022;17;SF;LV;37;34;-453
2022_18_ARI_SF;2022;18;ARI;SF;13;38;753
2022_18_ARI_SF;2022;18;SF;ARI;38;13;-1061
2022_18_BAL_CIN;2022;18;BAL;CIN;16;27;474
2022_18_BAL_CIN;2022;18;CIN;BAL;27;16;-603
2022_18_CAR_NO;2022;18;CAR;NO;10;7;160
2022_18_CAR_NO;2022;18;NO;CAR;7;10;-179
2022_18_CLE_PIT;2022;18;CLE;PIT;14;28;128
2022_18_CLE_PIT;2022;18;PIT;CLE;28;14;-142
2022_18_DAL_WAS;2022;18;DAL;WAS;6;26;-320
2022_18_DAL_WAS;2022;18;WAS;DAL;26;6;274
2022_18_DET_GB;2022;18;DET;GB;20;16;237
2022_18_DET_GB;2022;18;GB;DET;16;20;-273
2022_18_HOU_IND;2022;18;HOU;IND;32;31;128
2022_18_HOU_IND;2022;18;IND;HOU;31;32;-142
2022_18_KC_LV;2022;18;KC;LV;31;13;-407
2022_18_KC_LV;2022;18;LV;KC;13;31;338
2022_18_LAC_DEN;2022;18;DEN;LAC;31;28;-254
2022_18_LAC_DEN;2022;18;LAC;DEN;28;31;222
2022_18_LA_SEA;2022;18;LA;SEA;16;19;198
2022_18_LA_SEA;2022;18;SEA;LA;19;16;-224
2022_18_MIN_CHI;2022;18;CHI;MIN;13;29;227
2022_18_MIN_CHI;2022;18;MIN;CHI;29;13;-260
2022_18_NE_BUF;2022;18;BUF;NE;35;23;-373
2022_18_NE_BUF;2022;18;NE;BUF;23;35;314
2022_18_NYG_PHI;2022;18;NYG;PHI;16;22;858
2022_18_NYG_PHI;2022;18;PHI;NYG;22;16;-1252
2022_18_NYJ_MIA;2022;18;MIA;NYJ;11;6;-200
2022_18_NYJ_MIA;2022;18;NYJ;MIA;6;11;178
2022_18_TB_ATL;2022;18;ATL;TB;30;17;-235
2022_18_TB_ATL;2022;18;TB;ATL;17;30;207
2022_18_TEN_JAX;2022;18;JAX;TEN;20;16;-260
2022_18_TEN_JAX;2022;18;TEN;JAX;16;20;227
2022_19_BAL_CIN;2022;19;BAL;CIN;17;24;311
2022_19_BAL_CIN;2022;19;CIN;BAL;24;17;-370
2022_19_DAL_TB;2022;19;DAL;TB;31;14;-135
2022_19_DAL_TB;2022;19;TB;DAL;14;31;122
2022_19_LAC_JAX;2022;19;JAX;LAC;31;30;114
2022_19_LAC_JAX;2022;19;LAC;JAX;30;31;-126
2022_19_MIA_BUF;2022;19;BUF;MIA;34;31;-882
2022_19_MIA_BUF;2022;19;MIA;BUF;31;34;649
2022_19_NYG_MIN;2022;19;MIN;NYG;24;31;-142
2022_19_NYG_MIN;2022;19;NYG;MIN;31;24;129
2022_19_SEA_SF;2022;19;SEA;SF;23;41;367
2022_19_SEA_SF;2022;19;SF;SEA;41;23;-447
2022_20_CIN_BUF;2022;20;BUF;CIN;10;27;-259
2022_20_CIN_BUF;2022;20;CIN;BUF;27;10;226
2022_20_DAL_SF;2022;20;DAL;SF;12;19;164
2022_20_DAL_SF;2022;20;SF;DAL;19;12;-183
2022_20_JAX_KC;2022;20;JAX;KC;20;27;377
2022_20_JAX_KC;2022;20;KC;JAX;27;20;-461
2022_20_NYG_PHI;2022;20;NYG;PHI;7;38;304
2022_20_NYG_PHI;2022;20;PHI;NYG;38;7;-360
2022_21_CIN_KC;2022;21;CIN;KC;20;23;119
2022_21_CIN_KC;2022;21;KC;CIN;23;20;-131
2022_21_SF_PHI;2022;21;PHI;SF;31;7;-147
2022_21_SF_PHI;2022;21;SF;PHI;7;31;133
2022_22_KC_PHI;2022;22;KC;PHI;38;35;104
2022_22_KC_PHI;2022;22;PHI;KC;35;38;-115
2023_01_ARI_WAS;2023;1;ARI;WAS;16;20;270
2023_01_ARI_WAS;2023;1;WAS;ARI;20;16;-340
2023_01_BUF_NYJ;2023;1;BUF;NYJ;16;22;-135
2023_01_BUF_NYJ;2023;1;NYJ;BUF;22;16;114
2023_01_CAR_ATL;2023;1;ATL;CAR;24;10;-192
2023_01_CAR_ATL;2023;1;CAR;ATL;10;24;160
2023_01_CIN_CLE;2023;1;CIN;CLE;3;24;-112
2023_01_CIN_CLE;2023;1;CLE;CIN;24;3;-108
2023_01_DAL_NYG;2023;1;DAL;NYG;40;0;-170
2023_01_DAL_NYG;2023;1;NYG;DAL;0;40;142
2023_01_DET_KC;2023;1;DET;KC;21;20;164
2023_01_DET_KC;2023;1;KC;DET;20;21;-198
2023_01_GB_CHI;2023;1;CHI;GB;20;38;-118
2023_01_GB_CHI;2023;1;GB;CHI;38;20;-102
2023_01_HOU_BAL;2023;1;BAL;HOU;25;9;-500
2023_01_HOU_BAL;2023;1;HOU;BAL;9;25;380
2023_01_JAX_IND;2023;1;IND;JAX;21;31;170
2023_01_JAX_IND;2023;1;JAX;IND;31;21;-205
2023_01_LA_SEA;2023;1;LA;SEA;30;13;180
2023_01_LA_SEA;2023;1;SEA;LA;13;30;-218
2023_01_LV_DEN;2023;1;DEN;LV;16;17;-162
2023_01_LV_DEN;2023;1;LV;DEN;17;16;136
2023_01_MIA_LAC;2023;1;LAC;MIA;34;36;-162
2023_01_MIA_LAC;2023;1;MIA;LAC;36;34;136
2023_01_PHI_NE;2023;1;NE;PHI;20;25;154
2023_01_PHI_NE;2023;1;PHI;NE;25;20;-185
2023_01_SF_PIT;2023;1;PIT;SF;7;30;100
2023_01_SF_PIT;2023;1;SF;PIT;30;7;-120
2023_01_TB_MIN;2023;1;MIN;TB;17;20;-205
2023_01_TB_MIN;2023;1;TB;MIN;20;17;170
2023_01_TEN_NO;2023;1;NO;TEN;16;15;-148
2023_01_TEN_NO;2023;1;TEN;NO;15;16;124
2023_02_BAL_CIN;2023;2;BAL;CIN;27;24;145
2023_02_BAL_CIN;2023;2;CIN;BAL;24;27;-175
2023_02_CHI_TB;2023;2;CHI;TB;17;27;114
2023_02_CHI_TB;2023;2;TB;CHI;27;17;-135
2023_02_CLE_PIT;2023;2;CLE;PIT;22;26;-148
2023_02_CLE_PIT;2023;2;PIT;CLE;26;22;124
2023_02_GB_ATL;2023;2;ATL;GB;25;24;-148
2023_02_GB_ATL;2023;2;GB;ATL;24;25;124
2023_02_IND_HOU;2023;2;HOU;IND;20;31;-110
2023_02_IND_HOU;2023;2;IND;HOU;31;20;-110
2023_02_KC_JAX;2023;2;JAX;KC;9;17;142
2023_02_KC_JAX;2023;2;KC;JAX;17;9;-170
2023_02_LAC_TEN;2023;2;LAC;TEN;24;27;-142
2023_02_LAC_TEN;2023;2;TEN;LAC;27;24;120
2023_02_LV_BUF;2023;2;BUF;LV;38;10;-355
2023_02_LV_BUF;2023;2;LV;BUF;10;38;280
2023_02_MIA_NE;2023;2;MIA;NE;24;17;-130
2023_02_MIA_NE;2023;2;NE;MIA;17;24;110
2023_02_MIN_PHI;2023;2;MIN;PHI;28;34;195
2023_02_MIN_PHI;2023;2;PHI;MIN;34;28;-238
2023_02_NO_CAR;2023;2;CAR;NO;17;20;145
2023_02_NO_CAR;2023;2;NO;CAR;20;17;-175
2023_02_NYG_ARI;2023;2;ARI;NYG;28;31;185
2023_02_NYG_ARI;2023;2;NYG;ARI;31;28;-225
2023_02_NYJ_DAL;2023;2;DAL;NYJ;30;10;-380
2023_02_NYJ_DAL;2023;2;NYJ;DAL;10;30;300
2023_02_SEA_DET;2023;2;DET;SEA;31;37;-218
2023_02_SEA_DET;2023;2;SEA;DET;37;31;180
2023_02_SF_LA;2023;2;LA;SF;23;30;270
2023_02_SF_LA;2023;2;SF;LA;30;23;-340
2023_02_WAS_DEN;2023;2;DEN;WAS;33;35;-198
2023_02_WAS_DEN;2023;2;WAS;DEN;35;33;164
2023_03_ATL_DET;2023;3;ATL;DET;6;20;140
2023_03_ATL_DET;2023;3;DET;ATL;20;6;-166
2023_03_BUF_WAS;2023;3;BUF;WAS;37;3;-245
2023_03_BUF_WAS;2023;3;WAS;BUF;3;37;200
2023_03_CAR_SEA;2023;3;CAR;SEA;27;37;185
2023_03_CAR_SEA;2023;3;SEA;CAR;37;27;-225
2023_03_CHI_KC;2023;3;CHI;KC;10;41;525
2023_03_CHI_KC;2023;3;KC;CHI;41;10;-750
2023_03_DAL_ARI;2023;3;ARI;DAL;28;16;470
2023_03_DAL_ARI;2023;3;DAL;ARI;16;28;-650
2023_03_DEN_MIA;2023;3;DEN;MIA;20;70;205
2023_03_DEN_MIA;2023;3;MIA;DEN;70;20;-250
2023_03_HOU_JAX;2023;3;HOU;JAX;37;17;300
2023_03_HOU_JAX;2023;3;JAX;HOU;17;37;-380
2023_03_IND_BAL;2023;3;BAL;IND;19;22;-380
2023_03_IND_BAL;2023;3;IND;BAL;22;19;300
2023_03_LAC_MIN;2023;3;LAC;MIN;28;24;-110
2023_03_LAC_MIN;2023;3;MIN;LAC;24;28;-110
2023_03_LA_CIN;2023;3;CIN;LA;19;16;-162
2023_03_LA_CIN;2023;3;LA;CIN;16;19;136
2023_03_NE_NYJ;2023;3;NE;NYJ;15;10;-142
2023_03_NE_NYJ;2023;3;NYJ;NE;10;15;120
2023_03_NO_GB;2023;3;GB;NO;18;17;105
2023_03_NO_GB;2023;3;NO;GB;17;18;-125
2023_03_NYG_SF;2023;3;NYG;SF;12;30;400
2023_03_NYG_SF;2023;3;SF;NYG;30;12;-535
2023_03_PHI_TB;2023;3;PHI;TB;25;11;-258
2023_03_PHI_TB;2023;3;TB;PHI;11;25;210
2023_03_PIT_LV;2023;3;LV;PIT;18;23;-148
2023_03_PIT_LV;2023;3;PIT;LV;23;18;124
2023_03_TEN_CLE;2023;3;CLE;TEN;27;3;-185
2023_03_TEN_CLE;2023;3;TEN;CLE;3;27;154
2023_04_ARI_SF;2023;4;ARI;SF;16;35;700
2023_04_ARI_SF;2023;4;SF;ARI;35;16;-1100
2023_04_ATL_JAX;2023;4;ATL;JAX;7;23;154
2023_04_ATL_JAX;2023;4;JAX;ATL;23;7;-185
2023_04_BAL_CLE;2023;4;BAL;CLE;28;3;-135
2023_04_BAL_CLE;2023;4;CLE;BAL;3;28;114
2023_04_CIN_TEN;2023;4;CIN;TEN;3;27;-162
2023_04_CIN_TEN;2023;4;TEN;CIN;27;3;136
2023_04_DEN_CHI;2023;4;CHI;DEN;28;31;136
2023_04_DEN_CHI;2023;4;DEN;CHI;31;28;-162
2023_04_DET_GB;2023;4;DET;GB;34;20;-142
2023_04_DET_GB;2023;4;GB;DET;20;34;120
2023_04_KC_NYJ;2023;4;KC;NYJ;23;20;-485
2023_04_KC_NYJ;2023;4;NYJ;KC;20;23;370
2023_04_LA_IND;2023;4;IND;LA;23;29;-105
2023_04_LA_IND;2023;4;LA;IND;29;23;-115
2023_04_LV_LAC;2023;4;LAC;LV;24;17;-310
2023_04_LV_LAC;2023;4;LV;LAC;17;24;250
2023_04_MIA_BUF;2023;4;BUF;MIA;48;20;-142
2023_04_MIA_BUF;2023;4;MIA;BUF;20;48;120
2023_04_MIN_CAR;2023;4;CAR;MIN;13;21;185
2023_04_MIN_CAR;2023;4;MIN;CAR;21;13;-225
2023_04_NE_DAL;2023;4;DAL;NE;38;3;-285
2023_04_NE_DAL;2023;4;NE;DAL;3;38;230
2023_04_PIT_HOU;2023;4;HOU;PIT;30;6;136
2023_04_PIT_HOU;2023;4;PIT;HOU;6;30;-162
2023_04_SEA_NYG;2023;4;NYG;SEA;3;24;120
2023_04_SEA_NYG;2023;4;SEA;NYG;24;3;-142
2023_04_TB_NO;2023;4;NO;TB;9;26;-205
2023_04_TB_NO;2023;4;TB;NO;26;9;170
2023_04_WAS_PHI;2023;4;PHI;WAS;34;31;-455
2023_04_WAS_PHI;2023;4;WAS;PHI;31;34;350
2023_05_BAL_PIT;2023;5;BAL;PIT;10;17;-230
2023_05_BAL_PIT;2023;5;PIT;BAL;17;10;190
2023_05_CAR_DET;2023;5;CAR;DET;24;42;350
2023_05_CAR_DET;2023;5;DET;CAR;42;24;-455
2023_05_CHI_WAS;2023;5;CHI;WAS;40;20;210
2023_05_CHI_WAS;2023;5;WAS;CHI;20;40;-258
2023_05_CIN_ARI;2023;5;ARI;CIN;20;34;142
2023_05_CIN_ARI;2023;5;CIN;ARI;34;20;-170
2023_05_DAL_SF;2023;5;DAL;SF;10;42;150
2023_05_DAL_SF;2023;5;SF;DAL;42;10;-180
2023_05_GB_LV;2023;5;GB;LV;13;17;-102
2023_05_GB_LV;2023;5;LV;GB;17;13;-118
2023_05_HOU_ATL;2023;5;ATL;HOU;21;19;-142
2023_05_HOU_ATL;2023;5;HOU;ATL;19;21;120
2023_05_JAX_BUF;2023;5;BUF;JAX;20;25;-250
2023_05_JAX_BUF;2023;5;JAX;BUF;25;20;205
2023_05_KC_MIN;2023;5;KC;MIN;27;20;-180
2023_05_KC_MIN;2023;5;MIN;KC;20;27;150
2023_05_NO_NE;2023;5;NE;NO;0;34;-135
2023_05_NO_NE;2023;5;NO;NE;34;0;114
2023_05_NYG_MIA;2023;5;MIA;NYG;31;16;-750
2023_05_NYG_MIA;2023;5;NYG;MIA;16;31;525
2023_05_NYJ_DEN;2023;5;DEN;NYJ;21;31;-135
2023_05_NYJ_DEN;2023;5;NYJ;DEN;31;21;114
2023_05_PHI_LA;2023;5;LA;PHI;14;23;160
2023_05_PHI_LA;2023;5;PHI;LA;23;14;-192
2023_05_TEN_IND;2023;5;IND;TEN;23;16;120
2023_05_TEN_IND;2023;5;TEN;IND;16;23;-142
2023_06_ARI_LA;2023;6;ARI;LA;9;26;270
2023_06_ARI_LA;2023;6;LA;ARI;26;9;-340
2023_06_BAL_TEN;2023;6;BAL;TEN;24;16;-250
2023_06_BAL_TEN;2023;6;TEN;BAL;16;24;205
2023_06_CAR_MIA;2023;6;CAR;MIA;21;42;700
2023_06_CAR_MIA;2023;6;MIA;CAR;42;21;-1100
2023_06_DAL_LAC;2023;6;DAL;LAC;20;17;-130
2023_06_DAL_LAC;2023;6;LAC;DAL;17;20;110
2023_06_DEN_KC;2023;6;DEN;KC;8;19;470
2023_06_DEN_KC;2023;6;KC;DEN;19;8;-650
2023_06_DET_TB;2023;6;DET;TB;20;6;-162
2023_06_DET_TB;2023;6;TB;DET;6;20;136
2023_06_IND_JAX;2023;6;IND;JAX;20;37;170
2023_06_IND_JAX;2023;6;JAX;IND;37;20;-205
2023_06_MIN_CHI;2023;6;CHI;MIN;13;19;140
2023_06_MIN_CHI;2023;6;MIN;CHI;19;13;-166
2023_06_NE_LV;2023;6;LV;NE;21;17;-148
2023_06_NE_LV;2023;6;NE;LV;17;21;124
2023_06_NO_HOU;2023;6;HOU;NO;20;13;110
2023_06_NO_HOU;2023;6;NO;HOU;13;20;-130
2023_06_NYG_BUF;2023;6;BUF;NYG;14;9;-1200
2023_06_NYG_BUF;2023;6;NYG;BUF;9;14;750
2023_06_PHI_NYJ;2023;6;NYJ;PHI;20;14;245
2023_06_PHI_NYJ;2023;6;PHI;NYJ;14;20;-305
2023_06_SEA_CIN;2023;6;CIN;SEA;17;13;-155
2023_06_SEA_CIN;2023;6;SEA;CIN;13;17;130
2023_06_SF_CLE;2023;6;CLE;SF;19;17;360
2023_06_SF_CLE;2023;6;SF;CLE;17;19;-470
2023_06_WAS_ATL;2023;6;ATL;WAS;16;24;-125
2023_06_WAS_ATL;2023;6;WAS;ATL;24;16;105
2023_07_ARI_SEA;2023;7;ARI;SEA;10;20;350
2023_07_ARI_SEA;2023;7;SEA;ARI;20;10;-455
2023_07_ATL_TB;2023;7;ATL;TB;16;13;124
2023_07_ATL_TB;2023;7;TB;ATL;13;16;-148
2023_07_BUF_NE;2023;7;BUF;NE;25;29;-395
2023_07_BUF_NE;2023;7;NE;BUF;29;25;310
2023_07_CLE_IND;2023;7;CLE;IND;39;38;-180
2023_07_CLE_IND;2023;7;IND;CLE;38;39;150
2023_07_DET_BAL;2023;7;BAL;DET;38;6;-162
2023_07_DET_BAL;2023;7;DET;BAL;6;38;136
2023_07_GB_DEN;2023;7;DEN;GB;19;17;-118
2023_07_GB_DEN;2023;7;GB;DEN;17;19;-102
2023_07_JAX_NO;2023;7;JAX;NO;31;24;124
2023_07_JAX_NO;2023;7;NO;JAX;24;31;-148
2023_07_LAC_KC;2023;7;KC;LAC;31;17;-265
2023_07_LAC_KC;2023;7;LAC;KC;17;31;215
2023_07_LV_CHI;2023;7;CHI;LV;30;12;120
2023_07_LV_CHI;2023;7;LV;CHI;12;30;-142
2023_07_MIA_PHI;2023;7;MIA;PHI;17;31;130
2023_07_MIA_PHI;2023;7;PHI;MIA;31;17;-155
2023_07_PIT_LA;2023;7;LA;PIT;17;24;-175
2023_07_PIT_LA;2023;7;PIT;LA;24;17;145
2023_07_SF_MIN;2023;7;MIN;SF;22;17;260
2023_07_SF_MIN;2023;7;SF;MIN;17;22;-325
2023_07_WAS_NYG;2023;7;NYG;WAS;14;7;136
2023_07_WAS_NYG;2023;7;WAS;NYG;7;14;-162
2023_08_ATL_TEN;2023;8;ATL;TEN;23;28;-130
2023_08_ATL_TEN;2023;8;TEN;ATL;28;23;110
2023_08_BAL_ARI;2023;8;ARI;BAL;24;31;380
2023_08_BAL_ARI;2023;8;BAL;ARI;31;24;-500
2023_08_CHI_LAC;2023;8;CHI;LAC;13;30;340
2023_08_CHI_LAC;2023;8;LAC;CHI;30;13;-440
2023_08_CIN_SF;2023;8;CIN;SF;31;17;170
2023_08_CIN_SF;2023;8;SF;CIN;17;31;-205
2023_08_CLE_SEA;2023;8;CLE;SEA;20;24;164
2023_08_CLE_SEA;2023;8;SEA;CLE;24;20;-198
2023_08_HOU_CAR;2023;8;CAR;HOU;15;13;136
2023_08_HOU_CAR;2023;8;HOU;CAR;13;15;-162
2023_08_JAX_PIT;2023;8;JAX;PIT;20;10;-135
2023_08_JAX_PIT;2023;8;PIT;JAX;10;20;114
2023_08_KC_DEN;2023;8;DEN;KC;24;9;270
2023_08_KC_DEN;2023;8;KC;DEN;9;24;-340
2023_08_LA_DAL;2023;8;DAL;LA;43;20;-310
2023_08_LA_DAL;2023;8;LA;DAL;20;43;250
2023_08_LV_DET;2023;8;DET;LV;26;14;-340
2023_08_LV_DET;2023;8;LV;DET;14;26;270
2023_08_MIN_GB;2023;8;GB;MIN;10;24;-108
2023_08_MIN_GB;2023;8;MIN;GB;24;10;-112
2023_08_NE_MIA;2023;8;MIA;NE;31;17;-380
2023_08_NE_MIA;2023;8;NE;MIA;17;31;300
2023_08_NO_IND;2023;8;IND;NO;27;38;110
2023_08_NO_IND;2023;8;NO;IND;38;27;-130
2023_08_NYJ_NYG;2023;8;NYG;NYJ;10;13;136
2023_08_NYJ_NYG;2023;8;NYJ;NYG;13;10;-162
2023_08_PHI_WAS;2023;8;PHI;WAS;38;31;-305
2023_08_PHI_WAS;2023;8;WAS;PHI;31;38;245
2023_08_TB_BUF;2023;8;BUF;TB;24;18;-485
2023_08_TB_BUF;2023;8;TB;BUF;18;24;370
2023_09_ARI_CLE;2023;9;ARI;CLE;0;27;525
2023_09_ARI_CLE;2023;9;CLE;ARI;27;0;-750
2023_09_BUF_CIN;2023;9;BUF;CIN;18;24;105
2023_09_BUF_CIN;2023;9;CIN;BUF;24;18;-125
2023_09_CHI_NO;2023;9;CHI;NO;17;24;340
2023_09_CHI_NO;2023;9;NO;CHI;24;17;-440
2023_09_DAL_PHI;2023;9;DAL;PHI;23;28;145
2023_09_DAL_PHI;2023;9;PHI;DAL;28;23;-175
2023_09_IND_CAR;2023;9;CAR;IND;13;27;110
2023_09_IND_CAR;2023;9;IND;CAR;27;13;-130
2023_09_LAC_NYJ;2023;9;LAC;NYJ;27;6;-170
2023_09_LAC_NYJ;2023;9;NYJ;LAC;6;27;142
2023_09_LA_GB;2023;9;GB;LA;20;3;-198
2023_09_LA_GB;2023;9;LA;GB;3;20;160
2023_09_MIA_KC;2023;9;KC;MIA;21;14;-115
2023_09_MIA_KC;2023;9;MIA;KC;14;21;-105
2023_09_MIN_ATL;2023;9;ATL;MIN;28;31;-192
2023_09_MIN_ATL;2023;9;MIN;ATL;31;28;160
2023_09_NYG_LV;2023;9;LV;NYG;30;6;-118
2023_09_NYG_LV;2023;9;NYG;LV;6;30;-102
2023_09_SEA_BAL;2023;9;BAL;SEA;37;3;-270
2023_09_SEA_BAL;2023;9;SEA;BAL;3;37;220
2023_09_TB_HOU;2023;9;HOU;TB;39;37;-148
2023_09_TB_HOU;2023;9;TB;HOU;37;39;124
2023_09_TEN_PIT;2023;9;PIT;TEN;20;16;-175
2023_09_TEN_PIT;2023;9;TEN;PIT;16;20;145
2023_09_WAS_NE;2023;9;NE;WAS;17;20;-155
2023_09_WAS_NE;2023;9;WAS;NE;20;17;130
2023_10_ATL_ARI;2023;10;ARI;ATL;25;23;110
2023_10_ATL_ARI;2023;10;ATL;ARI;23;25;-130
2023_10_CAR_CHI;2023;10;CAR;CHI;13;16;150
2023_10_CAR_CHI;2023;10;CHI;CAR;16;13;-180
2023_10_CLE_BAL;2023;10;BAL;CLE;31;33;-258
2023_10_CLE_BAL;2023;10;CLE;BAL;33;31;210
2023_10_DEN_BUF;2023;10;BUF;DEN;22;24;-395
2023_10_DEN_BUF;2023;10;DEN;BUF;24;22;310
2023_10_DET_LAC;2023;10;DET;LAC;41;38;-142
2023_10_DET_LAC;2023;10;LAC;DET;38;41;120
2023_10_GB_PIT;2023;10;GB;PIT;19;23;140
2023_10_GB_PIT;2023;10;PIT;GB;23;19;-166
2023_10_HOU_CIN;2023;10;CIN;HOU;27;30;-250
2023_10_HOU_CIN;2023;10;HOU;CIN;30;27;205
2023_10_IND_NE;2023;10;IND;NE;10;6;-118
2023_10_IND_NE;2023;10;NE;IND;6;10;-102
2023_10_NO_MIN;2023;10;MIN;NO;27;19;130
2023_10_NO_MIN;2023;10;NO;MIN;19;27;-155
2023_10_NYG_DAL;2023;10;DAL;NYG;49;17;-2100
2023_10_NYG_DAL;2023;10;NYG;DAL;17;49;1100
2023_10_NYJ_LV;2023;10;LV;NYJ;16;12;-105
2023_10_NYJ_LV;2023;10;NYJ;LV;12;16;-115
2023_10_SF_JAX;2023;10;JAX;SF;3;34;142
2023_10_SF_JAX;2023;10;SF;JAX;34;3;-170
2023_10_TEN_TB;2023;10;TB;TEN;20;6;-142
2023_10_TEN_TB;2023;10;TEN;TB;6;20;120
2023_10_WAS_SEA;2023;10;SEA;WAS;29;26;-270
2023_10_WAS_SEA;2023;10;WAS;SEA;26;29;220
2023_11_ARI_HOU;2023;11;ARI;HOU;16;21;205
2023_11_ARI_HOU;2023;11;HOU;ARI;21;16;-250
2023_11_CHI_DET;2023;11;CHI;DET;26;31;340
2023_11_CHI_DET;2023;11;DET;CHI;31;26;-440
2023_11_CIN_BAL;2023;11;BAL;CIN;34;20;-205
2023_11_CIN_BAL;2023;11;CIN;BAL;20;34;170
2023_11_DAL_CAR;2023;11;CAR;DAL;10;33;470
2023_11_DAL_CAR;2023;11;DAL;CAR;33;10;-650
2023_11_LAC_GB;2023;11;GB;LAC;23;20;136
2023_11_LAC_GB;2023;11;LAC;GB;20;23;-162
2023_11_LV_MIA;2023;11;LV;MIA;13;20;700
2023_11_LV_MIA;2023;11;MIA;LV;20;13;-1100
2023_11_MIN_DEN;2023;11;DEN;MIN;21;20;-142
2023_11_MIN_DEN;2023;11;MIN;DEN;20;21;120
2023_11_NYG_WAS;2023;11;NYG;WAS;31;19;310
2023_11_NYG_WAS;2023;11;WAS;NYG;19;31;-395
2023_11_NYJ_BUF;2023;11;BUF;NYJ;32;6;-395
2023_11_NYJ_BUF;2023;11;NYJ;BUF;6;32;310
2023_11_PHI_KC;2023;11;KC;PHI;17;21;-148
2023_11_PHI_KC;2023;11;PHI;KC;21;17;124
2023_11_PIT_CLE;2023;11;CLE;PIT;13;10;-142
2023_11_PIT_CLE;2023;11;PIT;CLE;10;13;120
2023_11_SEA_LA;2023;11;LA;SEA;17;16;-135
2023_11_SEA_LA;2023;11;SEA;LA;16;17;114
2023_11_TB_SF;2023;11;SF;TB;27;14;-950
2023_11_TB_SF;2023;11;TB;SF;14;27;625
2023_11_TEN_JAX;2023;11;JAX;TEN;34;14;-290
2023_11_TEN_JAX;2023;11;TEN;JAX;14;34;235
2023_12_BAL_LAC;2023;12;BAL;LAC;20;10;-170
2023_12_BAL_LAC;2023;12;LAC;BAL;10;20;142
2023_12_BUF_PHI;2023;12;BUF;PHI;34;37;124
2023_12_BUF_PHI;2023;12;PHI;BUF;37;34;-148
2023_12_CAR_TEN;2023;12;CAR;TEN;10;17;145
2023_12_CAR_TEN;2023;12;TEN;CAR;17;10;-175
2023_12_CHI_MIN;2023;12;CHI;MIN;12;10;140
2023_12_CHI_MIN;2023;12;MIN;CHI;10;12;-166
2023_12_CLE_DEN;2023;12;CLE;DEN;12;29;105
2023_12_CLE_DEN;2023;12;DEN;CLE;29;12;-125
2023_12_GB_DET;2023;12;DET;GB;22;29;-425
2023_12_GB_DET;2023;12;GB;DET;29;22;330
2023_12_JAX_HOU;2023;12;HOU;JAX;21;24;-105
2023_12_JAX_HOU;2023;12;JAX;HOU;24;21;-115
2023_12_KC_LV;2023;12;KC;LV;31;17;-500
2023_12_KC_LV;2023;12;LV;KC;17;31;380
2023_12_LA_ARI;2023;12;ARI;LA;14;37;124
2023_12_LA_ARI;2023;12;LA;ARI;37;14;-148
2023_12_MIA_NYJ;2023;12;MIA;NYJ;34;13;-500
2023_12_MIA_NYJ;2023;12;NYJ;MIA;13;34;380
2023_12_NE_NYG;2023;12;NE;NYG;7;10;-218
2023_12_NE_NYG;2023;12;NYG;NE;10;7;180
2023_12_NO_ATL;2023;12;ATL;NO;24;15;110
2023_12_NO_ATL;2023;12;NO;ATL;15;24;-130
2023_12_PIT_CIN;2023;12;CIN;PIT;10;16;114
2023_12_PIT_CIN;2023;12;PIT;CIN;16;10;-135
2023_12_SF_SEA;2023;12;SEA;SF;13;31;280
2023_12_SF_SEA;2023;12;SF;SEA;31;13;-355
2023_12_TB_IND;2023;12;IND;TB;27;20;-155
2023_12_TB_IND;2023;12;TB;IND;20;27;130
2023_12_WAS_DAL;2023;12;DAL;WAS;45;10;-800
2023_12_WAS_DAL;2023;12;WAS;DAL;10;45;550
2023_13_ARI_PIT;2023;13;ARI;PIT;24;10;230
2023_13_ARI_PIT;2023;13;PIT;ARI;10;24;-285
2023_13_ATL_NYJ;2023;13;ATL;NYJ;13;8;-125
2023_13_ATL_NYJ;2023;13;NYJ;ATL;8;13;105
2023_13_CAR_TB;2023;13;CAR;TB;18;21;164
2023_13_CAR_TB;2023;13;TB;CAR;21;18;-198
2023_13_CIN_JAX;2023;13;CIN;JAX;34;31;410
2023_13_CIN_JAX;2023;13;JAX;CIN;31;34;-550
2023_13_CLE_LA;2023;13;CLE;LA;19;36;160
2023_13_CLE_LA;2023;13;LA;CLE;36;19;-192
2023_13_DEN_HOU;2023;13;DEN;HOU;17;22;142
2023_13_DEN_HOU;2023;13;HOU;DEN;22;17;-170
2023_13_DET_NO;2023;13;DET;NO;33;28;-198
2023_13_DET_NO;2023;13;NO;DET;28;33;164
2023_13_IND_TEN;2023;13;IND;TEN;31;28;-122
2023_13_IND_TEN;2023;13;TEN;IND;28;31;102
2023_13_KC_GB;2023;13;GB;KC;27;19;215
2023_13_KC_GB;2023;13;KC;GB;19;27;-265
2023_13_LAC_NE;2023;13;LAC;NE;6;0;-225
2023_13_LAC_NE;2023;13;NE;LAC;0;6;185
2023_13_MIA_WAS;2023;13;MIA;WAS;45;15;-455
2023_13_MIA_WAS;2023;13;WAS;MIA;15;45;350
2023_13_SEA_DAL;2023;13;DAL;SEA;41;35;-500
2023_13_SEA_DAL;2023;13;SEA;DAL;35;41;380
2023_13_SF_PHI;2023;13;PHI;SF;19;42;124
2023_13_SF_PHI;2023;13;SF;PHI;42;19;-148
2023_14_BUF_KC;2023;14;BUF;KC;20;17;105
2023_14_BUF_KC;2023;14;KC;BUF;17;20;-125
2023_14_CAR_NO;2023;14;CAR;NO;6;28;200
2023_14_CAR_NO;2023;14;NO;CAR;28;6;-245
2023_14_DEN_LAC;2023;14;DEN;LAC;24;7;136
2023_14_DEN_LAC;2023;14;LAC;DEN;7;24;-162
2023_14_DET_CHI;2023;14;CHI;DET;28;13;142
2023_14_DET_CHI;2023;14;DET;CHI;13;28;-170
2023_14_GB_NYG;2023;14;GB;NYG;22;24;-265
2023_14_GB_NYG;2023;14;NYG;GB;24;22;215
2023_14_HOU_NYJ;2023;14;HOU;NYJ;6;30;-175
2023_14_HOU_NYJ;2023;14;NYJ;HOU;30;6;145
2023_14_IND_CIN;2023;14;CIN;IND;34;14;-148
2023_14_IND_CIN;2023;14;IND;CIN;14;34;124
2023_14_JAX_CLE;2023;14;CLE;JAX;31;27;-142
2023_14_JAX_CLE;2023;14;JAX;CLE;27;31;120
2023_14_LA_BAL;2023;14;BAL;LA;37;31;-360
2023_14_LA_BAL;2023;14;LA;BAL;31;37;285
2023_14_MIN_LV;2023;14;LV;MIN;0;3;130
2023_14_MIN_LV;2023;14;MIN;LV;3;0;-155
2023_14_NE_PIT;2023;14;NE;PIT;21;18;220
2023_14_NE_PIT;2023;14;PIT;NE;18;21;-270
2023_14_PHI_DAL;2023;14;DAL;PHI;33;13;-175
2023_14_PHI_DAL;2023;14;PHI;DAL;13;33;145
2023_14_SEA_SF;2023;14;SEA;SF;16;28;650
2023_14_SEA_SF;2023;14;SF;SEA;28;16;-1000
2023_14_TB_ATL;2023;14;ATL;TB;25;29;-125
2023_14_TB_ATL;2023;14;TB;ATL;29;25;105
2023_14_TEN_MIA;2023;14;MIA;TEN;27;28;-950
2023_14_TEN_MIA;2023;14;TEN;MIA;28;27;625
2023_15_ATL_CAR;2023;15;ATL;CAR;7;9;-155
2023_15_ATL_CAR;2023;15;CAR;ATL;9;7;130
2023_15_BAL_JAX;2023;15;BAL;JAX;23;7;-225
2023_15_BAL_JAX;2023;15;JAX;BAL;7;23;185
2023_15_CHI_CLE;2023;15;CHI;CLE;17;20;124
2023_15_CHI_CLE;2023;15;CLE;CHI;20;17;-148
2023_15_DAL_BUF;2023;15;BUF;DAL;31;10;-135
2023_15_DAL_BUF;2023;15;DAL;BUF;10;31;114
2023_15_DEN_DET;2023;15;DEN;DET;17;42;210
2023_15_DEN_DET;2023;15;DET;DEN;42;17;-258
2023_15_HOU_TEN;2023;15;HOU;TEN;19;16;142
2023_15_HOU_TEN;2023;15;TEN;HOU;16;19;-170
2023_15_KC_NE;2023;15;KC;NE;27;17;-485
2023_15_KC_NE;2023;15;NE;KC;17;27;370
2023_15_LAC_LV;2023;15;LAC;LV;21;63;136
2023_15_LAC_LV;2023;15;LV;LAC;63;21;-162
2023_15_MIN_CIN;2023;15;CIN;MIN;27;24;-175
2023_15_MIN_CIN;2023;15;MIN;CIN;24;27;145
2023_15_NYG_NO;2023;15;NO;NYG;24;6;-250
2023_15_NYG_NO;2023;15;NYG;NO;6;24;205
2023_15_NYJ_MIA;2023;15;MIA;NYJ;30;0;-345
2023_15_NYJ_MIA;2023;15;NYJ;MIA;0;30;275
2023_15_PHI_SEA;2023;15;PHI;SEA;17;20;-238
2023_15_PHI_SEA;2023;15;SEA;PHI;20;17;195
2023_15_PIT_IND;2023;15;IND;PIT;30;13;-122
2023_15_PIT_IND;2023;15;PIT;IND;13;30;102
2023_15_SF_ARI;2023;15;ARI;SF;29;45;525
2023_15_SF_ARI;2023;15;SF;ARI;45;29;-750
2023_15_TB_GB;2023;15;GB;TB;20;34;-218
2023_15_TB_GB;2023;15;TB;GB;34;20;180
2023_15_WAS_LA;2023;15;LA;WAS;28;20;-298
2023_15_WAS_LA;2023;15;WAS;LA;20;28;240
2023_16_ARI_CHI;2023;16;ARI;CHI;16;27;180
2023_16_ARI_CHI;2023;16;CHI;ARI;27;16;-218
2023_16_BAL_SF;2023;16;BAL;SF;33;19;275
2023_16_BAL_SF;2023;16;SF;BAL;19;33;-345
2023_16_BUF_LAC;2023;16;BUF;LAC;24;22;-800
2023_16_BUF_LAC;2023;16;LAC;BUF;22;24;550
2023_16_CIN_PIT;2023;16;CIN;PIT;11;34;-155
2023_16_CIN_PIT;2023;16;PIT;CIN;34;11;130
2023_16_CLE_HOU;2023;16;CLE;HOU;36;22;-162
2023_16_CLE_HOU;2023;16;HOU;CLE;22;36;136
2023_16_DAL_MIA;2023;16;DAL;MIA;20;22;102
2023_16_DAL_MIA;2023;16;MIA;DAL;22;20;-122
2023_16_DET_MIN;2023;16;DET;MIN;30;24;-148
2023_16_DET_MIN;2023;16;MIN;DET;24;30;124
2023_16_GB_CAR;2023;16;CAR;GB;30;33;164
2023_16_GB_CAR;2023;16;GB;CAR;33;30;-198
2023_16_IND_ATL;2023;16;ATL;IND;29;10;-155
2023_16_IND_ATL;2023;16;IND;ATL;10;29;130
2023_16_JAX_TB;2023;16;JAX;TB;12;30;-125
2023_16_JAX_TB;2023;16;TB;JAX;30;12;105
2023_16_LV_KC;2023;16;KC;LV;14;20;-600
2023_16_LV_KC;2023;16;LV;KC;20;14;440
2023_16_NE_DEN;2023;16;DEN;NE;23;26;-340
2023_16_NE_DEN;2023;16;NE;DEN;26;23;270
2023_16_NO_LA;2023;16;LA;NO;30;22;-218
2023_16_NO_LA;2023;16;NO;LA;22;30;180
2023_16_NYG_PHI;2023;16;NYG;PHI;25;33;600
2023_16_NYG_PHI;2023;16;PHI;NYG;33;25;-900
2023_16_SEA_TEN;2023;16;SEA;TEN;20;17;-166
2023_16_SEA_TEN;2023;16;TEN;SEA;17;20;140
2023_16_WAS_NYJ;2023;16;NYJ;WAS;30;28;-166
2023_16_WAS_NYJ;2023;16;WAS;NYJ;28;30;140
2023_17_ARI_PHI;2023;17;ARI;PHI;35;31;525
2023_17_ARI_PHI;2023;17;PHI;ARI;31;35;-750
2023_17_ATL_CHI;2023;17;ATL;CHI;17;37;130
2023_17_ATL_CHI;2023;17;CHI;ATL;37;17;-155
2023_17_CAR_JAX;2023;17;CAR;JAX;0;26;160
2023_17_CAR_JAX;2023;17;JAX;CAR;26;0;-192
2023_17_CIN_KC;2023;17;CIN;KC;17;25;275
2023_17_CIN_KC;2023;17;KC;CIN;25;17;-345
2023_17_DET_DAL;2023;17;DAL;DET;20;19;-238
2023_17_DET_DAL;2023;17;DET;DAL;19;20;195
2023_17_GB_MIN;2023;17;GB;MIN;33;10;-108
2023_17_GB_MIN;2023;17;MIN;GB;10;33;-112
2023_17_LAC_DEN;2023;17;DEN;LAC;16;9;-198
2023_17_LAC_DEN;2023;17;LAC;DEN;9;16;164
2023_17_LA_NYG;2023;17;LA;NYG;26;25;-298
2023_17_LA_NYG;2023;17;NYG;LA;25;26;240
2023_17_LV_IND;2023;17;IND;LV;23;20;-180
2023_17_LV_IND;2023;17;LV;IND;20;23;150
2023_17_MIA_BAL;2023;17;BAL;MIA;56;19;-180
2023_17_MIA_BAL;2023;17;MIA;BAL;19;56;150
2023_17_NE_BUF;2023;17;BUF;NE;27;21;-1200
2023_17_NE_BUF;2023;17;NE;BUF;21;27;750
2023_17_NO_TB;2023;17;NO;TB;23;13;124
2023_17_NO_TB;2023;17;TB;NO;13;23;-148
2023_17_NYJ_CLE;2023;17;CLE;NYJ;37;20;-345
2023_17_NYJ_CLE;2023;17;NYJ;CLE;20;37;270
2023_17_PIT_SEA;2023;17;PIT;SEA;30;23;185
2023_17_PIT_SEA;2023;17;SEA;PIT;23;30;-225
2023_17_SF_WAS;2023;17;SF;WAS;27;10;-1050
2023_17_SF_WAS;2023;17;WAS;SF;10;27;675
2023_17_TEN_HOU;2023;17;HOU;TEN;26;3;-230
2023_17_TEN_HOU;2023;17;TEN;HOU;3;26;190
2023_18_ATL_NO;2023;18;ATL;NO;17;48;145
2023_18_ATL_NO;2023;18;NO;ATL;48;17;-175
2023_18_BUF_MIA;2023;18;BUF;MIA;21;14;-155
2023_18_BUF_MIA;2023;18;MIA;BUF;14;21;130
2023_18_CHI_GB;2023;18;CHI;GB;9;17;124
2023_18_CHI_GB;2023;18;GB;CHI;17;9;-148
2023_18_CLE_CIN;2023;18;CIN;CLE;31;14;-360
2023_18_CLE_CIN;2023;18;CLE;CIN;14;31;285
2023_18_DAL_WAS;2023;18;DAL;WAS;38;10;-850
2023_18_DAL_WAS;2023;18;WAS;DAL;10;38;575
2023_18_DEN_LV;2023;18;DEN;LV;14;27;145
2023_18_DEN_LV;2023;18;LV;DEN;27;14;-175
2023_18_HOU_IND;2023;18;HOU;IND;23;19;-125
2023_18_HOU_IND;2023;18;IND;HOU;19;23;105
2023_18_JAX_TEN;2023;18;JAX;TEN;20;28;-185
2023_18_JAX_TEN;2023;18;TEN;JAX;28;20;154
2023_18_KC_LAC;2023;18;KC;LAC;13;12;154
2023_18_KC_LAC;2023;18;LAC;KC;12;13;-185
2023_18_LA_SF;2023;18;LA;SF;21;20;200
2023_18_LA_SF;2023;18;SF;LA;20;21;-245
2023_18_MIN_DET;2023;18;DET;MIN;30;20;-205
2023_18_MIN_DET;2023;18;MIN;DET;20;30;170
2023_18_NYJ_NE;2023;18;NE;NYJ;3;17;-142
2023_18_NYJ_NE;2023;18;NYJ;NE;17;3;120
2023_18_PHI_NYG;2023;18;NYG;PHI;27;10;190
2023_18_PHI_NYG;2023;18;PHI;NYG;10;27;-238
2023_18_PIT_BAL;2023;18;BAL;PIT;10;17;130
2023_18_PIT_BAL;2023;18;PIT;BAL;17;10;-155
2023_18_SEA_ARI;2023;18;ARI;SEA;20;21;130
2023_18_SEA_ARI;2023;18;SEA;ARI;21;20;-155
2023_18_TB_CAR;2023;18;CAR;TB;0;9;200
2023_18_TB_CAR;2023;18;TB;CAR;9;0;-245
2023_19_CLE_HOU;2023;19;CLE;HOU;14;45;-148
2023_19_CLE_HOU;2023;19;HOU;CLE;45;14;124
2023_19_GB_DAL;2023;19;DAL;GB;32;48;-345
2023_19_GB_DAL;2023;19;GB;DAL;48;32;275
2023_19_LA_DET;2023;19;DET;LA;24;23;-162
2023_19_LA_DET;2023;19;LA;DET;23;24;136
2023_19_MIA_KC;2023;19;KC;MIA;26;7;-230
2023_19_MIA_KC;2023;19;MIA;KC;7;26;190
2023_19_PHI_TB;2023;19;PHI;TB;9;32;-162
2023_19_PHI_TB;2023;19;TB;PHI;32;9;136
2023_19_PIT_BUF;2023;19;BUF;PIT;31;17;-485
2023_19_PIT_BUF;2023;19;PIT;BUF;17;31;370
2023_20_GB_SF;2023;20;GB;SF;21;24;360
2023_20_GB_SF;2023;20;SF;GB;24;21;-470
2023_20_HOU_BAL;2023;20;BAL;HOU;34;10;-425
2023_20_HOU_BAL;2023;20;HOU;BAL;10;34;330
2023_20_KC_BUF;2023;20;BUF;KC;24;27;-142
2023_20_KC_BUF;2023;20;KC;BUF;27;24;120
2023_20_TB_DET;2023;20;DET;TB;31;23;-278
2023_20_TB_DET;2023;20;TB;DET;23;31;225
2023_21_DET_SF;2023;21;DET;SF;31;34;260
2023_21_DET_SF;2023;21;SF;DET;34;31;-325
2023_21_KC_BAL;2023;21;BAL;KC;10;17;-218
2023_21_KC_BAL;2023;21;KC;BAL;17;10;180
2023_22_SF_KC;2023;22;KC;SF;25;22;100
2023_22_SF_KC;2023;22;SF;KC;22;25;-120
2024_01_ARI_BUF;2024;1;ARI;BUF;28;34;250
2024_01_ARI_BUF;2024;1;BUF;ARI;34;28;-310
2024_01_BAL_KC;2024;1;BAL;KC;20;27;124
2024_01_BAL_KC;2024;1;KC;BAL;27;20;-148
2024_01_CAR_NO;2024;1;CAR;NO;10;47;160
2024_01_CAR_NO;2024;1;NO;CAR;47;10;-192
2024_01_DAL_CLE;2024;1;CLE;DAL;17;33;-130
2024_01_DAL_CLE;2024;1;DAL;CLE;33;17;110
2024_01_DEN_SEA;2024;1;DEN;SEA;20;26;225
2024_01_DEN_SEA;2024;1;SEA;DEN;26;20;-278
2024_01_GB_PHI;2024;1;GB;PHI;29;34;110
2024_01_GB_PHI;2024;1;PHI;GB;34;29;-130
2024_01_HOU_IND;2024;1;HOU;IND;29;27;-155
2024_01_HOU_IND;2024;1;IND;HOU;27;29;130
2024_01_JAX_MIA;2024;1;JAX;MIA;17;20;150
2024_01_JAX_MIA;2024;1;MIA;JAX;20;17;-180
2024_01_LA_DET;2024;1;DET;LA;26;20;-225
2024_01_LA_DET;2024;1;LA;DET;20;26;185
2024_01_LV_LAC;2024;1;LAC;LV;22;10;-155
2024_01_LV_LAC;2024;1;LV;LAC;10;22;130
2024_01_MIN_NYG;2024;1;MIN;NYG;28;6;-115
2024_01_MIN_NYG;2024;1;NYG;MIN;6;28;-105
2024_01_NE_CIN;2024;1;CIN;NE;10;16;-375
2024_01_NE_CIN;2024;1;NE;CIN;16;10;295
2024_01_NYJ_SF;2024;1;NYJ;SF;19;32;150
2024_01_NYJ_SF;2024;1;SF;NYJ;32;19;-180
2024_01_PIT_ATL;2024;1;ATL;PIT;10;18;-192
2024_01_PIT_ATL;2024;1;PIT;ATL;18;10;160
2024_01_TEN_CHI;2024;1;CHI;TEN;24;17;-198
2024_01_TEN_CHI;2024;1;TEN;CHI;17;24;164
2024_01_WAS_TB;2024;1;TB;WAS;37;20;-198
2024_01_WAS_TB;2024;1;WAS;TB;20;37;164
2024_02_ATL_PHI;2024;2;ATL;PHI;22;21;215
2024_02_ATL_PHI;2024;2;PHI;ATL;21;22;-265
2024_02_BUF_MIA;2024;2;BUF;MIA;31;10;114
2024_02_BUF_MIA;2024;2;MIA;BUF;10;31;-135
2024_02_CHI_HOU;2024;2;CHI;HOU;13;19;210
2024_02_CHI_HOU;2024;2;HOU;CHI;19;13;-258
2024_02_CIN_KC;2024;2;CIN;KC;25;26;235
2024_02_CIN_KC;2024;2;KC;CIN;26;25;-290
2024_02_CLE_JAX;2024;2;CLE;JAX;18;13;142
2024_02_CLE_JAX;2024;2;JAX;CLE;13;18;-170
2024_02_IND_GB;2024;2;GB;IND;16;10;120
2024_02_IND_GB;2024;2;IND;GB;10;16;-142
2024_02_LAC_CAR;2024;2;CAR;LAC;3;26;185
2024_02_LAC_CAR;2024;2;LAC;CAR;26;3;-225
2024_02_LA_ARI;2024;2;ARI;LA;41;10;-108
2024_02_LA_ARI;2024;2;LA;ARI;10;41;-112
2024_02_LV_BAL;2024;2;BAL;LV;23;26;-455
2024_02_LV_BAL;2024;2;LV;BAL;26;23;350
2024_02_NO_DAL;2024;2;DAL;NO;19;44;-290
2024_02_NO_DAL;2024;2;NO;DAL;44;19;235
2024_02_NYG_WAS;2024;2;NYG;WAS;18;21;105
2024_02_NYG_WAS;2024;2;WAS;NYG;21;18;-125
2024_02_NYJ_TEN;2024;2;NYJ;TEN;24;17;-180
2024_02_NYJ_TEN;2024;2;TEN;NYJ;17;24;150
2024_02_PIT_DEN;2024;2;DEN;PIT;6;13;130
2024_02_PIT_DEN;2024;2;PIT;DEN;13;6;-155
2024_02_SEA_NE;2024;2;NE;SEA;20;23;142
2024_02_SEA_NE;2024;2;SEA;NE;23;20;-170
2024_02_SF_MIN;2024;2;MIN;SF;23;17;180
2024_02_SF_MIN;2024;2;SF;MIN;17;23;-218
2024_02_TB_DET;2024;2;DET;TB;16;20;-375
2024_02_TB_DET;2024;2;TB;DET;20;16;295
2024_03_BAL_DAL;2024;3;BAL;DAL;28;25;-120
2024_03_BAL_DAL;2024;3;DAL;BAL;25;28;100
2024_03_CAR_LV;2024;3;CAR;LV;36;22;200
2024_03_CAR_LV;2024;3;LV;CAR;22;36;-245
2024_03_CHI_IND;2024;3;CHI;IND;16;21;105
2024_03_CHI_IND;2024;3;IND;CHI;21;16;-125
2024_03_DEN_TB;2024;3;DEN;TB;26;7;200
2024_03_DEN_TB;2024;3;TB;DEN;7;26;-245
2024_03_DET_ARI;2024;3;ARI;DET;13;20;124
2024_03_DET_ARI;2024;3;DET;ARI;20;13;-148
2024_03_GB_TEN;2024;3;GB;TEN;30;14;136
2024_03_GB_TEN;2024;3;TEN;GB;14;30;-162
2024_03_HOU_MIN;2024;3;HOU;MIN;7;34;-135
2024_03_HOU_MIN;2024;3;MIN;HOU;34;7;114
2024_03_JAX_BUF;2024;3;BUF;JAX;47;10;-218
2024_03_JAX_BUF;2024;3;JAX;BUF;10;47;180
2024_03_KC_ATL;2024;3;ATL;KC;17;22;142
2024_03_KC_ATL;2024;3;KC;ATL;22;17;-170
2024_03_LAC_PIT;2024;3;LAC;PIT;10;20;124
2024_03_LAC_PIT;2024;3;PIT;LAC;20;10;-148
2024_03_MIA_SEA;2024;3;MIA;SEA;3;24;170
2024_03_MIA_SEA;2024;3;SEA;MIA;24;3;-205
2024_03_NE_NYJ;2024;3;NE;NYJ;3;24;230
2024_03_NE_NYJ;2024;3;NYJ;NE;24;3;-285
2024_03_NYG_CLE;2024;3;CLE;NYG;15;21;-270
2024_03_NYG_CLE;2024;3;NYG;CLE;21;15;220
2024_03_PHI_NO;2024;3;NO;PHI;12;15;-142
2024_03_PHI_NO;2024;3;PHI;NO;15;12;120
2024_03_SF_LA;2024;3;LA;SF;27;24;210
2024_03_SF_LA;2024;3;SF;LA;24;27;-258
2024_03_WAS_CIN;2024;3;CIN;WAS;33;38;-355
2024_03_WAS_CIN;2024;3;WAS;CIN;38;33;280
2024_04_BUF_BAL;2024;4;BAL;BUF;35;10;-135
2024_04_BUF_BAL;2024;4;BUF;BAL;10;35;114
2024_04_CIN_CAR;2024;4;CAR;CIN;24;34;170
2024_04_CIN_CAR;2024;4;CIN;CAR;34;24;-205
2024_04_CLE_LV;2024;4;CLE;LV;16;20;-135
2024_04_CLE_LV;2024;4;LV;CLE;20;16;114
2024_04_DAL_NYG;2024;4;DAL;NYG;20;15;-250
2024_04_DAL_NYG;2024;4;NYG;DAL;15;20;205
2024_04_DEN_NYJ;2024;4;DEN;NYJ;10;9;330
2024_04_DEN_NYJ;2024;4;NYJ;DEN;9;10;-425
2024_04_JAX_HOU;2024;4;HOU;JAX;24;20;-238
2024_04_JAX_HOU;2024;4;JAX;HOU;20;24;195
2024_04_KC_LAC;2024;4;KC;LAC;17;10;-345
2024_04_KC_LAC;2024;4;LAC;KC;10;17;275
2024_04_LA_CHI;2024;4;CHI;LA;24;18;-162
2024_04_LA_CHI;2024;4;LA;CHI;18;24;136
2024_04_MIN_GB;2024;4;GB;MIN;29;31;-135
2024_04_MIN_GB;2024;4;MIN;GB;31;29;114
2024_04_NE_SF;2024;4;NE;SF;13;30;410
2024_04_NE_SF;2024;4;SF;NE;30;13;-550
2024_04_NO_ATL;2024;4;ATL;NO;26;24;-142
2024_04_NO_ATL;2024;4;NO;ATL;24;26;120
2024_04_PHI_TB;2024;4;PHI;TB;16;33;-115
2024_04_PHI_TB;2024;4;TB;PHI;33;16;-105
2024_04_PIT_IND;2024;4;IND;PIT;27;24;110
2024_04_PIT_IND;2024;4;PIT;IND;24;27;-130
2024_04_SEA_DET;2024;4;DET;SEA;42;29;-185
2024_04_SEA_DET;2024;4;SEA;DET;29;42;154
2024_04_TEN_MIA;2024;4;MIA;TEN;12;31;-135
2024_04_TEN_MIA;2024;4;TEN;MIA;31;12;114
2024_04_WAS_ARI;2024;4;ARI;WAS;14;42;-180
2024_04_WAS_ARI;2024;4;WAS;ARI;42;14;150
2024_05_ARI_SF;2024;5;ARI;SF;24;23;260
2024_05_ARI_SF;2024;5;SF;ARI;23;24;-325
2024_05_BAL_CIN;2024;5;BAL;CIN;41;38;-148
2024_05_BAL_CIN;2024;5;CIN;BAL;38;41;124
2024_05_BUF_HOU;2024;5;BUF;HOU;20;23;-102
2024_05_BUF_HOU;2024;5;HOU;BUF;23;20;-118
2024_05_CAR_CHI;2024;5;CAR;CHI;10;36;164
2024_05_CAR_CHI;2024;5;CHI;CAR;36;10;-198
2024_05_CLE_WAS;2024;5;CLE;WAS;13;34;130
2024_05_CLE_WAS;2024;5;WAS;CLE;34;13;-155
2024_05_DAL_PIT;2024;5;DAL;PIT;20;17;114
2024_05_DAL_PIT;2024;5;PIT;DAL;17;20;-135
2024_05_GB_LA;2024;5;GB;LA;24;19;-155
2024_05_GB_LA;2024;5;LA;GB;19;24;130
2024_05_IND_JAX;2024;5;IND;JAX;34;37;154
2024_05_IND_JAX;2024;5;JAX;IND;37;34;-185
2024_05_LV_DEN;2024;5;DEN;LV;34;18;-155
2024_05_LV_DEN;2024;5;LV;DEN;18;34;130
2024_05_MIA_NE;2024;5;MIA;NE;15;10;-130
2024_05_MIA_NE;2024;5;NE;MIA;10;15;110
2024_05_NO_KC;2024;5;KC;NO;26;13;-230
2024_05_NO_KC;2024;5;NO;KC;13;26;190
2024_05_NYG_SEA;2024;5;NYG;SEA;29;20;250
2024_05_NYG_SEA;2024;5;SEA;NYG;20;29;-310
2024_05_NYJ_MIN;2024;5;MIN;NYJ;23;17;-142
2024_05_NYJ_MIN;2024;5;NYJ;MIN;17;23;120
2024_05_TB_ATL;2024;5;ATL;TB;36;30;-142
2024_05_TB_ATL;2024;5;TB;ATL;30;36;120
2024_06_ARI_GB;2024;6;ARI;GB;13;34;195
2024_06_ARI_GB;2024;6;GB;ARI;34;13;-238
2024_06_ATL_CAR;2024;6;ATL;CAR;38;20;-258
2024_06_ATL_CAR;2024;6;CAR;ATL;20;38;210
2024_06_BUF_NYJ;2024;6;BUF;NYJ;23;20;-122
2024_06_BUF_NYJ;2024;6;NYJ;BUF;20;23;102
2024_06_CIN_NYG;2024;6;CIN;NYG;17;7;-230
2024_06_CIN_NYG;2024;6;NYG;CIN;7;17;190
2024_06_CLE_PHI;2024;6;CLE;PHI;16;20;330
2024_06_CLE_PHI;2024;6;PHI;CLE;20;16;-425
2024_06_DET_DAL;2024;6;DAL;DET;9;47;150
2024_06_DET_DAL;2024;6;DET;DAL;47;9;-180
2024_06_HOU_NE;2024;6;HOU;NE;41;21;-265
2024_06_HOU_NE;2024;6;NE;HOU;21;41;215
2024_06_IND_TEN;2024;6;IND;TEN;20;17;114
2024_06_IND_TEN;2024;6;TEN;IND;17;20;-135
2024_06_JAX_CHI;2024;6;CHI;JAX;35;16;100
2024_06_JAX_CHI;2024;6;JAX;CHI;16;35;-120
2024_06_LAC_DEN;2024;6;DEN;LAC;16;23;130
2024_06_LAC_DEN;2024;6;LAC;DEN;23;16;-155
2024_06_PIT_LV;2024;6;LV;PIT;13;32;150
2024_06_PIT_LV;2024;6;PIT;LV;32;13;-180
2024_06_SF_SEA;2024;6;SEA;SF;24;36;164
2024_06_SF_SEA;2024;6;SF;SEA;36;24;-198
2024_06_TB_NO;2024;6;NO;TB;27;51;145
2024_06_TB_NO;2024;6;TB;NO;51;27;-175
2024_06_WAS_BAL;2024;6;BAL;WAS;30;23;-285
2024_06_WAS_BAL;2024;6;WAS;BAL;23;30;230
2024_07_BAL_TB;2024;7;BAL;TB;41;31;-225
2024_07_BAL_TB;2024;7;TB;BAL;31;41;185
2024_07_CAR_WAS;2024;7;CAR;WAS;7;40;400
2024_07_CAR_WAS;2024;7;WAS;CAR;40;7;-535
2024_07_CIN_CLE;2024;7;CIN;CLE;21;14;-230
2024_07_CIN_CLE;2024;7;CLE;CIN;14;21;190
2024_07_DEN_NO;2024;7;DEN;NO;33;10;-148
2024_07_DEN_NO;2024;7;NO;DEN;10;33;124
2024_07_DET_MIN;2024;7;DET;MIN;31;29;-102
2024_07_DET_MIN;2024;7;MIN;DET;29;31;-118
2024_07_HOU_GB;2024;7;GB;HOU;24;22;-170
2024_07_HOU_GB;2024;7;HOU;GB;22;24;142
2024_07_KC_SF;2024;7;KC;SF;28;18;120
2024_07_KC_SF;2024;7;SF;KC;18;28;-142
2024_07_LAC_ARI;2024;7;ARI;LAC;17;15;102
2024_07_LAC_ARI;2024;7;LAC;ARI;15;17;-122
2024_07_LV_LA;2024;7;LA;LV;20;15;-355
2024_07_LV_LA;2024;7;LV;LA;15;20;280
2024_07_MIA_IND;2024;7;IND;MIA;16;10;-155
2024_07_MIA_IND;2024;7;MIA;IND;10;16;130
2024_07_NE_JAX;2024;7;JAX;NE;32;16;-298
2024_07_NE_JAX;2024;7;NE;JAX;16;32;240
2024_07_NYJ_PIT;2024;7;NYJ;PIT;15;37;-166
2024_07_NYJ_PIT;2024;7;PIT;NYJ;37;15;140
2024_07_PHI_NYG;2024;7;NYG;PHI;3;28;140
2024_07_PHI_NYG;2024;7;PHI;NYG;28;3;-166
2024_07_SEA_ATL;2024;7;ATL;SEA;14;34;-162
2024_07_SEA_ATL;2024;7;SEA;ATL;34;14;136
2024_07_TEN_BUF;2024;7;BUF;TEN;34;10;-535
2024_07_TEN_BUF;2024;7;TEN;BUF;10;34;400
2024_08_ARI_MIA;2024;8;ARI;MIA;28;27;164
2024_08_ARI_MIA;2024;8;MIA;ARI;27;28;-198
2024_08_ATL_TB;2024;8;ATL;TB;31;26;-122
2024_08_ATL_TB;2024;8;TB;ATL;26;31;102
2024_08_BAL_CLE;2024;8;BAL;CLE;24;29;-380
2024_08_BAL_CLE;2024;8;CLE;BAL;29;24;300
2024_08_BUF_SEA;2024;8;BUF;SEA;31;10;-170
2024_08_BUF_SEA;2024;8;SEA;BUF;10;31;142
2024_08_CAR_DEN;2024;8;CAR;DEN;14;28;525
2024_08_CAR_DEN;2024;8;DEN;CAR;28;14;-750
2024_08_CHI_WAS;2024;8;CHI;WAS;15;18;102
2024_08_CHI_WAS;2024;8;WAS;CHI;18;15;-122
2024_08_DAL_SF;2024;8;DAL;SF;24;30;195
2024_08_DAL_SF;2024;8;SF;DAL;30;24;-238
2024_08_GB_JAX;2024;8;GB;JAX;30;27;-192
2024_08_GB_JAX;2024;8;JAX;GB;27;30;160
2024_08_IND_HOU;2024;8;HOU;IND;23;20;-225
2024_08_IND_HOU;2024;8;IND;HOU;20;23;185
2024_08_KC_LV;2024;8;KC;LV;27;20;-440
2024_08_KC_LV;2024;8;LV;KC;20;27;340
2024_08_MIN_LA;2024;8;LA;MIN;30;20;130
2024_08_MIN_LA;2024;8;MIN;LA;20;30;-155
2024_08_NO_LAC;2024;8;LAC;NO;26;8;-310
2024_08_NO_LAC;2024;8;NO;LAC;8;26;250
2024_08_NYG_PIT;2024;8;NYG;PIT;18;26;220
2024_08_NYG_PIT;2024;8;PIT;NYG;26;18;-270
2024_08_NYJ_NE;2024;8;NE;NYJ;25;22;245
2024_08_NYJ_NE;2024;8;NYJ;NE;22;25;-305
2024_08_PHI_CIN;2024;8;CIN;PHI;17;37;-148
2024_08_PHI_CIN;2024;8;PHI;CIN;37;17;124
2024_08_TEN_DET;2024;8;DET;TEN;52;14;-800
2024_08_TEN_DET;2024;8;TEN;DET;14;52;550
2024_09_CHI_ARI;2024;9;ARI;CHI;29;9;-120
2024_09_CHI_ARI;2024;9;CHI;ARI;9;29;100
2024_09_DAL_ATL;2024;9;ATL;DAL;27;21;-166
2024_09_DAL_ATL;2024;9;DAL;ATL;21;27;140
2024_09_DEN_BAL;2024;9;BAL;DEN;41;10;-440
2024_09_DEN_BAL;2024;9;DEN;BAL;10;41;330
2024_09_DET_GB;2024;9;DET;GB;24;14;-155
2024_09_DET_GB;2024;9;GB;DET;14;24;130
2024_09_HOU_NYJ;2024;9;HOU;NYJ;13;21;124
2024_09_HOU_NYJ;2024;9;NYJ;HOU;21;13;-148
2024_09_IND_MIN;2024;9;IND;MIN;13;21;240
2024_09_IND_MIN;2024;9;MIN;IND;21;13;-298
2024_09_JAX_PHI;2024;9;JAX;PHI;23;28;270
2024_09_JAX_PHI;2024;9;PHI;JAX;28;23;-340
2024_09_LAC_CLE;2024;9;CLE;LAC;10;27;110
2024_09_LAC_CLE;2024;9;LAC;CLE;27;10;-130
2024_09_LA_SEA;2024;9;LA;SEA;26;20;-125
2024_09_LA_SEA;2024;9;SEA;LA;20;26;105
2024_09_LV_CIN;2024;9;CIN;LV;41;24;-410
2024_09_LV_CIN;2024;9;LV;CIN;24;41;320
2024_09_MIA_BUF;2024;9;BUF;MIA;30;27;-285
2024_09_MIA_BUF;2024;9;MIA;BUF;27;30;230
2024_09_NE_TEN;2024;9;NE;TEN;17;20;136
2024_09_NE_TEN;2024;9;TEN;NE;20;17;-162
2024_09_NO_CAR;2024;9;CAR;NO;23;22;275
2024_09_NO_CAR;2024;9;NO;CAR;22;23;-345
2024_09_TB_KC;2024;9;KC;TB;30;24;-425
2024_09_TB_KC;2024;9;TB;KC;24;30;330
2024_09_WAS_NYG;2024;9;NYG;WAS;22;27;180
2024_09_WAS_NYG;2024;9;WAS;NYG;27;22;-218
2024_10_ATL_NO;2024;10;ATL;NO;17;20;-192
2024_10_ATL_NO;2024;10;NO;ATL;20;17;160
2024_10_BUF_IND;2024;10;BUF;IND;30;20;-230
2024_10_BUF_IND;2024;10;IND;BUF;20;30;190
2024_10_CIN_BAL;2024;10;BAL;CIN;35;34;-270
2024_10_CIN_BAL;2024;10;CIN;BAL;34;35;220
2024_10_DEN_KC;2024;10;DEN;KC;14;16;300
2024_10_DEN_KC;2024;10;KC;DEN;16;14;-380
2024_10_DET_HOU;2024;10;DET;HOU;26;23;-230
2024_10_DET_HOU;2024;10;HOU;DET;23;26;190
2024_10_MIA_LA;2024;10;LA;MIA;15;23;-142
2024_10_MIA_LA;2024;10;MIA;LA;23;15;120
2024_10_MIN_JAX;2024;10;JAX;MIN;7;12;280
2024_10_MIN_JAX;2024;10;MIN;JAX;12;7;-345
2024_10_NE_CHI;2024;10;CHI;NE;3;19;-325
2024_10_NE_CHI;2024;10;NE;CHI;19;3;260
2024_10_NYG_CAR;2024;10;CAR;NYG;20;17;240
2024_10_NYG_CAR;2024;10;NYG;CAR;17;20;-298
2024_10_NYJ_ARI;2024;10;ARI;NYJ;31;6;110
2024_10_NYJ_ARI;2024;10;NYJ;ARI;6;31;-130
2024_10_PHI_DAL;2024;10;DAL;PHI;6;34;285
2024_10_PHI_DAL;2024;10;PHI;DAL;34;6;-360
2024_10_PIT_WAS;2024;10;PIT;WAS;28;27;102
2024_10_PIT_WAS;2024;10;WAS;PIT;27;28;-122
2024_10_SF_TB;2024;10;SF;TB;23;20;-298
2024_10_SF_TB;2024;10;TB;SF;20;23;240
2024_10_TEN_LAC;2024;10;LAC;TEN;27;17;-380
2024_10_TEN_LAC;2024;10;TEN;LAC;17;27;300
2024_11_ATL_DEN;2024;11;ATL;DEN;6;38;114
2024_11_ATL_DEN;2024;11;DEN;ATL;38;6;-135
2024_11_BAL_PIT;2024;11;BAL;PIT;16;18;-175
2024_11_BAL_PIT;2024;11;PIT;BAL;18;16;145
2024_11_CIN_LAC;2024;11;CIN;LAC;27;34;-110
2024_11_CIN_LAC;2024;11;LAC;CIN;34;27;-110
2024_11_CLE_NO;2024;11;CLE;NO;14;35;-115
2024_11_CLE_NO;2024;11;NO;CLE;35;14;-105
2024_11_GB_CHI;2024;11;CHI;GB;19;20;215
2024_11_GB_CHI;2024;11;GB;CHI;20;19;-265
2024_11_HOU_DAL;2024;11;DAL;HOU;10;34;285
2024_11_HOU_DAL;2024;11;HOU;DAL;34;10;-360
2024_11_IND_NYJ;2024;11;IND;NYJ;28;27;170
2024_11_IND_NYJ;2024;11;NYJ;IND;27;28;-205
2024_11_JAX_DET;2024;11;DET;JAX;52;6;-1000
2024_11_JAX_DET;2024;11;JAX;DET;6;52;650
2024_11_KC_BUF;2024;11;BUF;KC;30;21;-142
2024_11_KC_BUF;2024;11;KC;BUF;21;30;120
2024_11_LA_NE;2024;11;LA;NE;28;22;-198
2024_11_LA_NE;2024;11;NE;LA;22;28;164
2024_11_LV_MIA;2024;11;LV;MIA;19;34;330
2024_11_LV_MIA;2024;11;MIA;LV;34;19;-425
2024_11_MIN_TEN;2024;11;MIN;TEN;23;13;-290
2024_11_MIN_TEN;2024;11;TEN;MIN;13;23;235
2024_11_SEA_SF;2024;11;SEA;SF;20;17;215
2024_11_SEA_SF;2024;11;SF;SEA;17;20;-265
2024_11_WAS_PHI;2024;11;PHI;WAS;26;18;-230
2024_11_WAS_PHI;2024;11;WAS;PHI;18;26;190
2024_12_ARI_SEA;2024;12;ARI;SEA;6;16;-115
2024_12_ARI_SEA;2024;12;SEA;ARI;16;6;-105
2024_12_BAL_LAC;2024;12;BAL;LAC;30;23;-166
2024_12_BAL_LAC;2024;12;LAC;BAL;23;30;140
2024_12_DAL_WAS;2024;12;DAL;WAS;34;26;455
2024_12_DAL_WAS;2024;12;WAS;DAL;26;34;-625
2024_12_DEN_LV;2024;12;DEN;LV;29;19;-278
2024_12_DEN_LV;2024;12;LV;DEN;19;29;225
2024_12_DET_IND;2024;12;DET;IND;24;6;-375
2024_12_DET_IND;2024;12;IND;DET;6;24;295
2024_12_KC_CAR;2024;12;CAR;KC;27;30;500
2024_12_KC_CAR;2024;12;KC;CAR;30;27;-700
2024_12_MIN_CHI;2024;12;CHI;MIN;27;30;145
2024_12_MIN_CHI;2024;12;MIN;CHI;30;27;-175
2024_12_NE_MIA;2024;12;MIA;NE;34;15;-360
2024_12_NE_MIA;2024;12;NE;MIA;15;34;285
2024_12_PHI_LA;2024;12;LA;PHI;20;37;142
2024_12_PHI_LA;2024;12;PHI;LA;37;20;-170
2024_12_PIT_CLE;2024;12;CLE;PIT;24;19;170
2024_12_PIT_CLE;2024;12;PIT;CLE;19;24;-205
2024_12_SF_GB;2024;12;GB;SF;38;10;-290
2024_12_SF_GB;2024;12;SF;GB;10;38;235
2024_12_TB_NYG;2024;12;NYG;TB;7;30;240
2024_12_TB_NYG;2024;12;TB;NYG;30;7;-298
2024_12_TEN_HOU;2024;12;HOU;TEN;27;32;-375
2024_12_TEN_HOU;2024;12;TEN;HOU;32;27;295
2024_13_ARI_MIN;2024;13;ARI;MIN;22;23;154
2024_13_ARI_MIN;2024;13;MIN;ARI;23;22;-185
2024_13_CHI_DET;2024;13;CHI;DET;20;23;390
2024_13_CHI_DET;2024;13;DET;CHI;23;20;-520
2024_13_CLE_DEN;2024;13;CLE;DEN;32;41;235
2024_13_CLE_DEN;2024;13;DEN;CLE;41;32;-290
2024_13_HOU_JAX;2024;13;HOU;JAX;23;20;-192
2024_13_HOU_JAX;2024;13;JAX;HOU;20;23;160
2024_13_IND_NE;2024;13;IND;NE;25;24;-135
2024_13_IND_NE;2024;13;NE;IND;24;25;114
2024_13_LAC_ATL;2024;13;ATL;LAC;13;17;-102
2024_13_LAC_ATL;2024;13;LAC;ATL;17;13;-118
2024_13_LA_NO;2024;13;LA;NO;21;14;-142
2024_13_LA_NO;2024;13;NO;LA;14;21;120
2024_13_LV_KC;2024;13;KC;LV;19;17;-800
2024_13_LV_KC;2024;13;LV;KC;17;19;550
2024_13_MIA_GB;2024;13;GB;MIA;30;17;-175
2024_13_MIA_GB;2024;13;MIA;GB;17;30;145
2024_13_NYG_DAL;2024;13;DAL;NYG;27;20;-218
2024_13_NYG_DAL;2024;13;NYG;DAL;20;27;185
2024_13_PHI_BAL;2024;13;BAL;PHI;19;24;-162
2024_13_PHI_BAL;2024;13;PHI;BAL;24;19;136
2024_13_PIT_CIN;2024;13;CIN;PIT;38;44;-155
2024_13_PIT_CIN;2024;13;PIT;CIN;44;38;130
2024_13_SEA_NYJ;2024;13;NYJ;SEA;21;26;-115
2024_13_SEA_NYJ;2024;13;SEA;NYJ;26;21;-105
2024_13_SF_BUF;2024;13;BUF;SF;35;10;-340
2024_13_SF_BUF;2024;13;SF;BUF;10;35;270
2024_13_TB_CAR;2024;13;CAR;TB;23;26;235
2024_13_TB_CAR;2024;13;TB;CAR;26;23;-290
2024_13_TEN_WAS;2024;13;TEN;WAS;19;42;205
2024_13_TEN_WAS;2024;13;WAS;TEN;42;19;-250
2024_14_ATL_MIN;2024;14;ATL;MIN;21;42;205
2024_14_ATL_MIN;2024;14;MIN;ATL;42;21;-250
2024_14_BUF_LA;2024;14;BUF;LA;42;44;-192
2024_14_BUF_LA;2024;14;LA;BUF;44;42;160
2024_14_CAR_PHI;2024;14;CAR;PHI;16;22;625
2024_14_CAR_PHI;2024;14;PHI;CAR;22;16;-950
2024_14_CHI_SF;2024;14;CHI;SF;13;38;136
2024_14_CHI_SF;2024;14;SF;CHI;38;13;-162
2024_14_CIN_DAL;2024;14;CIN;DAL;27;20;-230
2024_14_CIN_DAL;2024;14;DAL;CIN;20;27;190
2024_14_CLE_PIT;2024;14;CLE;PIT;14;27;210
2024_14_CLE_PIT;2024;14;PIT;CLE;27;14;-258
2024_14_GB_DET;2024;14;DET;GB;34;31;-170
2024_14_GB_DET;2024;14;GB;DET;31;34;142
2024_14_JAX_TEN;2024;14;JAX;TEN;10;6;142
2024_14_JAX_TEN;2024;14;TEN;JAX;6;10;-170
2024_14_LAC_KC;2024;14;KC;LAC;19;17;-238
2024_14_LAC_KC;2024;14;LAC;KC;17;19;195
2024_14_LV_TB;2024;14;LV;TB;13;28;260
2024_14_LV_TB;2024;14;TB;LV;28;13;-325
2024_14_NO_NYG;2024;14;NO;NYG;14;11;-245
2024_14_NO_NYG;2024;14;NYG;NO;11;14;200
2024_14_NYJ_MIA;2024;14;MIA;NYJ;32;26;-298
2024_14_NYJ_MIA;2024;14;NYJ;MIA;26;32;240
2024_14_SEA_ARI;2024;14;ARI;SEA;18;30;-175
2024_14_SEA_ARI;2024;14;SEA;ARI;30;18;145
2024_15_ATL_LV;2024;15;ATL;LV;15;9;-345
2024_15_ATL_LV;2024;15;LV;ATL;9;15;275
2024_15_BAL_NYG;2024;15;BAL;NYG;35;14;-1800
2024_15_BAL_NYG;2024;15;NYG;BAL;14;35;1000
2024_15_BUF_DET;2024;15;BUF;DET;48;42;110
2024_15_BUF_DET;2024;15;DET;BUF;42;48;-130
2024_15_CHI_MIN;2024;15;CHI;MIN;12;30;260
2024_15_CHI_MIN;2024;15;MIN;CHI;30;12;-325
2024_15_CIN_TEN;2024;15;CIN;TEN;37;27;-250
2024_15_CIN_TEN;2024;15;TEN;CIN;27;37;205
2024_15_DAL_CAR;2024;15;CAR;DAL;14;30;-142
2024_15_DAL_CAR;2024;15;DAL;CAR;30;14;120
2024_15_GB_SEA;2024;15;GB;SEA;30;13;-162
2024_15_GB_SEA;2024;15;SEA;GB;13;30;136
2024_15_IND_DEN;2024;15;DEN;IND;31;13;-238
2024_15_IND_DEN;2024;15;IND;DEN;13;31;195
2024_15_KC_CLE;2024;15;CLE;KC;7;21;190
2024_15_KC_CLE;2024;15;KC;CLE;21;7;-230
2024_15_LA_SF;2024;15;LA;SF;12;6;130
2024_15_LA_SF;2024;15;SF;LA;6;12;-155
2024_15_MIA_HOU;2024;15;HOU;MIA;20;12;-155
2024_15_MIA_HOU;2024;15;MIA;HOU;12;20;130
2024_15_NE_ARI;2024;15;ARI;NE;30;17;-258
2024_15_NE_ARI;2024;15;NE;ARI;17;30;210
2024_15_NYJ_JAX;2024;15;JAX;NYJ;25;32;145
2024_15_NYJ_JAX;2024;15;NYJ;JAX;32;25;-175
2024_15_PIT_PHI;2024;15;PHI;PIT;27;13;-265
2024_15_PIT_PHI;2024;15;PIT;PHI;13;27;215
2024_15_TB_LAC;2024;15;LAC;TB;17;40;-162
2024_15_TB_LAC;2024;15;TB;LAC;40;17;136
2024_15_WAS_NO;2024;15;NO;WAS;19;20;295
2024_15_WAS_NO;2024;15;WAS;NO;20;19;-375
2024_16_ARI_CAR;2024;16;ARI;CAR;30;36;-245
2024_16_ARI_CAR;2024;16;CAR;ARI;36;30;200
2024_16_CLE_CIN;2024;16;CIN;CLE;24;6;-575
2024_16_CLE_CIN;2024;16;CLE;CIN;6;24;425
2024_16_DEN_LAC;2024;16;DEN;LAC;27;34;124
2024_16_DEN_LAC;2024;16;LAC;DEN;34;27;-148
2024_16_DET_CHI;2024;16;CHI;DET;17;34;270
2024_16_DET_CHI;2024;16;DET;CHI;34;17;-340
2024_16_HOU_KC;2024;16;HOU;KC;19;27;150
2024_16_HOU_KC;2024;16;KC;HOU;27;19;-180
2024_16_JAX_LV;2024;16;JAX;LV;14;19;110
2024_16_JAX_LV;2024;16;LV;JAX;19;14;-130
2024_16_LA_NYJ;2024;16;LA;NYJ;19;9;-162
2024_16_LA_NYJ;2024;16;NYJ;LA;9;19;136
2024_16_MIN_SEA;2024;16;MIN;SEA;27;24;-148
2024_16_MIN_SEA;2024;16;SEA;MIN;24;27;124
2024_16_NE_BUF;2024;16;BUF;NE;24;21;-1100
2024_16_NE_BUF;2024;16;NE;BUF;21;24;700
2024_16_NO_GB;2024;16;GB;NO;34;0;-950
2024_16_NO_GB;2024;16;NO;GB;0;34;625
2024_16_NYG_ATL;2024;16;ATL;NYG;34;7;-550
2024_16_NYG_ATL;2024;16;NYG;ATL;7;34;410
2024_16_PHI_WAS;2024;16;PHI;WAS;33;36;-218
2024_16_PHI_WAS;2024;16;WAS;PHI;36;33;180
2024_16_PIT_BAL;2024;16;BAL;PIT;34;17;-345
2024_16_PIT_BAL;2024;16;PIT;BAL;17;34;275
2024_16_SF_MIA;2024;16;MIA;SF;29;17;105
2024_16_SF_MIA;2024;16;SF;MIA;17;29;-125
2024_16_TB_DAL;2024;16;DAL;TB;26;24;180
2024_16_TB_DAL;2024;16;TB;DAL;24;26;-218
2024_16_TEN_IND;2024;16;IND;TEN;38;30;-198
2024_16_TEN_IND;2024;16;TEN;IND;30;38;164
2024_17_ARI_LA;2024;17;ARI;LA;9;13;270
2024_17_ARI_LA;2024;17;LA;ARI;13;9;-340
2024_17_ATL_WAS;2024;17;ATL;WAS;24;30;160
2024_17_ATL_WAS;2024;17;WAS;ATL;30;24;-192
2024_17_BAL_HOU;2024;17;BAL;HOU;31;2;-245
2024_17_BAL_HOU;2024;17;HOU;BAL;2;31;200
2024_17_CAR_TB;2024;17;CAR;TB;14;48;380
2024_17_CAR_TB;2024;17;TB;CAR;48;14;-500
2024_17_DAL_PHI;2024;17;DAL;PHI;7;41;260
2024_17_DAL_PHI;2024;17;PHI;DAL;41;7;-325
2024_17_DEN_CIN;2024;17;CIN;DEN;30;24;-175
2024_17_DEN_CIN;2024;17;DEN;CIN;24;30;145
2024_17_DET_SF;2024;17;DET;SF;40;34;-230
2024_17_DET_SF;2024;17;SF;DET;34;40;190
2024_17_GB_MIN;2024;17;GB;MIN;25;27;-112
2024_17_GB_MIN;2024;17;MIN;GB;27;25;-108
2024_17_IND_NYG;2024;17;IND;NYG;33;45;-410
2024_17_IND_NYG;2024;17;NYG;IND;45;33;320
2024_17_KC_PIT;2024;17;KC;PIT;29;10;-162
2024_17_KC_PIT;2024;17;PIT;KC;10;29;136
2024_17_LAC_NE;2024;17;LAC;NE;40;7;-305
2024_17_LAC_NE;2024;17;NE;LAC;7;40;245
2024_17_LV_NO;2024;17;LV;NO;25;10;-125
2024_17_LV_NO;2024;17;NO;LV;10;25;105
2024_17_MIA_CLE;2024;17;CLE;MIA;3;20;142
2024_17_MIA_CLE;2024;17;MIA;CLE;20;3;-170
2024_17_NYJ_BUF;2024;17;BUF;NYJ;40;14;-520
2024_17_NYJ_BUF;2024;17;NYJ;BUF;14;40;390
2024_17_SEA_CHI;2024;17;CHI;SEA;3;6;160
2024_17_SEA_CHI;2024;17;SEA;CHI;6;3;-192
2024_17_TEN_JAX;2024;17;JAX;TEN;20;13;-112
2024_17_TEN_JAX;2024;17;TEN;JAX;13;20;-108
2024_18_BUF_NE;2024;18;BUF;NE;16;23;-166
2024_18_BUF_NE;2024;18;NE;BUF;23;16;140
2024_18_CAR_ATL;2024;18;ATL;CAR;38;44;-380
2024_18_CAR_ATL;2024;18;CAR;ATL;44;38;300
2024_18_CHI_GB;2024;18;CHI;GB;24;22;320
2024_18_CHI_GB;2024;18;GB;CHI;22;24;-410
2024_18_CIN_PIT;2024;18;CIN;PIT;19;17;-148
2024_18_CIN_PIT;2024;18;PIT;CIN;17;19;124
2024_18_CLE_BAL;2024;18;BAL;CLE;35;10;-2400
2024_18_CLE_BAL;2024;18;CLE;BAL;10;35;1200
2024_18_HOU_TEN;2024;18;HOU;TEN;23;14;120
2024_18_HOU_TEN;2024;18;TEN;HOU;14;23;-142
2024_18_JAX_IND;2024;18;IND;JAX;26;23;-180
2024_18_JAX_IND;2024;18;JAX;IND;23;26;150
2024_18_KC_DEN;2024;18;DEN;KC;38;0;-485
2024_18_KC_DEN;2024;18;KC;DEN;0;38;370
2024_18_LAC_LV;2024;18;LAC;LV;34;20;-345
2024_18_LAC_LV;2024;18;LV;LAC;20;34;275
2024_18_MIA_NYJ;2024;18;MIA;NYJ;20;32;102
2024_18_MIA_NYJ;2024;18;NYJ;MIA;32;20;-122
2024_18_MIN_DET;2024;18;DET;MIN;31;9;-148
2024_18_MIN_DET;2024;18;MIN;DET;9;31;124
2024_18_NO_TB;2024;18;NO;TB;19;27;675
2024_18_NO_TB;2024;18;TB;NO;27;19;-1050
2024_18_NYG_PHI;2024;18;NYG;PHI;13;20;130
2024_18_NYG_PHI;2024;18;PHI;NYG;20;13;-155
2024_18_SEA_LA;2024;18;LA;SEA;25;30;285
2024_18_SEA_LA;2024;18;SEA;LA;30;25;-360
2024_18_SF_ARI;2024;18;ARI;SF;47;24;-192
2024_18_SF_ARI;2024;18;SF;ARI;24;47;160
2024_18_WAS_DAL;2024;18;DAL;WAS;19;23;250
2024_18_WAS_DAL;2024;18;WAS;DAL;23;19;-310
2024_19_DEN_BUF;2024;19;BUF;DEN;31;7;-425
2024_19_DEN_BUF;2024;19;DEN;BUF;7;31;330
2024_19_GB_PHI;2024;19;GB;PHI;10;22;205
2024_19_GB_PHI;2024;19;PHI;GB;22;10;-250
2024_19_LAC_HOU;2024;19;HOU;LAC;32;12;136
2024_19_LAC_HOU;2024;19;LAC;HOU;12;32;-162
2024_19_MIN_LA;2024;19;LA;MIN;27;9;120
2024_19_MIN_LA;2024;19;MIN;LA;9;27;-142
2024_19_PIT_BAL;2024;19;BAL;PIT;28;14;-520
2024_19_PIT_BAL;2024;19;PIT;BAL;14;28;390
2024_19_WAS_TB;2024;19;TB;WAS;20;23;-162
2024_19_WAS_TB;2024;19;WAS;TB;23;20;136
2024_20_BAL_BUF;2024;20;BAL;BUF;25;27;-118
2024_20_BAL_BUF;2024;20;BUF;BAL;27;25;-102
2024_20_HOU_KC;2024;20;HOU;KC;14;23;410
2024_20_HOU_KC;2024;20;KC;HOU;23;14;-550
2024_20_LA_PHI;2024;20;LA;PHI;22;28;260
2024_20_LA_PHI;2024;20;PHI;LA;28;22;-325
2024_20_WAS_DET;2024;20;DET;WAS;31;45;-520
2024_20_WAS_DET;2024;20;WAS;DET;45;31;390
2024_21_BUF_KC;2024;21;BUF;KC;29;32;-102
2024_21_BUF_KC;2024;21;KC;BUF;32;29;-118
2024_21_WAS_PHI;2024;21;PHI;WAS;55;23;-250
2024_21_WAS_PHI;2024;21;WAS;PHI;23;55;205
2024_22_KC_PHI;2024;22;KC;PHI;22;40;-120
2024_22_KC_PHI;2024;22;PHI;KC;40;22;100
2025_01_ARI_NO;2025;1;ARI;NO;20;13;-270
2025_01_ARI_NO;2025;1;NO;ARI;13;20;220
2025_01_BAL_BUF;2025;1;BAL;BUF;40;41;-130
2025_01_BAL_BUF;2025;1;BUF;BAL;41;40;110
2025_01_CAR_JAX;2025;1;CAR;JAX;10;26;170
2025_01_CAR_JAX;2025;1;JAX;CAR;26;10;-205
2025_01_CIN_CLE;2025;1;CIN;CLE;17;16;-238
2025_01_CIN_CLE;2025;1;CLE;CIN;16;17;195
2025_01_DAL_PHI;2025;1;DAL;PHI;20;24;330
2025_01_DAL_PHI;2025;1;PHI;DAL;24;20;-425
2025_01_DET_GB;2025;1;DET;GB;13;27;100
2025_01_DET_GB;2025;1;GB;DET;27;13;-120
2025_01_HOU_LA;2025;1;HOU;LA;9;14;140
2025_01_HOU_LA;2025;1;LA;HOU;14;9;-166
2025_01_KC_LAC;2025;1;KC;LAC;21;27;-175
2025_01_KC_LAC;2025;1;LAC;KC;27;21;145
2025_01_LV_NE;2025;1;LV;NE;20;13;130
2025_01_LV_NE;2025;1;NE;LV;13;20;-155
2025_01_MIA_IND;2025;1;IND;MIA;33;8;-112
2025_01_MIA_IND;2025;1;MIA;IND;8;33;-108
2025_01_MIN_CHI;2025;1;CHI;MIN;24;27;-108
2025_01_MIN_CHI;2025;1;MIN;CHI;27;24;-112
2025_01_NYG_WAS;2025;1;NYG;WAS;6;21;240
2025_01_NYG_WAS;2025;1;WAS;NYG;21;6;-298
2025_01_PIT_NYJ;2025;1;NYJ;PIT;32;34;130
2025_01_PIT_NYJ;2025;1;PIT;NYJ;34;32;-155
2025_01_SF_SEA;2025;1;SEA;SF;13;17;114
2025_01_SF_SEA;2025;1;SF;SEA;17;13;-135
2025_01_TB_ATL;2025;1;ATL;TB;20;23;-105
2025_01_TB_ATL;2025;1;TB;ATL;23;20;-115
2025_01_TEN_DEN;2025;1;DEN;TEN;20;12;-455
2025_01_TEN_DEN;2025;1;TEN;DEN;12;20;350
2025_02_ATL_MIN;2025;2;ATL;MIN;22;6;150
2025_02_ATL_MIN;2025;2;MIN;ATL;6;22;-180
2025_02_BUF_NYJ;2025;2;BUF;NYJ;30;10;-290
2025_02_BUF_NYJ;2025;2;NYJ;BUF;10;30;235
2025_02_CAR_ARI;2025;2;ARI;CAR;27;22;-310
2025_02_CAR_ARI;2025;2;CAR;ARI;22;27;250
2025_02_CHI_DET;2025;2;CHI;DET;21;52;220
2025_02_CHI_DET;2025;2;DET;CHI;52;21;-270
2025_02_CLE_BAL;2025;2;BAL;CLE;41;17;-900
2025_02_CLE_BAL;2025;2;CLE;BAL;17;41;600
2025_02_DEN_IND;2025;2;DEN;IND;28;29;-130
2025_02_DEN_IND;2025;2;IND;DEN;29;28;110
2025_02_JAX_CIN;2025;2;CIN;JAX;31;27;-192
2025_02_JAX_CIN;2025;2;JAX;CIN;27;31;160
2025_02_LAC_LV;2025;2;LAC;LV;20;9;-198
2025_02_LAC_LV;2025;2;LV;LAC;9;20;164
2025_02_LA_TEN;2025;2;LA;TEN;33;19;-250
2025_02_LA_TEN;2025;2;TEN;LA;19;33;205
2025_02_NE_MIA;2025;2;MIA;NE;27;33;-125
2025_02_NE_MIA;2025;2;NE;MIA;33;27;105
2025_02_NYG_DAL;2025;2;DAL;NYG;40;37;-238
2025_02_NYG_DAL;2025;2;NYG;DAL;37;40;195
2025_02_PHI_KC;2025;2;KC;PHI;17;20;102
2025_02_PHI_KC;2025;2;PHI;KC;20;17;-122
2025_02_SEA_PIT;2025;2;PIT;SEA;17;31;-192
2025_02_SEA_PIT;2025;2;SEA;PIT;31;17;160
2025_02_SF_NO;2025;2;NO;SF;21;26;140
2025_02_SF_NO;2025;2;SF;NO;26;21;-166
2025_02_TB_HOU;2025;2;HOU;TB;19;20;-135
2025_02_TB_HOU;2025;2;TB;HOU;20;19;114
2025_02_WAS_GB;2025;2;GB;WAS;27;18;-185
2025_02_WAS_GB;2025;2;WAS;GB;18;27;154
2025_03_ARI_SF;2025;3;ARI;SF;15;16;105
2025_03_ARI_SF;2025;3;SF;ARI;16;15;-125
2025_03_ATL_CAR;2025;3;ATL;CAR;0;30;-225
2025_03_ATL_CAR;2025;3;CAR;ATL;30;0;185
2025_03_CIN_MIN;2025;3;CIN;MIN;10;48;136
2025_03_CIN_MIN;2025;3;MIN;CIN;48;10;-162
2025_03_DAL_CHI;2025;3;CHI;DAL;31;14;105
2025_03_DAL_CHI;2025;3;DAL;CHI;14;31;-125
2025_03_DEN_LAC;2025;3;DEN;LAC;20;23;130
2025_03_DEN_LAC;2025;3;LAC;DEN;23;20;-155
2025_03_DET_BAL;2025;3;BAL;DET;30;38;-245
2025_03_DET_BAL;2025;3;DET;BAL;38;30;200
2025_03_GB_CLE;2025;3;CLE;GB;13;10;360
2025_03_GB_CLE;2025;3;GB;CLE;10;13;-470
2025_03_HOU_JAX;2025;3;HOU;JAX;10;17;105
2025_03_HOU_JAX;2025;3;JAX;HOU;17;10;-125
2025_03_IND_TEN;2025;3;IND;TEN;41;20;-245
2025_03_IND_TEN;2025;3;TEN;IND;20;41;200
2025_03_KC_NYG;2025;3;KC;NYG;22;9;-325
2025_03_KC_NYG;2025;3;NYG;KC;9;22;260
2025_03_LA_PHI;2025;3;LA;PHI;26;33;164
2025_03_LA_PHI;2025;3;PHI;LA;33;26;-198
2025_03_LV_WAS;2025;3;LV;WAS;24;41;130
2025_03_LV_WAS;2025;3;WAS;LV;41;24;-155
2025_03_MIA_BUF;2025;3;BUF;MIA;31;21;-800
2025_03_MIA_BUF;2025;3;MIA;BUF;21;31;550
2025_03_NO_SEA;2025;3;NO;SEA;13;44;295
2025_03_NO_SEA;2025;3;SEA;NO;44;13;-375
2025_03_NYJ_TB;2025;3;NYJ;TB;27;29;275
2025_03_NYJ_TB;2025;3;TB;NYJ;29;27;-345
2025_03_PIT_NE;2025;3;NE;PIT;14;21;100
2025_03_PIT_NE;2025;3;PIT;NE;21;14;-120
2025_04_BAL_KC;2025;4;BAL;KC;20;37;-148
2025_04_BAL_KC;2025;4;KC;BAL;37;20;124
2025_04_CAR_NE;2025;4;CAR;NE;13;42;215
2025_04_CAR_NE;2025;4;NE;CAR;42;13;-265
2025_04_CHI_LV;2025;4;CHI;LV;25;24;105
2025_04_CHI_LV;2025;4;LV;CHI;24;25;-125
2025_04_CIN_DEN;2025;4;CIN;DEN;3;28;360
2025_04_CIN_DEN;2025;4;DEN;CIN;28;3;-470
2025_04_CLE_DET;2025;4;CLE;DET;10;34;410
2025_04_CLE_DET;2025;4;DET;CLE;34;10;-550
2025_04_GB_DAL;2025;4;DAL;GB;40;40;275
2025_04_GB_DAL;2025;4;GB;DAL;40;40;-345
2025_04_IND_LA;2025;4;IND;LA;20;27;154
2025_04_IND_LA;2025;4;LA;IND;27;20;-185
2025_04_JAX_SF;2025;4;JAX;SF;26;21;150
2025_04_JAX_SF;2025;4;SF;JAX;21;26;-180
2025_04_LAC_NYG;2025;4;LAC;NYG;18;21;-285
2025_04_LAC_NYG;2025;4;NYG;LAC;21;18;230
2025_04_MIN_PIT;2025;4;MIN;PIT;21;24;-148
2025_04_MIN_PIT;2025;4;PIT;MIN;24;21;124
2025_04_NO_BUF;2025;4;BUF;NO;31;19;-1350
2025_04_NO_BUF;2025;4;NO;BUF;19;31;800
2025_04_NYJ_MIA;2025;4;MIA;NYJ;27;21;-148
2025_04_NYJ_MIA;2025;4;NYJ;MIA;21;27;124
2025_04_PHI_TB;2025;4;PHI;TB;31;25;-185
2025_04_PHI_TB;2025;4;TB;PHI;25;31;154
2025_04_SEA_ARI;2025;4;ARI;SEA;20;23;105
2025_04_SEA_ARI;2025;4;SEA;ARI;23;20;-125
2025_04_TEN_HOU;2025;4;HOU;TEN;26;0;-440
2025_04_TEN_HOU;2025;4;TEN;HOU;0;26;340
2025_04_WAS_ATL;2025;4;ATL;WAS;34;27;-142
2025_04_WAS_ATL;2025;4;WAS;ATL;27;34;120
2025_05_DAL_NYJ;2025;5;DAL;NYJ;37;22;-105
2025_05_DAL_NYJ;2025;5;NYJ;DAL;22;37;-115
2025_05_DEN_PHI;2025;5;DEN;PHI;21;17;180
2025_05_DEN_PHI;2025;5;PHI;DEN;17;21;-218
2025_05_DET_CIN;2025;5;CIN;DET;24;37;425
2025_05_DET_CIN;2025;5;DET;CIN;37;24;-575
2025_05_HOU_BAL;2025;5;BAL;HOU;10;44;124
2025_05_HOU_BAL;2025;5;HOU;BAL;44;10;-148
2025_05_KC_JAX;2025;5;JAX;KC;31;28;164
2025_05_KC_JAX;2025;5;KC;JAX;28;31;-198
2025_05_LV_IND;2025;5;IND;LV;40;6;-360
2025_05_LV_IND;2025;5;LV;IND;6;40;285
2025_05_MIA_CAR;2025;5;CAR;MIA;27;24;100
2025_05_MIA_CAR;2025;5;MIA;CAR;24;27;-120
2025_05_MIN_CLE;2025;5;CLE;MIN;17;21;164
2025_05_MIN_CLE;2025;5;MIN;CLE;21;17;-198
2025_05_NE_BUF;2025;5;BUF;NE;20;23;-395
2025_05_NE_BUF;2025;5;NE;BUF;23;20;310
2025_05_NYG_NO;2025;5;NO;NYG;26;14;-120
2025_05_NYG_NO;2025;5;NYG;NO;14;26;100
2025_05_SF_LA;2025;5;LA;SF;23;26;-440
2025_05_SF_LA;2025;5;SF;LA;26;23;340
2025_05_TB_SEA;2025;5;SEA;TB;35;38;-180
2025_05_TB_SEA;2025;5;TB;SEA;38;35;150
2025_05_TEN_ARI;2025;5;ARI;TEN;21;22;-425
2025_05_TEN_ARI;2025;5;TEN;ARI;22;21;330
2025_05_WAS_LAC;2025;5;LAC;WAS;10;27;-155
2025_05_WAS_LAC;2025;5;WAS;LAC;27;10;130
2025_06_ARI_IND;2025;6;ARI;IND;27;31;360
2025_06_ARI_IND;2025;6;IND;ARI;31;27;-470
2025_06_BUF_ATL;2025;6;ATL;BUF;24;14;170
2025_06_BUF_ATL;2025;6;BUF;ATL;14;24;-205
2025_06_CHI_WAS;2025;6;CHI;WAS;25;24;210
2025_06_CHI_WAS;2025;6;WAS;CHI;24;25;-258
2025_06_CIN_GB;2025;6;CIN;GB;18;27;650
2025_06_CIN_GB;2025;6;GB;CIN;27;18;-1000
2025_06_CLE_PIT;2025;6;CLE;PIT;9;23;225
2025_06_CLE_PIT;2025;6;PIT;CLE;23;9;-278
2025_06_DAL_CAR;2025;6;CAR;DAL;30;27;145
2025_06_DAL_CAR;2025;6;DAL;CAR;27;30;-175
2025_06_DEN_NYJ;2025;6;DEN;NYJ;13;11;-395
2025_06_DEN_NYJ;2025;6;NYJ;DEN;11;13;310
2025_06_DET_KC;2025;6;DET;KC;17;30;120
2025_06_DET_KC;2025;6;KC;DET;30;17;-142
2025_06_LAC_MIA;2025;6;LAC;MIA;29;27;-205
2025_06_LAC_MIA;2025;6;MIA;LAC;27;29;170
2025_06_LA_BAL;2025;6;BAL;LA;3;17;280
2025_06_LA_BAL;2025;6;LA;BAL;17;3;-355
2025_06_NE_NO;2025;6;NE;NO;25;19;-192
2025_06_NE_NO;2025;6;NO;NE;19;25;160
2025_06_PHI_NYG;2025;6;NYG;PHI;34;17;310
2025_06_PHI_NYG;2025;6;PHI;NYG;17;34;-395
2025_06_SEA_JAX;2025;6;JAX;SEA;12;20;-105
2025_06_SEA_JAX;2025;6;SEA;JAX;20;12;-115
2025_06_SF_TB;2025;6;SF;TB;19;30;160
2025_06_SF_TB;2025;6;TB;SF;30;19;-192
2025_06_TEN_LV;2025;6;LV;TEN;20;10;-185
2025_06_TEN_LV;2025;6;TEN;LV;10;20;154
2025_07_ATL_SF;2025;7;ATL;SF;10;20;-105
2025_07_ATL_SF;2025;7;SF;ATL;20;10;-115
2025_07_CAR_NYJ;2025;7;CAR;NYJ;13;6;-108
2025_07_CAR_NYJ;2025;7;NYJ;CAR;6;13;-112
2025_07_GB_ARI;2025;7;ARI;GB;23;27;310
2025_07_GB_ARI;2025;7;GB;ARI;27;23;-395
2025_07_HOU_SEA;2025;7;HOU;SEA;19;27;140
2025_07_HOU_SEA;2025;7;SEA;HOU;27;19;-166
2025_07_IND_LAC;2025;7;IND;LAC;38;24;114
2025_07_IND_LAC;2025;7;LAC;IND;24;38;-135
2025_07_LA_JAX;2025;7;JAX;LA;7;35;140
2025_07_LA_JAX;2025;7;LA;JAX;35;7;-166
2025_07_LV_KC;2025;7;KC;LV;31;0;-950
2025_07_LV_KC;2025;7;LV;KC;0;31;625
2025_07_MIA_CLE;2025;7;CLE;MIA;31;6;-148
2025_07_MIA_CLE;2025;7;MIA;CLE;6;31;124
2025_07_NE_TEN;2025;7;NE;TEN;31;13;-290
2025_07_NE_TEN;2025;7;TEN;NE;13;31;235
2025_07_NO_CHI;2025;7;CHI;NO;26;14;-225
2025_07_NO_CHI;2025;7;NO;CHI;14;26;185
2025_07_NYG_DEN;2025;7;DEN;NYG;33;32;-425
2025_07_NYG_DEN;2025;7;NYG;DEN;32;33;330
2025_07_PHI_MIN;2025;7;MIN;PHI;22;28;124
2025_07_PHI_MIN;2025;7;PHI;MIN;28;22;-148
2025_07_PIT_CIN;2025;7;CIN;PIT;33;31;200
2025_07_PIT_CIN;2025;7;PIT;CIN;31;33;-245
2025_07_TB_DET;2025;7;DET;TB;24;9;-278
2025_07_TB_DET;2025;7;TB;DET;9;24;225
2025_07_WAS_DAL;2025;7;DAL;WAS;44;22;-125
2025_07_WAS_DAL;2025;7;WAS;DAL;22;44;105
2025_08_BUF_CAR;2025;8;BUF;CAR;40;9;-395
2025_08_BUF_CAR;2025;8;CAR;BUF;9;40;310
2025_08_CHI_BAL;2025;8;BAL;CHI;30;16;-148
2025_08_CHI_BAL;2025;8;CHI;BAL;16;30;124
2025_08_CLE_NE;2025;8;CLE;NE;13;32;300
2025_08_CLE_NE;2025;8;NE;CLE;32;13;-380
2025_08_DAL_DEN;2025;8;DAL;DEN;24;44;160
2025_08_DAL_DEN;2025;8;DEN;DAL;44;24;-192
2025_08_GB_PIT;2025;8;GB;PIT;35;25;-155
2025_08_GB_PIT;2025;8;PIT;GB;25;35;130
2025_08_MIA_ATL;2025;8;ATL;MIA;10;34;-355
2025_08_MIA_ATL;2025;8;MIA;ATL;34;10;280
2025_08_MIN_LAC;2025;8;LAC;MIN;37;10;-170
2025_08_MIN_LAC;2025;8;MIN;LAC;10;37;142
2025_08_NYG_PHI;2025;8;NYG;PHI;20;38;300
2025_08_NYG_PHI;2025;8;PHI;NYG;38;20;-380
2025_08_NYJ_CIN;2025;8;CIN;NYJ;38;39;-258
2025_08_NYJ_CIN;2025;8;NYJ;CIN;39;38;210
2025_08_SF_HOU;2025;8;HOU;SF;26;15;-155
2025_08_SF_HOU;2025;8;SF;HOU;15;26;130
2025_08_TB_NO;2025;8;NO;TB;3;23;180
2025_08_TB_NO;2025;8;TB;NO;23;3;-218
2025_08_TEN_IND;2025;8;IND;TEN;38;14;-1650
2025_08_TEN_IND;2025;8;TEN;IND;14;38;950
2025_08_WAS_KC;2025;8;KC;WAS;28;7;-700
2025_08_WAS_KC;2025;8;WAS;KC;7;28;500
2025_09_ARI_DAL;2025;9;ARI;DAL;27;17;145
2025_09_ARI_DAL;2025;9;DAL;ARI;17;27;-175
2025_09_ATL_NE;2025;9;ATL;NE;23;24;205
2025_09_ATL_NE;2025;9;NE;ATL;24;23;-250
2025_09_BAL_MIA;2025;9;BAL;MIA;28;6;-455
2025_09_BAL_MIA;2025;9;MIA;BAL;6;28;350
2025_09_CAR_GB;2025;9;CAR;GB;16;13;650
2025_09_CAR_GB;2025;9;GB;CAR;13;16;-1000
2025_09_CHI_CIN;2025;9;CHI;CIN;47;42;-162
2025_09_CHI_CIN;2025;9;CIN;CHI;42;47;136
2025_09_DEN_HOU;2025;9;DEN;HOU;18;15;105
2025_09_DEN_HOU;2025;9;HOU;DEN;15;18;-125
2025_09_IND_PIT;2025;9;IND;PIT;20;27;-185
2025_09_IND_PIT;2025;9;PIT;IND;27;20;154
2025_09_JAX_LV;2025;9;JAX;LV;30;29;-130
2025_09_JAX_LV;2025;9;LV;JAX;29;30;110
2025_09_KC_BUF;2025;9;BUF;KC;28;21;114
2025_09_KC_BUF;2025;9;KC;BUF;21;28;-135
2025_09_LAC_TEN;2025;9;LAC;TEN;27;20;-650
2025_09_LAC_TEN;2025;9;TEN;LAC;20;27;470
2025_09_MIN_DET;2025;9;DET;MIN;24;27;-550
2025_09_MIN_DET;2025;9;MIN;DET;27;24;410
2025_09_NO_LA;2025;9;LA;NO;34;10;-1200
2025_09_NO_LA;2025;9;NO;LA;10;34;750
2025_09_SEA_WAS;2025;9;SEA;WAS;38;14;-148
2025_09_SEA_WAS;2025;9;WAS;SEA;14;38;124
2025_09_SF_NYG;2025;9;NYG;SF;24;34;124
2025_09_SF_NYG;2025;9;SF;NYG;34;24;-148
2025_10_ARI_SEA;2025;10;ARI;SEA;22;44;270
2025_10_ARI_SEA;2025;10;SEA;ARI;44;22;-340
2025_10_ATL_IND;2025;10;ATL;IND;25;31;250
2025_10_ATL_IND;2025;10;IND;ATL;31;25;-310
2025_10_BAL_MIN;2025;10;BAL;MIN;27;19;-230
2025_10_BAL_MIN;2025;10;MIN;BAL;19;27;190
2025_10_BUF_MIA;2025;10;BUF;MIA;13;30;-455
2025_10_BUF_MIA;2025;10;MIA;BUF;30;13;350
2025_10_CLE_NYJ;2025;10;CLE;NYJ;20;27;-130
2025_10_CLE_NYJ;2025;10;NYJ;CLE;27;20;110
2025_10_DET_WAS;2025;10;DET;WAS;44;22;-455
2025_10_DET_WAS;2025;10;WAS;DET;22;44;350
2025_10_JAX_HOU;2025;10;HOU;JAX;36;29;-105
2025_10_JAX_HOU;2025;10;JAX;HOU;29;36;-115
2025_10_LA_SF;2025;10;LA;SF;42;26;-258
2025_10_LA_SF;2025;10;SF;LA;26;42;210
2025_10_LV_DEN;2025;10;DEN;LV;10;7;-500
2025_10_LV_DEN;2025;10;LV;DEN;7;10;380
2025_10_NE_TB;2025;10;NE;TB;28;23;124
2025_10_NE_TB;2025;10;TB;NE;23;28;-148
2025_10_NO_CAR;2025;10;CAR;NO;7;17;-245
2025_10_NO_CAR;2025;10;NO;CAR;17;7;200
2025_10_NYG_CHI;2025;10;CHI;NYG;24;20;-218
2025_10_NYG_CHI;2025;10;NYG;CHI;20;24;180
2025_10_PHI_GB;2025;10;GB;PHI;7;10;-110
2025_10_PHI_GB;2025;10;PHI;GB;10;7;-110
2025_10_PIT_LAC;2025;10;LAC;PIT;25;10;-162
2025_10_PIT_LAC;2025;10;PIT;LAC;10;25;136
2025_11_BAL_CLE;2025;11;BAL;CLE;23;16;-440
2025_11_BAL_CLE;2025;11;CLE;BAL;16;23;340
2025_11_CAR_ATL;2025;11;ATL;CAR;27;30;-218
2025_11_CAR_ATL;2025;11;CAR;ATL;30;27;180
2025_11_CHI_MIN;2025;11;CHI;MIN;19;17;124
2025_11_CHI_MIN;2025;11;MIN;CHI;17;19;-148
2025_11_CIN_PIT;2025;11;CIN;PIT;12;34;205
2025_11_CIN_PIT;2025;11;PIT;CIN;34;12;-250
2025_11_DAL_LV;2025;11;DAL;LV;33;16;-198
2025_11_DAL_LV;2025;11;LV;DAL;16;33;164
2025_11_DET_PHI;2025;11;DET;PHI;9;16;130
2025_11_DET_PHI;2025;11;PHI;DET;16;9;-155
2025_11_GB_NYG;2025;11;GB;NYG;27;20;-440
2025_11_GB_NYG;2025;11;NYG;GB;20;27;340
2025_11_HOU_TEN;2025;11;HOU;TEN;16;13;-265
2025_11_HOU_TEN;2025;11;TEN;HOU;13;16;215
2025_11_KC_DEN;2025;11;DEN;KC;22;19;180
2025_11_KC_DEN;2025;11;KC;DEN;19;22;-218
2025_11_LAC_JAX;2025;11;JAX;LAC;35;6;130
2025_11_LAC_JAX;2025;11;LAC;JAX;6;35;-155
2025_11_NYJ_NE;2025;11;NE;NYJ;27;14;-950
2025_11_NYJ_NE;2025;11;NYJ;NE;14;27;625
2025_11_SEA_LA;2025;11;LA;SEA;21;19;-175
2025_11_SEA_LA;2025;11;SEA;LA;19;21;145
2025_11_SF_ARI;2025;11;ARI;SF;22;41;160
2025_11_SF_ARI;2025;11;SF;ARI;41;22;-192
2025_11_TB_BUF;2025;11;BUF;TB;44;32;-285
2025_11_TB_BUF;2025;11;TB;BUF;32;44;230
2025_11_WAS_MIA;2025;11;MIA;WAS;16;13;-148
2025_11_WAS_MIA;2025;11;WAS;MIA;13;16;124
2025_12_ATL_NO;2025;12;ATL;NO;24;10;102
2025_12_ATL_NO;2025;12;NO;ATL;10;24;-122
2025_12_BUF_HOU;2025;12;BUF;HOU;19;23;-258
2025_12_BUF_HOU;2025;12;HOU;BUF;23;19;210
2025_12_CAR_SF;2025;12;CAR;SF;9;20;310
2025_12_CAR_SF;2025;12;SF;CAR;20;9;-395
2025_12_CLE_LV;2025;12;CLE;LV;24;10;136
2025_12_CLE_LV;2025;12;LV;CLE;10;24;-162
2025_12_IND_KC;2025;12;IND;KC;20;23;180
2025_12_IND_KC;2025;12;KC;IND;23;20;-218
2025_12_JAX_ARI;2025;12;ARI;JAX;24;27;114
2025_12_JAX_ARI;2025;12;JAX;ARI;27;24;-135
2025_12_MIN_GB;2025;12;GB;MIN;23;6;-290
2025_12_MIN_GB;2025;12;MIN;GB;6;23;235
2025_12_NE_CIN;2025;12;CIN;NE;20;26;310
2025_12_NE_CIN;2025;12;NE;CIN;26;20;-395
2025_12_NYG_DET;2025;12;DET;NYG;34;27;-1050
2025_12_NYG_DET;2025;12;NYG;DET;27;34;675
2025_12_NYJ_BAL;2025;12;BAL;NYJ;23;10;-1050
2025_12_NYJ_BAL;2025;12;NYJ;BAL;10;23;675
2025_12_PHI_DAL;2025;12;DAL;PHI;24;21;136
2025_12_PHI_DAL;2025;12;PHI;DAL;21;24;-162
2025_12_PIT_CHI;2025;12;CHI;PIT;31;28;-155
2025_12_PIT_CHI;2025;12;PIT;CHI;28;31;130
2025_12_SEA_TEN;2025;12;SEA;TEN;30;24;-950
2025_12_SEA_TEN;2025;12;TEN;SEA;24;30;625
2025_12_TB_LA;2025;12;LA;TB;34;7;-375
2025_12_TB_LA;2025;12;TB;LA;7;34;295
2025_13_ARI_TB;2025;13;ARI;TB;17;20;164
2025_13_ARI_TB;2025;13;TB;ARI;20;17;-198
2025_13_ATL_NYJ;2025;13;ATL;NYJ;24;27;-166
2025_13_ATL_NYJ;2025;13;NYJ;ATL;27;24;140
2025_13_BUF_PIT;2025;13;BUF;PIT;26;7;-166
2025_13_BUF_PIT;2025;13;PIT;BUF;7;26;140
2025_13_CHI_PHI;2025;13;CHI;PHI;24;15;270
2025_13_CHI_PHI;2025;13;PHI;CHI;15;24;-340
2025_13_CIN_BAL;2025;13;BAL;CIN;14;32;-375
2025_13_CIN_BAL;2025;13;CIN;BAL;32;14;295
2025_13_DEN_WAS;2025;13;DEN;WAS;27;26;-310
2025_13_DEN_WAS;2025;13;WAS;DEN;26;27;250
2025_13_GB_DET;2025;13;DET;GB;24;31;-155
2025_13_GB_DET;2025;13;GB;DET;31;24;130
2025_13_HOU_IND;2025;13;HOU;IND;20;16;142
2025_13_HOU_IND;2025;13;IND;HOU;16;20;-170
2025_13_JAX_TEN;2025;13;JAX;TEN;25;3;-270
2025_13_JAX_TEN;2025;13;TEN;JAX;3;25;220
2025_13_KC_DAL;2025;13;DAL;KC;31;28;154
2025_13_KC_DAL;2025;13;KC;DAL;28;31;-185
2025_13_LA_CAR;2025;13;CAR;LA;31;28;425
2025_13_LA_CAR;2025;13;LA;CAR;28;31;-575
2025_13_LV_LAC;2025;13;LAC;LV;31;14;-600
2025_13_LV_LAC;2025;13;LV;LAC;14;31;440
2025_13_MIN_SEA;2025;13;MIN;SEA;0;26;600
2025_13_MIN_SEA;2025;13;SEA;MIN;26;0;-900
2025_13_NO_MIA;2025;13;MIA;NO;21;17;-250
2025_13_NO_MIA;2025;13;NO;MIA;17;21;205
2025_13_NYG_NE;2025;13;NE;NYG;33;15;-375
2025_13_NYG_NE;2025;13;NYG;NE;15;33;295
2025_13_SF_CLE;2025;13;CLE;SF;8;26;205
2025_13_SF_CLE;2025;13;SF;CLE;26;8;-250
2025_14_CHI_GB;2025;14;CHI;GB;21;28;245
2025_14_CHI_GB;2025;14;GB;CHI;28;21;-305
2025_14_CIN_BUF;2025;14;BUF;CIN;39;34;-285
2025_14_CIN_BUF;2025;14;CIN;BUF;34;39;230
2025_14_DAL_DET;2025;14;DAL;DET;30;44;160
2025_14_DAL_DET;2025;14;DET;DAL;44;30;-192
2025_14_DEN_LV;2025;14;DEN;LV;24;17;-470
2025_14_DEN_LV;2025;14;LV;DEN;17;24;360
2025_14_HOU_KC;2025;14;HOU;KC;20;10;180
2025_14_HOU_KC;2025;14;KC;HOU;10;20;-218
2025_14_IND_JAX;2025;14;IND;JAX;19;36;-135
2025_14_IND_JAX;2025;14;JAX;IND;36;19;114
2025_14_LA_ARI;2025;14;ARI;LA;17;45;380
2025_14_LA_ARI;2025;14;LA;ARI;45;17;-500
2025_14_MIA_NYJ;2025;14;MIA;NYJ;34;10;-148
2025_14_MIA_NYJ;2025;14;NYJ;MIA;10;34;124
2025_14_NO_TB;2025;14;NO;TB;24;20;330
2025_14_NO_TB;2025;14;TB;NO;20;24;-425
2025_14_PHI_LAC;2025;14;LAC;PHI;22;19;100
2025_14_PHI_LAC;2025;14;PHI;LAC;19;22;-120
2025_14_PIT_BAL;2025;14;BAL;PIT;22;27;-270
2025_14_PIT_BAL;2025;14;PIT;BAL;27;22;220
2025_14_SEA_ATL;2025;14;ATL;SEA;9;37;280
2025_14_SEA_ATL;2025;14;SEA;ATL;37;9;-355
2025_14_TEN_CLE;2025;14;CLE;TEN;29;31;-205
2025_14_TEN_CLE;2025;14;TEN;CLE;31;29;170
2025_14_WAS_MIN;2025;14;MIN;WAS;31;0;-105
2025_14_WAS_MIN;2025;14;WAS;MIN;0;31;-115
2025_15_ARI_HOU;2025;15;ARI;HOU;20;40;455
2025_15_ARI_HOU;2025;15;HOU;ARI;40;20;-625
2025_15_ATL_TB;2025;15;ATL;TB;29;28;225
2025_15_ATL_TB;2025;15;TB;ATL;28;29;-278
2025_15_BAL_CIN;2025;15;BAL;CIN;24;0;-162
2025_15_BAL_CIN;2025;15;CIN;BAL;0;24;136
2025_15_BUF_NE;2025;15;BUF;NE;35;31;-142
2025_15_BUF_NE;2025;15;NE;BUF;31;35;120
2025_15_CAR_NO;2025;15;CAR;NO;17;20;-148
2025_15_CAR_NO;2025;15;NO;CAR;20;17;124
2025_15_CLE_CHI;2025;15;CHI;CLE;31;3;-375
2025_15_CLE_CHI;2025;15;CLE;CHI;3;31;295
2025_15_DET_LA;2025;15;DET;LA;34;41;200
2025_15_DET_LA;2025;15;LA;DET;41;34;-245
2025_15_GB_DEN;2025;15;DEN;GB;34;26;102
2025_15_GB_DEN;2025;15;GB;DEN;26;34;-122
2025_15_IND_SEA;2025;15;IND;SEA;16;18;650
2025_15_IND_SEA;2025;15;SEA;IND;18;16;-1000
2025_15_LAC_KC;2025;15;KC;LAC;13;16;-258
2025_15_LAC_KC;2025;15;LAC;KC;16;13;210
2025_15_LV_PHI;2025;15;LV;PHI;0;31;650
2025_15_LV_PHI;2025;15;PHI;LV;31;0;-1000
2025_15_MIA_PIT;2025;15;MIA;PIT;15;28;145
2025_15_MIA_PIT;2025;15;PIT;MIA;28;15;-175
2025_15_MIN_DAL;2025;15;DAL;MIN;26;34;-265
2025_15_MIN_DAL;2025;15;MIN;DAL;34;26;215
2025_15_NYJ_JAX;2025;15;JAX;NYJ;48;20;-1050
2025_15_NYJ_JAX;2025;15;NYJ;JAX;20;48;675
2025_15_TEN_SF;2025;15;SF;TEN;37;24;-900
2025_15_TEN_SF;2025;15;TEN;SF;24;37;600
2025_15_WAS_NYG;2025;15;NYG;WAS;21;29;-148
2025_15_WAS_NYG;2025;15;WAS;NYG;29;21;124
2025_16_ATL_ARI;2025;16;ARI;ATL;19;26;124
2025_16_ATL_ARI;2025;16;ATL;ARI;26;19;-148
2025_16_BUF_CLE;2025;16;BUF;CLE;23;20;-575
2025_16_BUF_CLE;2025;16;CLE;BUF;20;23;425
2025_16_CIN_MIA;2025;16;CIN;MIA;45;21;-205
2025_16_CIN_MIA;2025;16;MIA;CIN;21;45;170
2025_16_GB_CHI;2025;16;CHI;GB;22;16;-118
2025_16_GB_CHI;2025;16;GB;CHI;16;22;-102
2025_16_JAX_DEN;2025;16;DEN;JAX;20;34;-175
2025_16_JAX_DEN;2025;16;JAX;DEN;34;20;145
2025_16_KC_TEN;2025;16;KC;TEN;9;26;-185
2025_16_KC_TEN;2025;16;TEN;KC;26;9;154
2025_16_LAC_DAL;2025;16;DAL;LAC;17;34;-122
2025_16_LAC_DAL;2025;16;LAC;DAL;34;17;102
2025_16_LA_SEA;2025;16;LA;SEA;37;38;102
2025_16_LA_SEA;2025;16;SEA;LA;38;37;-122
2025_16_LV_HOU;2025;16;HOU;LV;23;21;-1600
2025_16_LV_HOU;2025;16;LV;HOU;21;23;900
2025_16_MIN_NYG;2025;16;MIN;NYG;16;13;-148
2025_16_MIN_NYG;2025;16;NYG;MIN;13;16;124
2025_16_NE_BAL;2025;16;BAL;NE;24;28;-185
2025_16_NE_BAL;2025;16;NE;BAL;28;24;154
2025_16_NYJ_NO;2025;16;NO;NYJ;29;6;-298
2025_16_NYJ_NO;2025;16;NYJ;NO;6;29;240
2025_16_PHI_WAS;2025;16;PHI;WAS;29;18;-380
2025_16_PHI_WAS;2025;16;WAS;PHI;18;29;300
2025_16_PIT_DET;2025;16;DET;PIT;24;29;-425
2025_16_PIT_DET;2025;16;PIT;DET;29;24;330
2025_16_SF_IND;2025;16;IND;SF;27;48;185
2025_16_SF_IND;2025;16;SF;IND;48;27;-225
2025_16_TB_CAR;2025;16;CAR;TB;23;20;130
2025_16_TB_CAR;2025;16;TB;CAR;20;23;-155
2025_17_ARI_CIN;2025;17;ARI;CIN;14;37;275
2025_17_ARI_CIN;2025;17;CIN;ARI;37;14;-345
2025_17_BAL_GB;2025;17;BAL;GB;41;24;120
2025_17_BAL_GB;2025;17;GB;BAL;24;41;-142
2025_17_CHI_SF;2025;17;CHI;SF;38;42;170
2025_17_CHI_SF;2025;17;SF;CHI;42;38;-205
2025_17_DAL_WAS;2025;17;DAL;WAS;30;23;-500
2025_17_DAL_WAS;2025;17;WAS;DAL;23;30;380
2025_17_DEN_KC;2025;17;DEN;KC;20;13;-1100
2025_17_DEN_KC;2025;17;KC;DEN;13;20;700
2025_17_DET_MIN;2025;17;DET;MIN;10;23;-360
2025_17_DET_MIN;2025;17;MIN;DET;23;10;285
2025_17_HOU_LAC;2025;17;HOU;LAC;20;16;-102
2025_17_HOU_LAC;2025;17;LAC;HOU;16;20;-118
2025_17_JAX_IND;2025;17;IND;JAX;17;23;185
2025_17_JAX_IND;2025;17;JAX;IND;23;17;-225
2025_17_LA_ATL;2025;17;ATL;LA;27;24;300
2025_17_LA_ATL;2025;17;LA;ATL;24;27;-380
2025_17_NE_NYJ;2025;17;NE;NYJ;42;10;-950
2025_17_NE_NYJ;2025;17;NYJ;NE;10;42;625
2025_17_NO_TEN;2025;17;NO;TEN;34;26;-120
2025_17_NO_TEN;2025;17;TEN;NO;26;34;100
2025_17_NYG_LV;2025;17;LV;NYG;10;34;136
2025_17_NYG_LV;2025;17;NYG;LV;34;10;-162
2025_17_PHI_BUF;2025;17;BUF;PHI;12;13;-170
2025_17_PHI_BUF;2025;17;PHI;BUF;13;12;142
2025_17_PIT_CLE;2025;17;CLE;PIT;13;6;170
2025_17_PIT_CLE;2025;17;PIT;CLE;6;13;-205
2025_17_SEA_CAR;2025;17;CAR;SEA;10;27;245
2025_17_SEA_CAR;2025;17;SEA;CAR;27;10;-305
2025_17_TB_MIA;2025;17;MIA;TB;20;17;205
2025_17_TB_MIA;2025;17;TB;MIA;17;20;-250
2025_18_ARI_LA;2025;18;ARI;LA;20;37;800
2025_18_ARI_LA;2025;18;LA;ARI;37;20;-1350
2025_18_BAL_PIT;2025;18;BAL;PIT;24;26;-225
2025_18_BAL_PIT;2025;18;PIT;BAL;26;24;185
2025_18_CAR_TB;2025;18;CAR;TB;14;16;130
2025_18_CAR_TB;2025;18;TB;CAR;16;14;-155
2025_18_CLE_CIN;2025;18;CIN;CLE;18;20;-455
2025_18_CLE_CIN;2025;18;CLE;CIN;20;18;350
2025_18_DAL_NYG;2025;18;DAL;NYG;17;34;-166
2025_18_DAL_NYG;2025;18;NYG;DAL;34;17;140
2025_18_DET_CHI;2025;18;CHI;DET;16;19;-180
2025_18_DET_CHI;2025;18;DET;CHI;19;16;150
2025_18_GB_MIN;2025;18;GB;MIN;3;16;470
2025_18_GB_MIN;2025;18;MIN;GB;16;3;-650
2025_18_IND_HOU;2025;18;HOU;IND;38;30;-535
2025_18_IND_HOU;2025;18;IND;HOU;30;38;400
2025_18_KC_LV;2025;18;KC;LV;12;14;-225
2025_18_KC_LV;2025;18;LV;KC;14;12;185
2025_18_LAC_DEN;2025;18;DEN;LAC;19;3;-1600
2025_18_LAC_DEN;2025;18;LAC;DEN;3;19;900
2025_18_MIA_NE;2025;18;MIA;NE;10;38;650
2025_18_MIA_NE;2025;18;NE;MIA;38;10;-1000
2025_18_NO_ATL;2025;18;ATL;NO;19;17;-205
2025_18_NO_ATL;2025;18;NO;ATL;17;19;170
2025_18_NYJ_BUF;2025;18;BUF;NYJ;35;8;-800
2025_18_NYJ_BUF;2025;18;NYJ;BUF;8;35;550
2025_18_SEA_SF;2025;18;SEA;SF;13;3;-148
2025_18_SEA_SF;2025;18;SF;SEA;3;13;124
2025_18_TEN_JAX;2025;18;JAX;TEN;41;7;-750
2025_18_TEN_JAX;2025;18;TEN;JAX;7;41;525
2025_18_WAS_PHI;2025;18;PHI;WAS;17;24;-180
2025_18_WAS_PHI;2025;18;WAS;PHI;24;17;150
2025_19_BUF_JAX;2025;19;BUF;JAX;27;24;102
2025_19_BUF_JAX;2025;19;JAX;BUF;24;27;-122
2025_19_GB_CHI;2025;19;CHI;GB;31;27;114
2025_19_GB_CHI;2025;19;GB;CHI;27;31;-135
2025_19_HOU_PIT;2025;19;HOU;PIT;30;6;-155
2025_19_HOU_PIT;2025;19;PIT;HOU;6;30;130
2025_19_LAC_NE;2025;19;LAC;NE;3;16;164
2025_19_LAC_NE;2025;19;NE;LAC;16;3;-198
2025_19_LA_CAR;2025;19;CAR;LA;31;34;410
2025_19_LA_CAR;2025;19;LA;CAR;34;31;-550
2025_19_SF_PHI;2025;19;PHI;SF;19;23;-265
2025_19_SF_PHI;2025;19;SF;PHI;23;19;215
2025_20_BUF_DEN;2025;20;BUF;DEN;30;33;100
2025_20_BUF_DEN;2025;20;DEN;BUF;33;30;-120
2025_20_HOU_NE;2025;20;HOU;NE;16;28;150
2025_20_HOU_NE;2025;20;NE;HOU;28;16;-180
2025_20_LA_CHI;2025;20;CHI;LA;17;20;170
2025_20_LA_CHI;2025;20;LA;CHI;20;17;-205
2025_20_SF_SEA;2025;20;SEA;SF;41;6;-305
2025_20_SF_SEA;2025;20;SF;SEA;6;41;245
2025_21_LA_SEA;2025;21;LA;SEA;27;31;120
2025_21_LA_SEA;2025;21;SEA;LA;31;27;-142
2025_21_NE_DEN;2025;21;DEN;NE;7;10;170
2025_21_NE_DEN;2025;21;NE;DEN;10;7;-205
2025_22_SEA_NE;2025;22;NE;SEA;13;29;195
2025_22_SEA_NE;2025;22;SEA;NE;29;13;-238
2026_01_ARI_LAC;2026;1;ARI;LAC;26;14;350
2026_01_ARI_LAC;2026;1;LAC;ARI;14;26;-455
2026_01_ATL_PIT;2026;1;ATL;PIT;13;20;240
2026_01_ATL_PIT;2026;1;PIT;ATL;20;13;-298
2026_01_BAL_IND;2026;1;BAL;IND;41;23;-162
2026_01_BAL_IND;2026;1;IND;BAL;23;41;136
2026_01_BUF_HOU;2026;1;BUF;HOU;36;31;-112
2026_01_BUF_HOU;2026;1;HOU;BUF;31;36;-108
2026_01_CHI_CAR;2026;1;CAR;CHI;37;59;140
2026_01_CHI_CAR;2026;1;CHI;CAR;59;37;-166
2026_01_CLE_JAX;2026;1;CLE;JAX;10;34;360
2026_01_CLE_JAX;2026;1;JAX;CLE;34;10;-470
2026_01_DAL_NYG;2026;1;DAL;NYG;20;28;-166
2026_01_DAL_NYG;2026;1;NYG;DAL;28;20;140
2026_01_DEN_KC;2026;1;DEN;KC;10;31;110
2026_01_DEN_KC;2026;1;KC;DEN;31;10;-130
2026_01_GB_MIN;2026;1;GB;MIN;22;39;105
2026_01_GB_MIN;2026;1;MIN;GB;39;22;-125
2026_01_MIA_LV;2026;1;LV;MIA;27;13;-170
2026_01_MIA_LV;2026;1;MIA;LV;13;27;142
2026_01_NE_SEA;2026;1;NE;SEA;10;13;140
2026_01_NE_SEA;2026;1;SEA;NE;13;10;-166
2026_01_NO_DET;2026;1;DET;NO;31;30;-325
2026_01_NO_DET;2026;1;NO;DET;30;31;260
2026_01_NYJ_TEN;2026;1;NYJ;TEN;23;10;-102
2026_01_NYJ_TEN;2026;1;TEN;NYJ;10;23;-118
2026_01_SF_LA;2026;1;LA;SF;7;27;-218
2026_01_SF_LA;2026;1;SF;LA;27;7;180
2026_01_TB_CIN;2026;1;CIN;TB;33;27;-205
2026_01_TB_CIN;2026;1;TB;CIN;27;33;170
2026_01_WAS_PHI;2026;1;PHI;WAS;24;22;-245
2026_01_WAS_PHI;2026;1;WAS;PHI;22;24;200
2026_02_CAR_ATL;2026;2;ATL;CAR;3;34;130
2026_02_CAR_ATL;2026;2;CAR;ATL;34;3;-155
2026_02_CIN_HOU;2026;2;CIN;HOU;20;6;124
2026_02_CIN_HOU;2026;2;HOU;CIN;6;20;-148
2026_02_CLE_TB;2026;2;CLE;TB;23;19;330
2026_02_CLE_TB;2026;2;TB;CLE;19;23;-425
2026_02_DET_BUF;2026;2;BUF;DET;41;31;-238
2026_02_DET_BUF;2026;2;DET;BUF;31;41;195
2026_02_GB_NYJ;2026;2;GB;NYJ;20;17;-185
2026_02_GB_NYJ;2026;2;NYJ;GB;17;20;154
2026_02_IND_KC;2026;2;IND;KC;30;33;215
2026_02_IND_KC;2026;2;KC;IND;33;30;-265
2026_02_JAX_DEN;2026;2;DEN;JAX;20;13;-148
2026_02_JAX_DEN;2026;2;JAX;DEN;13;20;124
2026_02_LV_LAC;2026;2;LAC;LV;14;26;-325
2026_02_LV_LAC;2026;2;LV;LAC;26;14;260
2026_02_MIA_SF;2026;2;MIA;SF;13;35;600
2026_02_MIA_SF;2026;2;SF;MIA;35;13;-900
2026_02_MIN_CHI;2026;2;CHI;MIN;3;9;-218
2026_02_MIN_CHI;2026;2;MIN;CHI;9;3;180
2026_02_NO_BAL;2026;2;BAL;NO;17;24;-375
2026_02_NO_BAL;2026;2;NO;BAL;24;17;295
2026_02_NYG_LA;2026;2;LA;NYG;28;6;-298
2026_02_NYG_LA;2026;2;NYG;LA;6;28;240
2026_02_PHI_TEN;2026;2;PHI;TEN;24;20;-325
2026_02_PHI_TEN;2026;2;TEN;PHI;20;24;260
2026_02_PIT_NE;2026;2;NE;PIT;20;3;-225
2026_02_PIT_NE;2026;2;PIT;NE;3;20;185
2026_02_SEA_ARI;2026;2;ARI;SEA;7;31;180
2026_02_SEA_ARI;2026;2;SEA;ARI;31;7;-218
2026_02_WAS_DAL;2026;2;DAL;WAS;37;20;-218
2026_02_WAS_DAL;2026;2;WAS;DAL;20;37;180
2026_03_ARI_SF;2026;3;ARI;SF;;;340
2026_03_ARI_SF;2026;3;SF;ARI;;;-440
2026_03_ATL_GB;2026;3;ATL;GB;35;14;190
2026_03_ATL_GB;2026;3;GB;ATL;14;35;-230
2026_03_BAL_DAL;2026;3;BAL;DAL;;;-166
2026_03_BAL_DAL;2026;3;DAL;BAL;;;140
2026_03_CAR_CLE;2026;3;CAR;CLE;;;-142
2026_03_CAR_CLE;2026;3;CLE;CAR;;;120
2026_03_CIN_PIT;2026;3;CIN;PIT;;;-185
2026_03_CIN_PIT;2026;3;PIT;CIN;;;154
2026_03_HOU_IND;2026;3;HOU;IND;;;-125
2026_03_HOU_IND;2026;3;IND;HOU;;;105
2026_03_KC_MIA;2026;3;KC;MIA;;;-625
2026_03_KC_MIA;2026;3;MIA;KC;;;455
2026_03_LAC_BUF;2026;3;BUF;LAC;;;-340
2026_03_LAC_BUF;2026;3;LAC;BUF;;;270
2026_03_LA_DEN;2026;3;DEN;LA;;;110
2026_03_LA_DEN;2026;3;LA;DEN;;;-130
2026_03_LV_NO;2026;3;LV;NO;;;154
2026_03_LV_NO;2026;3;NO;LV;;;-185
2026_03_MIN_TB;2026;3;MIN;TB;;;-120
2026_03_MIN_TB;2026;3;TB;MIN;;;100
2026_03_NE_JAX;2026;3;JAX;NE;;;-155
2026_03_NE_JAX;2026;3;NE;JAX;;;130
2026_03_NYJ_DET;2026;3;DET;NYJ;;;-305
2026_03_NYJ_DET;2026;3;NYJ;DET;;;245
2026_03_PHI_CHI;2026;3;CHI;PHI;;;164
2026_03_PHI_CHI;2026;3;PHI;CHI;;;-198
2026_03_SEA_WAS;2026;3;SEA;WAS;;;-410
2026_03_SEA_WAS;2026;3;WAS;SEA;;;320
2026_03_TEN_NYG;2026;3;NYG;TEN;;;-135
2026_03_TEN_NYG;2026;3;TEN;NYG;;;114
2026_04_ARI_NYG;2026;4;ARI;NYG;;;114
2026_04_ARI_NYG;2026;4;NYG;ARI;;;-135
2026_04_ATL_NO;2026;4;ATL;NO;;;146
2026_04_ATL_NO;2026;4;NO;ATL;;;-174
2026_04_DAL_HOU;2026;4;DAL;HOU;;;136
2026_04_DAL_HOU;2026;4;HOU;DAL;;;-162
2026_04_DEN_SF;2026;4;DEN;SF;;;145
2026_04_DEN_SF;2026;4;SF;DEN;;;-175
2026_04_DET_CAR;2026;4;CAR;DET;;;130
2026_04_DET_CAR;2026;4;DET;CAR;;;-155
2026_04_GB_TB;2026;4;GB;TB;;;-116
2026_04_GB_TB;2026;4;TB;GB;;;-102
2026_04_IND_WAS;2026;4;IND;WAS;;;-205
2026_04_IND_WAS;2026;4;WAS;IND;;;170
2026_04_JAX_CIN;2026;4;CIN;JAX;;;-162
2026_04_JAX_CIN;2026;4;JAX;CIN;;;136
2026_04_KC_LV;2026;4;KC;LV;;;-258
2026_04_KC_LV;2026;4;LV;KC;;;210
2026_04_LAC_SEA;2026;4;LAC;SEA;;;230
2026_04_LAC_SEA;2026;4;SEA;LAC;;;-285
2026_04_LA_PHI;2026;4;LA;PHI;;;-135
2026_04_LA_PHI;2026;4;PHI;LA;;;114
2026_04_MIA_MIN;2026;4;MIA;MIN;;;500
2026_04_MIA_MIN;2026;4;MIN;MIA;;;-700
2026_04_NE_BUF;2026;4;BUF;NE;;;-250
2026_04_NE_BUF;2026;4;NE;BUF;;;205
2026_04_NYJ_CHI;2026;4;CHI;NYJ;;;-166
2026_04_NYJ_CHI;2026;4;NYJ;CHI;;;140
2026_04_PIT_CLE;2026;4;CLE;PIT;;;124
2026_04_PIT_CLE;2026;4;PIT;CLE;;;-148
2026_04_TEN_BAL;2026;4;BAL;TEN;;;-575
2026_04_TEN_BAL;2026;4;TEN;BAL;;;425
2026_05_BAL_ATL;2026;5;ATL;BAL;;;
2026_05_BAL_ATL;2026;5;BAL;ATL;;;
2026_05_BUF_LA;2026;5;BUF;LA;;;
2026_05_BUF_LA;2026;5;LA;BUF;;;
2026_05_CHI_GB;2026;5;CHI;GB;;;
2026_05_CHI_GB;2026;5;GB;CHI;;;
2026_05_CIN_MIA;2026;5;CIN;MIA;;;
2026_05_CIN_MIA;2026;5;MIA;CIN;;;
2026_05_CLE_NYJ;2026;5;CLE;NYJ;;;
2026_05_CLE_NYJ;2026;5;NYJ;CLE;;;
2026_05_DEN_LAC;2026;5;DEN;LAC;;;
2026_05_DEN_LAC;2026;5;LAC;DEN;;;
2026_05_DET_ARI;2026;5;ARI;DET;;;
2026_05_DET_ARI;2026;5;DET;ARI;;;
2026_05_HOU_TEN;2026;5;HOU;TEN;;;
2026_05_HOU_TEN;2026;5;TEN;HOU;;;
2026_05_IND_PIT;2026;5;IND;PIT;;;
2026_05_IND_PIT;2026;5;PIT;IND;;;
2026_05_LV_NE;2026;5;LV;NE;;;
2026_05_LV_NE;2026;5;NE;LV;;;
2026_05_MIN_NO;2026;5;MIN;NO;;;
2026_05_MIN_NO;2026;5;NO;MIN;;;
2026_05_NYG_WAS;2026;5;NYG;WAS;;;
2026_05_NYG_WAS;2026;5;WAS;NYG;;;
2026_05_PHI_JAX;2026;5;JAX;PHI;;;
2026_05_PHI_JAX;2026;5;PHI;JAX;;;
2026_05_SF_SEA;2026;5;SEA;SF;;;
2026_05_SF_SEA;2026;5;SF;SEA;;;
2026_05_TB_DAL;2026;5;DAL;TB;;;
2026_05_TB_DAL;2026;5;TB;DAL;;;
2026_06_ARI_LA;2026;6;ARI;LA;;;
2026_06_ARI_LA;2026;6;LA;ARI;;;
2026_06_BAL_CLE;2026;6;BAL;CLE;;;
2026_06_BAL_CLE;2026;6;CLE;BAL;;;
2026_06_BUF_LV;2026;6;BUF;LV;;;
2026_06_BUF_LV;2026;6;LV;BUF;;;
2026_06_CAR_PHI;2026;6;CAR;PHI;;;
2026_06_CAR_PHI;2026;6;PHI;CAR;;;
2026_06_CHI_ATL;2026;6;ATL;CHI;;;
2026_06_CHI_ATL;2026;6;CHI;ATL;;;
2026_06_DAL_GB;2026;6;DAL;GB;;;
2026_06_DAL_GB;2026;6;GB;DAL;;;
2026_06_HOU_JAX;2026;6;HOU;JAX;;;
2026_06_HOU_JAX;2026;6;JAX;HOU;;;
2026_06_LAC_KC;2026;6;KC;LAC;;;
2026_06_LAC_KC;2026;6;LAC;KC;;;
2026_06_NO_NYG;2026;6;NO;NYG;;;
2026_06_NO_NYG;2026;6;NYG;NO;;;
2026_06_NYJ_NE;2026;6;NE;NYJ;;;
2026_06_NYJ_NE;2026;6;NYJ;NE;;;
2026_06_PIT_TB;2026;6;PIT;TB;;;
2026_06_PIT_TB;2026;6;TB;PIT;;;
2026_06_SEA_DEN;2026;6;DEN;SEA;;;
2026_06_SEA_DEN;2026;6;SEA;DEN;;;
2026_06_TEN_IND;2026;6;IND;TEN;;;
2026_06_TEN_IND;2026;6;TEN;IND;;;
2026_06_WAS_SF;2026;6;SF;WAS;;;
2026_06_WAS_SF;2026;6;WAS;SF;;;
2026_07_CIN_BAL;2026;7;BAL;CIN;;;
2026_07_CIN_BAL;2026;7;CIN;BAL;;;
2026_07_CLE_TEN;2026;7;CLE;TEN;;;
2026_07_CLE_TEN;2026;7;TEN;CLE;;;
2026_07_DAL_PHI;2026;7;DAL;PHI;;;
2026_07_DAL_PHI;2026;7;PHI;DAL;;;
2026_07_DEN_ARI;2026;7;ARI;DEN;;;
2026_07_DEN_ARI;2026;7;DEN;ARI;;;
2026_07_GB_DET;2026;7;DET;GB;;;
2026_07_GB_DET;2026;7;GB;DET;;;
2026_07_IND_MIN;2026;7;IND;MIN;;;
2026_07_IND_MIN;2026;7;MIN;IND;;;
2026_07_KC_SEA;2026;7;KC;SEA;;;
2026_07_KC_SEA;2026;7;SEA;KC;;;
2026_07_LA_LV;2026;7;LA;LV;;;
2026_07_LA_LV;2026;7;LV;LA;;;
2026_07_MIA_NYJ;2026;7;MIA;NYJ;;;
2026_07_MIA_NYJ;2026;7;NYJ;MIA;;;
2026_07_NE_CHI;2026;7;CHI;NE;;;
2026_07_NE_CHI;2026;7;NE;CHI;;;
2026_07_NYG_HOU;2026;7;HOU;NYG;;;
2026_07_NYG_HOU;2026;7;NYG;HOU;;;
2026_07_PIT_NO;2026;7;NO;PIT;;;
2026_07_PIT_NO;2026;7;PIT;NO;;;
2026_07_SF_ATL;2026;7;ATL;SF;;;
2026_07_SF_ATL;2026;7;SF;ATL;;;
2026_07_TB_CAR;2026;7;CAR;TB;;;
2026_07_TB_CAR;2026;7;TB;CAR;;;
2026_08_ARI_DAL;2026;8;ARI;DAL;;;
2026_08_ARI_DAL;2026;8;DAL;ARI;;;
2026_08_ATL_TB;2026;8;ATL;TB;;;
2026_08_ATL_TB;2026;8;TB;ATL;;;
2026_08_BAL_BUF;2026;8;BAL;BUF;;;
2026_08_BAL_BUF;2026;8;BUF;BAL;;;
2026_08_CAR_GB;2026;8;CAR;GB;;;
2026_08_CAR_GB;2026;8;GB;CAR;;;
2026_08_CHI_SEA;2026;8;CHI;SEA;;;
2026_08_CHI_SEA;2026;8;SEA;CHI;;;
2026_08_CLE_PIT;2026;8;CLE;PIT;;;
2026_08_CLE_PIT;2026;8;PIT;CLE;;;
2026_08_IND_JAX;2026;8;IND;JAX;;;
2026_08_IND_JAX;2026;8;JAX;IND;;;
2026_08_KC_DEN;2026;8;DEN;KC;;;
2026_08_KC_DEN;2026;8;KC;DEN;;;
2026_08_LAC_LA;2026;8;LA;LAC;;;
2026_08_LAC_LA;2026;8;LAC;LA;;;
2026_08_LV_NYJ;2026;8;LV;NYJ;;;
2026_08_LV_NYJ;2026;8;NYJ;LV;;;
2026_08_MIN_DET;2026;8;DET;MIN;;;
2026_08_MIN_DET;2026;8;MIN;DET;;;
2026_08_NE_MIA;2026;8;MIA;NE;;;
2026_08_NE_MIA;2026;8;NE;MIA;;;
2026_08_PHI_WAS;2026;8;PHI;WAS;;;
2026_08_PHI_WAS;2026;8;WAS;PHI;;;
2026_08_TEN_CIN;2026;8;CIN;TEN;;;
2026_08_TEN_CIN;2026;8;TEN;CIN;;;
2026_09_ARI_SEA;2026;9;ARI;SEA;;;
2026_09_ARI_SEA;2026;9;SEA;ARI;;;
2026_09_BUF_MIN;2026;9;BUF;MIN;;;
2026_09_BUF_MIN;2026;9;MIN;BUF;;;
2026_09_CIN_ATL;2026;9;ATL;CIN;;;
2026_09_CIN_ATL;2026;9;CIN;ATL;;;
2026_09_CLE_NO;2026;9;CLE;NO;;;
2026_09_CLE_NO;2026;9;NO;CLE;;;
2026_09_DAL_IND;2026;9;DAL;IND;;;
2026_09_DAL_IND;2026;9;IND;DAL;;;
2026_09_DEN_CAR;2026;9;CAR;DEN;;;
2026_09_DEN_CAR;2026;9;DEN;CAR;;;
2026_09_DET_MIA;2026;9;DET;MIA;;;
2026_09_DET_MIA;2026;9;MIA;DET;;;
2026_09_GB_NE;2026;9;GB;NE;;;
2026_09_GB_NE;2026;9;NE;GB;;;
2026_09_HOU_LAC;2026;9;HOU;LAC;;;
2026_09_HOU_LAC;2026;9;LAC;HOU;;;
2026_09_JAX_BAL;2026;9;BAL;JAX;;;
2026_09_JAX_BAL;2026;9;JAX;BAL;;;
2026_09_LA_WAS;2026;9;LA;WAS;;;
2026_09_LA_WAS;2026;9;WAS;LA;;;
2026_09_LV_SF;2026;9;LV;SF;;;
2026_09_LV_SF;2026;9;SF;LV;;;
2026_09_NYG_PHI;2026;9;NYG;PHI;;;
2026_09_NYG_PHI;2026;9;PHI;NYG;;;
2026_09_NYJ_KC;2026;9;KC;NYJ;;;
2026_09_NYJ_KC;2026;9;NYJ;KC;;;
2026_09_TB_CHI;2026;9;CHI;TB;;;
2026_09_TB_CHI;2026;9;TB;CHI;;;
2026_10_BUF_NYJ;2026;10;BUF;NYJ;;;
2026_10_BUF_NYJ;2026;10;NYJ;BUF;;;
2026_10_CAR_NO;2026;10;CAR;NO;;;
2026_10_CAR_NO;2026;10;NO;CAR;;;
2026_10_HOU_CLE;2026;10;CLE;HOU;;;
2026_10_HOU_CLE;2026;10;HOU;CLE;;;
2026_10_JAX_TEN;2026;10;JAX;TEN;;;
2026_10_JAX_TEN;2026;10;TEN;JAX;;;
2026_10_KC_ATL;2026;10;ATL;KC;;;
2026_10_KC_ATL;2026;10;KC;ATL;;;
2026_10_LAC_BAL;2026;10;BAL;LAC;;;
2026_10_LAC_BAL;2026;10;LAC;BAL;;;
2026_10_LA_ARI;2026;10;ARI;LA;;;
2026_10_LA_ARI;2026;10;LA;ARI;;;
2026_10_MIA_IND;2026;10;IND;MIA;;;
2026_10_MIA_IND;2026;10;MIA;IND;;;
2026_10_MIN_GB;2026;10;GB;MIN;;;
2026_10_MIN_GB;2026;10;MIN;GB;;;
2026_10_NE_DET;2026;10;DET;NE;;;
2026_10_NE_DET;2026;10;NE;DET;;;
2026_10_PIT_CIN;2026;10;CIN;PIT;;;
2026_10_PIT_CIN;2026;10;PIT;CIN;;;
2026_10_SEA_LV;2026;10;LV;SEA;;;
2026_10_SEA_LV;2026;10;SEA;LV;;;
2026_10_SF_DAL;2026;10;DAL;SF;;;
2026_10_SF_DAL;2026;10;SF;DAL;;;
2026_10_WAS_NYG;2026;10;NYG;WAS;;;
2026_10_WAS_NYG;2026;10;WAS;NYG;;;
2026_11_ARI_KC;2026;11;ARI;KC;;;
2026_11_ARI_KC;2026;11;KC;ARI;;;
2026_11_BAL_CAR;2026;11;BAL;CAR;;;
2026_11_BAL_CAR;2026;11;CAR;BAL;;;
2026_11_CIN_WAS;2026;11;CIN;WAS;;;
2026_11_CIN_WAS;2026;11;WAS;CIN;;;
2026_11_IND_HOU;2026;11;HOU;IND;;;
2026_11_IND_HOU;2026;11;IND;HOU;;;
2026_11_JAX_NYG;2026;11;JAX;NYG;;;
2026_11_JAX_NYG;2026;11;NYG;JAX;;;
2026_11_LV_DEN;2026;11;DEN;LV;;;
2026_11_LV_DEN;2026;11;LV;DEN;;;
2026_11_MIA_BUF;2026;11;BUF;MIA;;;
2026_11_MIA_BUF;2026;11;MIA;BUF;;;
2026_11_MIN_SF;2026;11;MIN;SF;;;
2026_11_MIN_SF;2026;11;SF;MIN;;;
2026_11_NO_CHI;2026;11;CHI;NO;;;
2026_11_NO_CHI;2026;11;NO;CHI;;;
2026_11_NYJ_LAC;2026;11;LAC;NYJ;;;
2026_11_NYJ_LAC;2026;11;NYJ;LAC;;;
2026_11_PIT_PHI;2026;11;PHI;PIT;;;
2026_11_PIT_PHI;2026;11;PIT;PHI;;;
2026_11_TB_DET;2026;11;DET;TB;;;
2026_11_TB_DET;2026;11;TB;DET;;;
2026_11_TEN_DAL;2026;11;DAL;TEN;;;
2026_11_TEN_DAL;2026;11;TEN;DAL;;;
2026_12_ATL_MIN;2026;12;ATL;MIN;;;
2026_12_ATL_MIN;2026;12;MIN;ATL;;;
2026_12_BAL_HOU;2026;12;BAL;HOU;;;
2026_12_BAL_HOU;2026;12;HOU;BAL;;;
2026_12_CAR_TB;2026;12;CAR;TB;;;
2026_12_CAR_TB;2026;12;TB;CAR;;;
2026_12_CHI_DET;2026;12;CHI;DET;;;
2026_12_CHI_DET;2026;12;DET;CHI;;;
2026_12_DEN_PIT;2026;12;DEN;PIT;;;
2026_12_DEN_PIT;2026;12;PIT;DEN;;;
2026_12_GB_LA;2026;12;GB;LA;;;
2026_12_GB_LA;2026;12;LA;GB;;;
2026_12_KC_BUF;2026;12;BUF;KC;;;
2026_12_KC_BUF;2026;12;KC;BUF;;;
2026_12_LV_CLE;2026;12;CLE;LV;;;
2026_12_LV_CLE;2026;12;LV;CLE;;;
2026_12_NE_LAC;2026;12;LAC;NE;;;
2026_12_NE_LAC;2026;12;NE;LAC;;;
2026_12_NO_CIN;2026;12;CIN;NO;;;
2026_12_NO_CIN;2026;12;NO;CIN;;;
2026_12_NYG_IND;2026;12;IND;NYG;;;
2026_12_NYG_IND;2026;12;NYG;IND;;;
2026_12_NYJ_MIA;2026;12;MIA;NYJ;;;
2026_12_NYJ_MIA;2026;12;NYJ;MIA;;;
2026_12_PHI_DAL;2026;12;DAL;PHI;;;
2026_12_PHI_DAL;2026;12;PHI;DAL;;;
2026_12_SEA_SF;2026;12;SEA;SF;;;
2026_12_SEA_SF;2026;12;SF;SEA;;;
2026_12_TEN_JAX;2026;12;JAX;TEN;;;
2026_12_TEN_JAX;2026;12;TEN;JAX;;;
2026_12_WAS_ARI;2026;12;ARI;WAS;;;
2026_12_WAS_ARI;2026;12;WAS;ARI;;;
2026_13_BUF_NE;2026;13;BUF;NE;;;
2026_13_BUF_NE;2026;13;NE;BUF;;;
2026_13_CAR_MIN;2026;13;CAR;MIN;;;
2026_13_CAR_MIN;2026;13;MIN;CAR;;;
2026_13_CIN_CLE;2026;13;CIN;CLE;;;
2026_13_CIN_CLE;2026;13;CLE;CIN;;;
2026_13_DAL_SEA;2026;13;DAL;SEA;;;
2026_13_DAL_SEA;2026;13;SEA;DAL;;;
2026_13_DET_ATL;2026;13;ATL;DET;;;
2026_13_DET_ATL;2026;13;DET;ATL;;;
2026_13_GB_NO;2026;13;GB;NO;;;
2026_13_GB_NO;2026;13;NO;GB;;;
2026_13_HOU_PIT;2026;13;HOU;PIT;;;
2026_13_HOU_PIT;2026;13;PIT;HOU;;;
2026_13_JAX_CHI;2026;13;CHI;JAX;;;
2026_13_JAX_CHI;2026;13;JAX;CHI;;;
2026_13_KC_LA;2026;13;KC;LA;;;
2026_13_KC_LA;2026;13;LA;KC;;;
2026_13_LAC_TB;2026;13;LAC;TB;;;
2026_13_LAC_TB;2026;13;TB;LAC;;;
2026_13_MIA_DEN;2026;13;DEN;MIA;;;
2026_13_MIA_DEN;2026;13;MIA;DEN;;;
2026_13_PHI_ARI;2026;13;ARI;PHI;;;
2026_13_PHI_ARI;2026;13;PHI;ARI;;;
2026_13_SF_NYG;2026;13;NYG;SF;;;
2026_13_SF_NYG;2026;13;SF;NYG;;;
2026_13_WAS_TEN;2026;13;TEN;WAS;;;
2026_13_WAS_TEN;2026;13;WAS;TEN;;;
2026_14_ATL_CLE;2026;14;ATL;CLE;;;
2026_14_ATL_CLE;2026;14;CLE;ATL;;;
2026_14_BUF_GB;2026;14;BUF;GB;;;
2026_14_BUF_GB;2026;14;GB;BUF;;;
2026_14_CHI_MIA;2026;14;CHI;MIA;;;
2026_14_CHI_MIA;2026;14;MIA;CHI;;;
2026_14_DEN_NYJ;2026;14;DEN;NYJ;;;
2026_14_DEN_NYJ;2026;14;NYJ;DEN;;;
2026_14_HOU_WAS;2026;14;HOU;WAS;;;
2026_14_HOU_WAS;2026;14;WAS;HOU;;;
2026_14_IND_PHI;2026;14;IND;PHI;;;
2026_14_IND_PHI;2026;14;PHI;IND;;;
2026_14_KC_CIN;2026;14;CIN;KC;;;
2026_14_KC_CIN;2026;14;KC;CIN;;;
2026_14_LAC_LV;2026;14;LAC;LV;;;
2026_14_LAC_LV;2026;14;LV;LAC;;;
2026_14_LA_SF;2026;14;LA;SF;;;
2026_14_LA_SF;2026;14;SF;LA;;;
2026_14_MIN_NE;2026;14;MIN;NE;;;
2026_14_MIN_NE;2026;14;NE;MIN;;;
2026_14_NO_CAR;2026;14;CAR;NO;;;
2026_14_NO_CAR;2026;14;NO;CAR;;;
2026_14_NYG_SEA;2026;14;NYG;SEA;;;
2026_14_NYG_SEA;2026;14;SEA;NYG;;;
2026_14_PIT_JAX;2026;14;JAX;PIT;;;
2026_14_PIT_JAX;2026;14;PIT;JAX;;;
2026_14_TB_BAL;2026;14;BAL;TB;;;
2026_14_TB_BAL;2026;14;TB;BAL;;;
2026_14_TEN_DET;2026;14;DET;TEN;;;
2026_14_TEN_DET;2026;14;TEN;DET;;;
2026_15_ATL_WAS;2026;15;ATL;WAS;;;
2026_15_ATL_WAS;2026;15;WAS;ATL;;;
2026_15_BAL_PIT;2026;15;BAL;PIT;;;
2026_15_BAL_PIT;2026;15;PIT;BAL;;;
2026_15_CHI_BUF;2026;15;BUF;CHI;;;
2026_15_CHI_BUF;2026;15;CHI;BUF;;;
2026_15_CIN_CAR;2026;15;CAR;CIN;;;
2026_15_CIN_CAR;2026;15;CIN;CAR;;;
2026_15_CLE_NYG;2026;15;CLE;NYG;;;
2026_15_CLE_NYG;2026;15;NYG;CLE;;;
2026_15_DAL_LA;2026;15;DAL;LA;;;
2026_15_DAL_LA;2026;15;LA;DAL;;;
2026_15_DEN_LV;2026;15;DEN;LV;;;
2026_15_DEN_LV;2026;15;LV;DEN;;;
2026_15_DET_MIN;2026;15;DET;MIN;;;
2026_15_DET_MIN;2026;15;MIN;DET;;;
2026_15_IND_TEN;2026;15;IND;TEN;;;
2026_15_IND_TEN;2026;15;TEN;IND;;;
2026_15_JAX_HOU;2026;15;HOU;JAX;;;
2026_15_JAX_HOU;2026;15;JAX;HOU;;;
2026_15_MIA_GB;2026;15;GB;MIA;;;
2026_15_MIA_GB;2026;15;MIA;GB;;;
2026_15_NE_KC;2026;15;KC;NE;;;
2026_15_NE_KC;2026;15;NE;KC;;;
2026_15_NO_TB;2026;15;NO;TB;;;
2026_15_NO_TB;2026;15;TB;NO;;;
2026_15_NYJ_ARI;2026;15;ARI;NYJ;;;
2026_15_NYJ_ARI;2026;15;NYJ;ARI;;;
2026_15_SEA_PHI;2026;15;PHI;SEA;;;
2026_15_SEA_PHI;2026;15;SEA;PHI;;;
2026_15_SF_LAC;2026;15;LAC;SF;;;
2026_15_SF_LAC;2026;15;SF;LAC;;;
2026_16_ARI_NO;2026;16;ARI;NO;;;
2026_16_ARI_NO;2026;16;NO;ARI;;;
2026_16_BUF_DEN;2026;16;BUF;DEN;;;
2026_16_BUF_DEN;2026;16;DEN;BUF;;;
2026_16_CAR_PIT;2026;16;CAR;PIT;;;
2026_16_CAR_PIT;2026;16;PIT;CAR;;;
2026_16_CIN_IND;2026;16;CIN;IND;;;
2026_16_CIN_IND;2026;16;IND;CIN;;;
2026_16_CLE_BAL;2026;16;BAL;CLE;;;
2026_16_CLE_BAL;2026;16;CLE;BAL;;;
2026_16_GB_CHI;2026;16;CHI;GB;;;
2026_16_GB_CHI;2026;16;GB;CHI;;;
2026_16_HOU_PHI;2026;16;HOU;PHI;;;
2026_16_HOU_PHI;2026;16;PHI;HOU;;;
2026_16_JAX_DAL;2026;16;DAL;JAX;;;
2026_16_JAX_DAL;2026;16;JAX;DAL;;;
2026_16_LAC_MIA;2026;16;LAC;MIA;;;
2026_16_LAC_MIA;2026;16;MIA;LAC;;;
2026_16_LA_SEA;2026;16;LA;SEA;;;
2026_16_LA_SEA;2026;16;SEA;LA;;;
2026_16_NE_NYJ;2026;16;NE;NYJ;;;
2026_16_NE_NYJ;2026;16;NYJ;NE;;;
2026_16_NYG_DET;2026;16;DET;NYG;;;
2026_16_NYG_DET;2026;16;NYG;DET;;;
2026_16_SF_KC;2026;16;KC;SF;;;
2026_16_SF_KC;2026;16;SF;KC;;;
2026_16_TB_ATL;2026;16;ATL;TB;;;
2026_16_TB_ATL;2026;16;TB;ATL;;;
2026_16_TEN_LV;2026;16;LV;TEN;;;
2026_16_TEN_LV;2026;16;TEN;LV;;;
2026_16_WAS_MIN;2026;16;MIN;WAS;;;
2026_16_WAS_MIN;2026;16;WAS;MIN;;;
2026_17_BAL_CIN;2026;17;BAL;CIN;;;
2026_17_BAL_CIN;2026;17;CIN;BAL;;;
2026_17_BUF_MIA;2026;17;BUF;MIA;;;
2026_17_BUF_MIA;2026;17;MIA;BUF;;;
2026_17_DEN_NE;2026;17;DEN;NE;;;
2026_17_DEN_NE;2026;17;NE;DEN;;;
2026_17_DET_CHI;2026;17;CHI;DET;;;
2026_17_DET_CHI;2026;17;DET;CHI;;;
2026_17_HOU_GB;2026;17;GB;HOU;;;
2026_17_HOU_GB;2026;17;HOU;GB;;;
2026_17_IND_CLE;2026;17;CLE;IND;;;
2026_17_IND_CLE;2026;17;IND;CLE;;;
2026_17_KC_LAC;2026;17;KC;LAC;;;
2026_17_KC_LAC;2026;17;LAC;KC;;;
2026_17_LA_TB;2026;17;LA;TB;;;
2026_17_LA_TB;2026;17;TB;LA;;;
2026_17_LV_ARI;2026;17;ARI;LV;;;
2026_17_LV_ARI;2026;17;LV;ARI;;;
2026_17_MIN_NYJ;2026;17;MIN;NYJ;;;
2026_17_MIN_NYJ;2026;17;NYJ;MIN;;;
2026_17_NO_ATL;2026;17;ATL;NO;;;
2026_17_NO_ATL;2026;17;NO;ATL;;;
2026_17_NYG_DAL;2026;17;DAL;NYG;;;
2026_17_NYG_DAL;2026;17;NYG;DAL;;;
2026_17_PHI_SF;2026;17;PHI;SF;;;
2026_17_PHI_SF;2026;17;SF;PHI;;;
2026_17_PIT_TEN;2026;17;PIT;TEN;;;
2026_17_PIT_TEN;2026;17;TEN;PIT;;;
2026_17_SEA_CAR;2026;17;CAR;SEA;;;
2026_17_SEA_CAR;2026;17;SEA;CAR;;;
2026_17_WAS_JAX;2026;17;JAX;WAS;;;
2026_17_WAS_JAX;2026;17;WAS;JAX;;;
2026_18_ATL_CAR;2026;18;ATL;CAR;;;
2026_18_ATL_CAR;2026;18;CAR;ATL;;;
2026_18_CHI_MIN;2026;18;CHI;MIN;;;
2026_18_CHI_MIN;2026;18;MIN;CHI;;;
2026_18_CLE_CIN;2026;18;CIN;CLE;;;
2026_18_CLE_CIN;2026;18;CLE;CIN;;;
2026_18_DAL_WAS;2026;18;DAL;WAS;;;
2026_18_DAL_WAS;2026;18;WAS;DAL;;;
2026_18_DET_GB;2026;18;DET;GB;;;
2026_18_DET_GB;2026;18;GB;DET;;;
2026_18_JAX_IND;2026;18;IND;JAX;;;
2026_18_JAX_IND;2026;18;JAX;IND;;;
2026_18_LAC_DEN;2026;18;DEN;LAC;;;
2026_18_LAC_DEN;2026;18;LAC;DEN;;;
2026_18_LV_KC;2026;18;KC;LV;;;
2026_18_LV_KC;2026;18;LV;KC;;;
2026_18_MIA_NE;2026;18;MIA;NE;;;
2026_18_MIA_NE;2026;18;NE;MIA;;;
2026_18_NYJ_BUF;2026;18;BUF;NYJ;;;
2026_18_NYJ_BUF;2026;18;NYJ;BUF;;;
2026_18_PHI_NYG;2026;18;NYG;PHI;;;
2026_18_PHI_NYG;2026;18;PHI;NYG;;;
2026_18_PIT_BAL;2026;18;BAL;PIT;;;
2026_18_PIT_BAL;2026;18;PIT;BAL;;;
2026_18_SEA_LA;2026;18;LA;SEA;;;
2026_18_SEA_LA;2026;18;SEA;LA;;;
2026_18_SF_ARI;2026;18;ARI;SF;;;
2026_18_SF_ARI;2026;18;SF;ARI;;;
2026_18_TB_NO;2026;18;NO;TB;;;
2026_18_TB_NO;2026;18;TB;NO;;;
2026_18_TEN_HOU;2026;18;HOU;TEN;;;
2026_18_TEN_HOU;2026;18;TEN;HOU;;;
